State,County,State2,County_ID,Pres_1860_pcDem,Pres_1860_pcRep,Pres_1860_pcSouthDem,Pres_1860_pcConstUn,Pres_1860_pcOther,Pres_1860_TotVote,Pres_1860_pcTO,Cong_1860_pcDem,Cong_1860_pcRep,Cong_1860_pcDemEq,Cong_1860_pcRepEq,Cong_1860_pcOther,Cong_1860_TotVote,Cong_1860_pcTO,Cong_1862_pcDem,Cong_1862_pcRep,Cong_1862_pcDemEq,Cong_1862_pcRepEq,Cong_1862_pcOther,Cong_1862_TotVote,Cong_1862_pcTO,Pres_1864_pcDem,Pres_1864_pcRep,Pres_1864_pcOther,Pres_1864_TotVote,Pres_1864_pcTO,Cong_1864_pcDem,Cong_1864_pcRep,Cong_1864_pcDemEq,Cong_1864_pcRepEq,Cong_1864_pcOther,Cong_1864_TotVote,Cong_1864_pcTO
Alabama,Autauga,Alabama,10,0.312,0,0.485,0.203,0,1261,0.794,,,,,0.002,,,,,,,,,,,,,,,,,,,,,
Alabama,Baldwin,Alabama,30,0.177,0,0.282,0.541,0,458,0.416,,,,,0,,,,,,,,,,,,,,,,,,,,,
Alabama,Barbour,Alabama,50,0.004,0,0.724,0.272,0,2369,0.724,,,,,0,,,,,,,,,,,,,,,,,,,,,
Alabama,Bibb,Alabama,70,0.115,0,0.454,0.431,0,1351,0.804,,,,,0.472,,,,,,,,,,,,,,,,,,,,,
Alabama,Blount,Alabama,90,0.426,0,0.525,0.049,0,1040,0.521,,,,,0.214,,,,,,,,,,,,,,,,,,,,,
Alabama,Butler,Alabama,130,0.053,0,0.435,0.512,0,2108,0.851,,,,,0,,,,,,,,,,,,,,,,,,,,,
Alabama,Calhoun/Benton,Alabama,150,0.02,0,0.849,0.132,0,2765,0.768,,,,,0,,,,,,,,,,,,,,,,,,,,,
Alabama,Chambers,Alabama,170,0.075,0,0.486,0.439,0,2093,0.845,,,,,,,,,,,,,,,,,,,,,,,,,,
Alabama,Cherokee,Alabama,190,0.091,0,0.695,0.215,0,2456,0.776,,,,,0,,,,,,,,,,,,,,,,,,,,,
Alabama,Choctaw,Alabama,230,0.135,0,0.462,0.403,0,1172,0.763,,,,,0.217,,,,,,,,,,,,,,,,,,,,,
Alabama,Clarke,Alabama,250,0.06,0,0.741,0.199,0,1284,0.737,,,,,0,,,,,,,,,,,,,,,,,,,,,
Alabama,Coffee,Alabama,310,0.002,0,0.689,0.309,0,1274,0.766,,,,,0,,,,,,,,,,,,,,,,,,,,,
Alabama,Conecuh,Alabama,350,0.23,0,0.391,0.379,0,891,0.608,,,,,0,,,,,,,,,,,,,,,,,,,,,
Alabama,Coosa,Alabama,370,0.34,0,0.375,0.285,0,2480,0.781,,,,,0.003,,,,,,,,,,,,,,,,,,,,,
Alabama,Covington,Alabama,390,0.014,0,0.486,0.5,0,832,0.733,,,,,0,,,,,,,,,,,,,,,,,,,,,
Alabama,Dale,Alabama,450,0.003,0,0.819,0.177,0,1562,0.751,,,,,0,,,,,,,,,,,,,,,,,,,,,
Alabama,Dallas,Alabama,470,0.189,0,0.465,0.346,0,1792,0.854,,,,,0,,,,,,,,,,,,,,,,,,,,,
Alabama,De Kalb,Alabama,490,0.161,0,0.676,0.163,0,1255,0.662,,,,,0,,,,,,,,,,,,,,,,,,,,,
Alabama,Fayette,Alabama,570,0.022,0,0.766,0.212,0,1695,0.728,,,,,0.304,,,,,,,,,,,,,,,,,,,,,
Alabama,Franklin,Alabama,590,0.221,0,0.434,0.344,0,2077,0.93,,,,,0.519,,,,,,,,,,,,,,,,,,,,,
Alabama,Greene,Alabama,630,0.097,0,0.43,0.473,0,1618,0.837,,,,,0.205,,,,,,,,,,,,,,,,,,,,,
Alabama,Henry,Alabama,670,0,0,0.778,0.222,0,1426,0.644,,,,,0,,,,,,,,,,,,,,,,,,,,,
Alabama,Jackson,Alabama,710,0.23,0,0.717,0.053,0,2455,0.767,,,,,0,,,,,,,,,,,,,,,,,,,,,
Alabama,Jefferson,Alabama,730,0.068,0,0.72,0.212,0,1154,0.637,,,,,0.798,,,,,,,,,,,,,,,,,,,,,
Alabama,Lauderdale,Alabama,770,0.407,0,0.364,0.229,0,1940,0.849,,,,,,,,,,,,,,,,,,,,,,,,,,
Alabama,Lawrence,Alabama,790,0.392,0,0.252,0.357,0,1471,0.921,,,,,0.817,,,,,,,,,,,,,,,,,,,,,
Alabama,Limestone,Alabama,830,0.267,0,0.43,0.303,0,1215,0.764,,,,,0.696,,,,,,,,,,,,,,,,,,,,,
Alabama,Lowndes,Alabama,850,0.034,0,0.608,0.357,0,1656,0.816,,,,,0,,,,,,,,,,,,,,,,,,,,,
Alabama,Macon,Alabama,870,0.019,0,0.485,0.496,0,2440,1.16,,,,,,,,,,,,,,,,,,,,,,,,,,
Alabama,Madison,Alabama,890,0.567,0,0.258,0.175,0,2291,0.813,,,,,0.704,,,,,,,,,,,,,,,,,,,,,
Alabama,Marengo,Alabama,910,0.048,0,0.591,0.361,0,1418,0.838,,,,,0.259,,,,,,,,,,,,,,,,,,,,,
Alabama,Marion,Alabama,930,0.05,0,0.792,0.158,0,1245,0.65,,,,,0.379,,,,,,,,,,,,,,,,,,,,,
Alabama,Marshall,Alabama,950,0.557,0,0.322,0.121,0,1369,0.674,,,,,0,,,,,,,,,,,,,,,,,,,,,
Alabama,Mobile,Alabama,970,0.365,0,0.309,0.326,0,4993,0.54,,,,,0,,,,,,,,,,,,,,,,,,,,,
Alabama,Monroe,Alabama,990,0.185,0,0.442,0.373,0,1199,0.775,,,,,,,,,,,,,,,,,,,,,,,,,,
Alabama,Montgomery,Alabama,1010,0.049,0,0.571,0.38,0,2722,0.845,,,,,0.002,,,,,,,,,,,,,,,,,,,,,
Alabama,Morgan/Cotaco,Alabama,1030,0.44,0,0.443,0.116,0,1238,0.769,,,,,,,,,,,,,,,,,,,,,,,,,,
Alabama,Perry,Alabama,1050,0.053,0,0.524,0.423,0,1874,0.848,,,,,0.415,,,,,,,,,,,,,,,,,,,,,
Alabama,Pickens,Alabama,1070,0.009,0,0.656,0.335,0,1846,0.792,,,,,0.231,,,,,,,,,,,,,,,,,,,,,
Alabama,Pike,Alabama,1090,0.029,0,0.547,0.424,0,2892,0.87,,,,,0,,,,,,,,,,,,,,,,,,,,,
Alabama,Randolph,Alabama,1110,0.131,0,0.663,0.205,0,2614,0.737,,,,,0,,,,,,,,,,,,,,,,,,,,,
Alabama,Russell,Alabama,1130,0.028,0,0.523,0.449,0,1900,0.792,,,,,,,,,,,,,,,,,,,,,,,,,,
Alabama,Shelby,Alabama,1170,0.116,0,0.53,0.354,0,1609,0.846,,,,,0.009,,,,,,,,,,,,,,,,,,,,,
Alabama,St Clair,Alabama,1150,0.174,0,0.699,0.126,0,1377,0.726,,,,,0.001,,,,,,,,,,,,,,,,,,,,,
Alabama,Sumter,Alabama,1190,0.105,0,0.528,0.366,0,1291,0.864,,,,,0.132,,,,,,,,,,,,,,,,,,,,,
Alabama,Talladega,Alabama,1210,0.03,0,0.529,0.441,0,2472,0.792,,,,,0,,,,,,,,,,,,,,,,,,,,,
Alabama,Tallapoosa,Alabama,1230,0.099,0,0.481,0.421,0,3019,0.849,,,,,,,,,,,,,,,,,,,,,,,,,,
Alabama,Tuscaloosa,Alabama,1250,0.01,0,0.538,0.452,0,2265,0.773,,,,,0.471,,,,,,,,,,,,,,,,,,,,,
Alabama,Walker,Alabama,1270,0.356,0,0.523,0.121,0,852,0.596,,,,,0.691,,,,,,,,,,,,,,,,,,,,,
Alabama,Washington,Alabama,1290,0.068,0,0.496,0.437,0,355,0.735,,,,,0,,,,,,,,,,,,,,,,,,,,,
Alabama,Wilcox,Alabama,1310,0.087,0,0.64,0.273,0,1301,0.797,,,,,0.004,,,,,,,,,,,,,,,,,,,,,
Alabama,Winston/Hancock,Alabama,1330,0.377,0,0.521,0.103,0,390,0.542,,,,,0.344,,,,,,,,,,,,,,,,,,,,,
Arkansas,Arkansas,Arkansas,10,0.061,0,0.474,0.464,0,898,0.842,0.37,0,0,0,0.63,772,0.724,,,,,,,,,,,,,,,,,,,
Arkansas,Ashley,Arkansas,30,0.013,0,0.581,0.406,0,1039,0.887,0.538,0,0,0,0.462,864,0.738,,,,,,,,,,,,,,,,,,,
Arkansas,Benton,Arkansas,70,0.197,0,0.547,0.256,0,1283,0.712,0.676,0,0,0,0.324,1520,0.844,,,,,,,,,,,,,,,,,,,
Arkansas,Bradley,Arkansas,110,0.032,0,0.571,0.397,0,1109,0.868,0.383,0,0,0,0.617,1163,0.911,,,,,,,,,,,,,,,,,,,
Arkansas,Calhoun,Arkansas,130,0.044,0,0.632,0.324,0,630,0.91,0.551,0,0,0,0.449,564,0.815,,,,,,,,,,,,,,,,,,,
Arkansas,Carroll,Arkansas,150,0.022,0,0.668,0.311,0,1185,0.672,0.875,0,0,0,0.125,1364,0.773,,,,,,,,,,,,,,,,,,,
Arkansas,Chicot,Arkansas,170,0.055,0,0.451,0.494,0,512,0.823,0.579,0,0,0,0.421,423,0.68,,,,,,,,,,,,,,,,,,,
Arkansas,Clark,Arkansas,190,0.024,0,0.602,0.374,0,1336,0.791,0.433,0,0,0,0.567,1504,0.891,,,,,,,,,,,,,,,,,,,
Arkansas,Columbia,Arkansas,270,0.082,0,0.496,0.423,0,1693,0.864,0.306,0,0,0,0.694,1701,0.868,,,,,,,,,,,,,,,,,,,
Arkansas,Conway,Arkansas,290,0.056,0,0.592,0.352,0,927,0.7,0.676,0,0,0,0.324,1121,0.847,,,,,,,,,,,,,,,,,,,
Arkansas,Craighead,Arkansas,310,0.038,0,0.6,0.363,0,532,0.798,0.755,0,0,0,0.245,636,0.954,,,,,,,,,,,,,,,,,,,
Arkansas,Crawford,Arkansas,330,0.366,0,0.25,0.384,0,975,0.664,0.834,0,0,0,0.166,1161,0.791,,,,,,,,,,,,,,,,,,,
Arkansas,Crittenden,Arkansas,350,0.334,0,0.17,0.496,0,518,0.587,0.597,0,0,0,0.403,633,0.718,,,,,,,,,,,,,,,,,,,
Arkansas,Dallas,Arkansas,390,0.059,0,0.546,0.395,0,939,0.847,0.468,0,0,0,0.532,935,0.844,,,,,,,,,,,,,,,,,,,
Arkansas,Desha,Arkansas,410,0.161,0,0.402,0.437,0,714,0.844,0.42,0,0,0,0.58,662,0.783,,,,,,,,,,,,,,,,,,,
Arkansas,Drew,Arkansas,430,0.059,0,0.545,0.395,0,1416,1.046,0.363,0,0,0,0.637,1270,0.938,,,,,,,,,,,,,,,,,,,
Arkansas,Franklin,Arkansas,470,0.044,0,0.671,0.285,0,993,0.74,0.814,0,0,0,0.186,1056,0.787,,,,,,,,,,,,,,,,,,,
Arkansas,Fulton,Arkansas,490,0.162,0,0.728,0.11,0,346,0.42,0.851,0,0,0,0.149,606,0.736,,,,,,,,,,,,,,,,,,,
Arkansas,Greene,Arkansas,550,0.11,0,0.752,0.138,0,436,0.372,0.864,0,0,0,0.136,936,0.799,,,,,,,,,,,,,,,,,,,
Arkansas,Hempstead,Arkansas,570,0.126,0,0.463,0.41,0,1645,0.812,0.556,0,0,0,0.444,1733,0.855,,,,,,,,,,,,,,,,,,,
Arkansas,Hot Spring,Arkansas,590,0.061,0,0.615,0.323,0,733,0.675,0.58,0,0,0,0.42,908,0.836,,,,,,,,,,,,,,,,,,,
Arkansas,Independence,Arkansas,630,0.148,0,0.381,0.471,0,1896,0.682,0.478,0,0,0,0.522,1913,0.688,,,,,,,,,,,,,,,,,,,
Arkansas,Izard,Arkansas,650,0.139,0,0.568,0.294,0,923,0.658,0.519,0,0,0,0.481,1062,0.757,,,,,,,,,,,,,,,,,,,
Arkansas,Jackson,Arkansas,670,0.034,0,0.496,0.47,0,1537,0.757,0.667,0,0,0,0.333,1517,0.747,,,,,,,,,,,,,,,,,,,
Arkansas,Jefferson,Arkansas,690,0.259,0,0.389,0.352,0,1706,0.891,0.389,0,0,0,0.611,1615,0.844,,,,,,,,,,,,,,,,,,,
Arkansas,Johnson,Arkansas,710,0.014,0,0.777,0.209,0,1004,0.743,0.882,0,0,0,0.118,1152,0.852,,,,,,,,,,,,,,,,,,,
Arkansas,Lafayette,Arkansas,730,0.014,0,0.618,0.368,0,787,0.769,0.406,0,0,0,0.594,800,0.782,,,,,,,,,,,,,,,,,,,
Arkansas,Lawrence,Arkansas,750,0.062,0,0.615,0.322,0,1472,0.801,0.544,0,0,0,0.456,1597,0.869,,,,,,,,,,,,,,,,,,,
Arkansas,Madison,Arkansas,870,0.082,0,0.716,0.201,0,874,0.607,0.83,0,0,0,0.17,1151,0.799,,,,,,,,,,,,,,,,,,,
Arkansas,Marion,Arkansas,890,0.078,0,0.64,0.282,0,823,0.663,0.789,0,0,0,0.211,930,0.749,,,,,,,,,,,,,,,,,,,
Arkansas,Mississippi,Arkansas,930,0.258,0,0.238,0.504,0,349,0.603,0.557,0,0,0,0.443,406,0.701,,,,,,,,,,,,,,,,,,,
Arkansas,Monroe,Arkansas,950,0.078,0,0.473,0.449,0,637,0.726,0.478,0,0,0,0.522,696,0.794,,,,,,,,,,,,,,,,,,,
Arkansas,Montgomery,Arkansas,970,0.009,0,0.849,0.142,0,424,0.61,0.361,0,0,0,0.639,615,0.885,,,,,,,,,,,,,,,,,,,
Arkansas,Newton,Arkansas,1010,0.047,0,0.786,0.167,0,401,0.632,0.881,0,0,0,0.119,544,0.858,,,,,,,,,,,,,,,,,,,
Arkansas,Ouachita,Arkansas,1030,0.046,0,0.519,0.435,0,1790,0.838,0.52,0,0,0,0.48,1507,0.706,,,,,,,,,,,,,,,,,,,
Arkansas,Perry,Arkansas,1050,0.178,0,0.53,0.292,0,281,0.587,0.607,0,0,0,0.393,387,0.808,,,,,,,,,,,,,,,,,,,
Arkansas,Phillips,Arkansas,1070,0.048,0,0.481,0.471,0,1287,0.726,0.412,0,0,0,0.588,1314,0.742,,,,,,,,,,,,,,,,,,,
Arkansas,Pike,Arkansas,1090,0.182,0,0.697,0.121,0,422,0.559,0.367,0,0,0,0.633,664,0.879,,,,,,,,,,,,,,,,,,,
Arkansas,Poinsett,Arkansas,1110,0.13,0,0.62,0.25,0,408,0.699,0.823,0,0,0,0.177,462,0.791,,,,,,,,,,,,,,,,,,,
Arkansas,Polk,Arkansas,1130,0.096,0,0.867,0.038,0,293,0.35,0.349,0,0,0,0.651,650,0.777,,,,,,,,,,,,,,,,,,,
Arkansas,Pope,Arkansas,1150,0.011,0,0.619,0.37,0,1071,0.743,0.667,0,0,0,0.333,1070,0.742,,,,,,,,,,,,,,,,,,,
Arkansas,Prairie,Arkansas,1170,0.079,0,0.468,0.453,0,1437,0.927,0.319,0,0,0,0.681,1338,0.863,,,,,,,,,,,,,,,,,,,
Arkansas,Pulaski,Arkansas,1190,0.091,0,0.433,0.476,0,1890,0.784,0.544,0,0,0,0.456,1495,0.62,,,,,,,,,,,,,,,,,,,
Arkansas,Randolph,Arkansas,1210,,,,,,,,0.838,,,,0.162,967,0.739,,,,,,,,,,,,,,,,,,,
Arkansas,Saline,Arkansas,1250,0.051,0,0.591,0.358,0,941,0.753,0.51,0,0,0,0.49,1158,0.927,,,,,,,,,,,,,,,,,,,
Arkansas,Scott,Arkansas,1270,0.123,0,0.61,0.267,0,595,0.592,0.265,0,0,0,0.735,859,0.855,,,,,,,,,,,,,,,,,,,
Arkansas,Searcy,Arkansas,1290,0.198,0,0.468,0.334,0,590,0.609,0.501,0,0,0,0.499,735,0.759,,,,,,,,,,,,,,,,,,,
Arkansas,Sebastian,Arkansas,1310,0.222,0,0.4,0.378,0,1438,0.711,0.325,0,0,0,0.675,1663,0.822,,,,,,,,,,,,,,,,,,,
Arkansas,Sevier,Arkansas,1330,0.087,0,0.618,0.296,0,1221,0.751,0.424,0,0,0,0.576,1390,0.855,,,,,,,,,,,,,,,,,,,
Arkansas,St Francis,Arkansas,1230,0.253,0,0.374,0.373,0,1111,0.72,0.45,0,0,0,0.55,1303,0.844,,,,,,,,,,,,,,,,,,,
Arkansas,Union,Arkansas,1390,0.052,0,0.505,0.443,0,1498,1.03,0.455,0,0,0,0.545,1243,0.855,,,,,,,,,,,,,,,,,,,
Arkansas,Van Buren,Arkansas,1410,0.064,0,0.628,0.309,0,803,0.727,0.735,0,0,0,0.265,860,0.779,,,,,,,,,,,,,,,,,,,
Arkansas,Washington,Arkansas,1430,0.113,0,0.477,0.409,0,2153,0.792,0.708,0,0,0,0.292,2268,0.835,,,,,,,,,,,,,,,,,,,
Arkansas,White,Arkansas,1450,0.106,0,0.455,0.44,0,1324,0.824,0.455,0,0,0,0.545,1466,0.912,,,,,,,,,,,,,,,,,,,
Arkansas,Yell,Arkansas,1490,0.072,0,0.588,0.341,0,907,0.743,0.667,0,0,0,0.333,997,0.817,,,,,,,,,,,,,,,,,,,
California,Alameda,California,10,0.246,0.494,0.231,0.03,0,2091,,0,0.653,0.347,0,0,2650,,0.354,0.646,0,0,0,2208,,0.356,0.644,0,2278,,0.353,0.647,0,0,0,2255,
California,Alpine,California,30,,,,,,,,,,,,,,,,,,,,,,0.373,0.627,0,612,,0.369,0.631,0,0,0,607,
California,Amador,California,50,0.468,0.25,0.237,0.045,0,3984,,0,0.262,0.522,0,0.215,4042,,0.475,0.525,0,0,0,4301,,0.463,0.537,0,2591,,0.463,0.537,0,0,0,2590,
California,Butte,California,70,0.339,0.324,0.264,0.074,0,4436,,0,0.272,0.397,0,0.331,5723,,0.439,0.561,0,0,0,3364,,0.391,0.609,0,2855,,0.394,0.606,0,0,0,2819,
California,Calaveras,California,90,0.39,0.204,0.357,0.05,0,4814,,0,0.224,0.482,0,0.294,6929,,0.467,0.533,0,0,0,4283,,0.43,0.57,0,3633,,0.432,0.568,0,0,0,3621,
California,Colusa,California,110,0.247,0.271,0.405,0.077,0,952,,0,0.23,0.437,0,0.334,1385,,0.537,0.463,0,0,0,1038,,0.608,0.392,0,699,,0.605,0.395,0,0,0,696,
California,Contra Costa,California,130,0.268,0.394,0.252,0.087,0,1550,,0,0.276,0.224,0,0.501,3135,,0.333,0.667,0,0,0,1595,,0.354,0.646,0,1479,,0.353,0.647,0,0,0,1480,
California,Del Norte,California,150,0.17,0.336,0.419,0.075,0,518,,0,0.295,0.57,0,0.135,577,,0.451,0.549,0,0,0,335,,0.454,0.546,0,306,,0.458,0.542,0,0,0,306,
California,El Dorado,California,170,0.382,0.301,0.269,0.047,0,7045,,0,0.206,0.288,0,0.506,11958,,0.396,0.604,0,0,0,5328,,0.418,0.582,0,5066,,0.419,0.581,0,0,0,5052,
California,Fresno,California,190,0.047,0.113,0.579,0.262,0,470,,0,0.06,0.524,0,0.416,904,,0.82,0.18,0,0,0,462,,0.796,0.204,0,451,,0.8,0.2,0,0,0,449,
California,Humboldt,California,230,0.432,0.324,0.225,0.019,0,1031,,0,0.2,0.298,0,0.502,1810,,0.27,0.73,0,0,0,698,,0.382,0.618,0,685,,0.379,0.621,0,0,0,665,
California,Klamath,California,315,0.564,0.138,0.244,0.054,0,668,,0,0.136,0.435,0,0.429,1305,,0.493,0.507,0,0,0,401,,0.467,0.533,0,261,,0.48,0.52,0,0,0,256,
California,Lake,California,330,,,,,,,,0,0.157,0.449,0,0.393,572,,,,,,,,,0.655,0.345,0,618,,0.653,0.347,0,0,0,606,
California,Lassen,California,350,,,,,,,,,,,,,,,,,,,,,,0.426,0.574,0,554,,0.419,0.581,0,0,0,556,
California,Los Angeles,California,370,0.282,0.203,0.401,0.115,0,1754,,0,0.108,0.437,0,0.455,3864,,0.571,0.429,0,0,0,1714,,0.573,0.427,0,1299,,0.575,0.425,0,0,0,1292,
California,Marin,California,410,0.278,0.402,0.282,0.037,0,1014,,0,0.344,0.331,0,0.325,1666,,0.437,0.563,0,0,0,1125,,0.375,0.625,0,1096,,0.373,0.627,0,0,0,1092,
California,Mariposa,California,430,0.26,0.139,0.433,0.169,0,1884,,0,0.133,0.448,0,0.418,3166,,0.521,0.479,0,0,0,1754,,0.523,0.477,0,1609,,0.525,0.475,0,0,0,1608,
California,Mendocino,California,450,0.222,0.187,0.471,0.11,0.01,1058,,0,0.272,0.478,0,0.249,1716,,0.463,0.537,0,0,0,1194,,0.575,0.425,0,1354,,0.582,0.418,0,0,0,1331,
California,Merced,California,470,0.133,0.107,0.596,0.164,0,391,,0,0.055,0.487,0,0.457,921,,0.771,0.229,0,0,0,423,,0.752,0.248,0,290,,0.751,0.249,0,0,0,293,
California,Mono,California,510,,,,,,,,0,0.207,0.436,0,0.357,1580,,0.399,0.601,0,0,0,1736,,0.452,0.548,0,305,,0.449,0.551,0,0,0,301,
California,Monterey,California,530,0.296,0.388,0.306,0.006,0.004,791,,0,0.251,0.258,0,0.492,1994,,0.49,0.509,0,0,0.001,1033,,0.467,0.533,0,779,,0.467,0.533,0,0,0,778,
California,Napa,California,550,0.292,0.248,0.38,0.08,0,1773,,0,0.208,0.305,0,0.487,3227,,0.415,0.585,0,0,0,1553,,0.447,0.553,0,1327,,0.449,0.551,0,0,0,1314,
California,Nevada,California,570,0.34,0.365,0.237,0.058,0,6957,,0,0.368,0.415,0,0.218,8343,,0.37,0.63,0,0,0,4623,,0.392,0.608,0,4576,,0.392,0.608,0,0,0,4575,
California,Placer,California,610,0.319,0.299,0.249,0.133,0,5821,,0,0.266,0.306,0,0.428,7558,,0.428,0.572,0,0,0,3597,,0.391,0.609,0,3781,,0.387,0.613,0,0,0,3768,
California,Plumas,California,630,0.31,0.282,0.279,0.13,0,1625,,0,0.228,0.39,0,0.382,2839,,0.374,0.626,0,0,0,2040,,0.447,0.553,0,1496,,0.448,0.552,0,0,0,1491,
California,Sacramento,California,670,0.376,0.354,0.224,0.047,0,7541,,0,0.225,0.265,0,0.51,13428,,0.346,0.654,0,0,0,5474,,0.297,0.703,0,5946,,0.298,0.702,0,0,0,5943,
California,San Bernardino,California,710,0.273,0.374,0.233,0.12,0,820,,0,0.163,0.416,0,0.42,1713,,0.493,0.507,0,0,0,732,,0.669,0.331,0,737,,0.669,0.331,0,0,0,732,
California,San Diego,California,730,0.109,0.305,0.556,0.03,0,266,,0,0.235,0.526,0,0.239,355,,0.524,0.476,0,0,0,248,,0.67,0.33,0,294,,0.672,0.328,0,0,0,290,
California,San Francisco,California,750,0.281,0.475,0.178,0.066,0,14355,,0,0.355,0.135,0,0.509,29173,,0.356,0.644,0,0,0,14665,,0.398,0.602,0,20996,,0.398,0.602,0,0,0,20894,
California,San Joaquin,California,770,0.213,0.329,0.399,0.058,0,3435,,0,0.223,0.309,0,0.467,7854,,0.422,0.578,0,0,0,3447,,0.436,0.564,0,3275,,0.436,0.564,0,0,0,3251,
California,San Luis Obispo,California,790,0.284,0.351,0.365,0,0,422,,0,0.205,0.403,0,0.391,846,,0.431,0.569,0,0,0,477,,0.366,0.634,0,407,,0.369,0.631,0,0,0,401,
California,San Mateo,California,810,0.492,0.353,0.118,0.037,0,1102,,0,0.311,0.169,0,0.519,2184,,0.219,0.781,0,0,0,1180,,0.387,0.613,0,975,,0.382,0.618,0,0,0,966,
California,Santa Barbara,California,830,0.643,0.097,0.259,0,0,474,,0,0.125,0.368,0,0.507,906,,0.163,0.837,0,0,0,623,,0.191,0.809,0,423,,0.215,0.785,0,0,0,386,
California,Santa Clara,California,850,0.277,0.461,0.227,0.034,0,3176,,0,0.268,0.247,0,0.484,7091,,0.427,0.573,0,0,0,3551,,0.384,0.616,0,3133,,0.384,0.616,0,0,0,3131,
California,Santa Cruz,California,870,0.204,0.479,0.226,0.091,0,1404,,0,0.33,0.202,0,0.468,2669,,0.299,0.701,0,0,0,1303,,0.318,0.682,0,1423,,0.317,0.683,0,0,0,1428,
California,Shasta,California,890,0.457,0.194,0.244,0.105,0,2393,,0,0.121,0.367,0,0.511,4408,,0.394,0.606,0,0,0,1547,,0.382,0.618,0,1470,,0.384,0.616,0,0,0,1470,
California,Sierra,California,910,0.325,0.309,0.284,0.082,0,4746,,0,0.267,0.474,0,0.259,6106,,0.351,0.649,0,0,0,3669,,0.336,0.664,0,3087,,0.335,0.665,0,0,0,3086,
California,Siskiyou,California,930,0.403,0.256,0.203,0.139,0,3729,,0,0.228,0.388,0,0.384,4676,,0.486,0.514,0,0,0,2046,,0.509,0.491,0,1882,,0.508,0.492,0,0,0,1871,
California,Solano,California,950,0.259,0.293,0.322,0.126,0,2322,,0,0.264,0.255,0,0.481,4932,,0.395,0.605,0,0,0,2627,,0.42,0.58,0,2163,,0.419,0.581,0,0,0,2143,
California,Soldier Vote,California,9999,,,,,,,,,,,,,,,0.025,0.975,0,0,0,4271,,0.083,0.917,0,2833,,0.072,0.928,0,0,0,3673,
California,Sonoma,California,970,0.163,0.328,0.389,0.12,0,3764,,0,0.205,0.331,0,0.464,7481,,0.504,0.496,0,0,0,3406,,0.536,0.464,0,4362,,0.538,0.462,0,0,0,4342,
California,Stanislaus,California,990,0.258,0.186,0.482,0.075,0,899,,0,0.124,0.402,0,0.474,1811,,0.534,0.466,0,0,0,746,,0.555,0.445,0,623,,0.556,0.444,0,0,0,621,
California,Sutter,California,1010,0.332,0.305,0.332,0.031,0,1324,,0,0.199,0.387,0,0.413,2716,,0.484,0.516,0,0,0,1391,,0.463,0.537,0,1260,,0.465,0.535,0,0,0,1255,
California,Tehama,California,1030,0.392,0.193,0.242,0.173,0,1264,,0,0.136,0.372,0,0.492,2552,,0.452,0.548,0,0,0,984,,0.431,0.569,0,844,,0.428,0.572,0,0,0,843,
California,Trinity,California,1050,0.412,0.276,0.24,0.071,0,2147,,0,0.218,0.409,0,0.373,3396,,0.427,0.573,0,0,0,1384,,0.414,0.586,0,1113,,0.414,0.586,0,0,0,1109,
California,Tulare,California,1070,0.159,0.099,0.433,0.309,0,1324,,0,0.065,0.507,0,0.428,2211,,0.539,0.461,0,0,0,1323,,0.547,0.453,0,1164,,,,0,0,0,,
California,Tuolumne,California,1090,0.271,0.295,0.367,0.067,0,5541,,0,0.273,0.486,0,0.241,6249,,0.502,0.498,0,0,0,3670,,0.497,0.503,0,3152,,0.495,0.505,0,0,0,3129,
California,Yolo,California,1130,0.284,0.315,0.357,0.043,0,1696,,0,0.213,0.361,0,0.426,3272,,0.468,0.532,0,0,0,1631,,0.422,0.578,0,1126,,0.422,0.578,0,0,0,1126,
California,Yuba,California,1150,0.269,0.329,0.371,0.031,0,5056,,0,0.218,0.292,0,0.489,8726,,0.4,0.6,0,0,0,3363,,0.417,0.583,0,3202,,0.416,0.584,0,0,0,3193,
Connecticut,Fairfield,Connecticut,10,0.109,0.672,0.194,0.024,0,10454,0.508,0.526,0.474,0,0,0,14064,0.667,0.508,0.492,0,0,0,13098,0.592,0.494,0.506,0,14561,0.644,0.437,0.563,0,0,0,12196,0.528
Connecticut,Hartford,Connecticut,30,0.215,0.561,0.204,0.02,0,15156,0.593,0.509,0.491,0,0,0,16782,0.642,0.5,0.5,0,0,0,16379,0.6,0.5,0.5,0,17373,0.623,0.437,0.563,0,0,0,14585,0.512
Connecticut,Litchfield,Connecticut,50,0.212,0.59,0.192,0.005,0,8150,0.617,0.464,0.536,0,0,0,9343,0.704,0.469,0.531,0,0,0,9042,0.675,0.47,0.53,0,9401,0.699,0.436,0.564,0,0,0,8663,0.641
Connecticut,Middlesex,Connecticut,70,0.214,0.524,0.242,0.02,0,5510,0.645,0.524,0.476,0,0,0,6263,0.727,0.501,0.499,0,0,0,5751,0.656,0.5,0.5,0,6220,0.703,0.431,0.569,0,0,0,5281,0.591
Connecticut,New Haven,Connecticut,90,0.177,0.524,0.264,0.035,0,16540,0.606,0.522,0.478,0,0,0,17623,0.625,0.531,0.469,0,0,0,16119,0.537,0.524,0.476,0,18399,0.595,0.468,0.532,0,0,0,15476,0.487
Connecticut,New London,Connecticut,110,0.274,0.577,0.126,0.022,0,9481,0.542,0.453,0.547,0,0,0,9784,0.55,0.452,0.548,0,0,0,9732,0.529,0.465,0.535,0,10581,0.566,0.373,0.627,0,0,0,8223,0.433
Connecticut,Tolland,Connecticut,130,0.276,0.604,0.116,0.004,0,4130,0.697,0.453,0.547,0,0,0,4482,0.753,0.463,0.537,0,0,0,4272,0.711,0.47,0.53,0,4582,0.76,0.407,0.593,0,0,0,4067,0.671
Connecticut,Windham,Connecticut,150,0.27,0.67,0.056,0.004,0,5398,0.576,0.382,0.618,0,0,0,5413,0.571,0.359,0.641,0,0,0,5527,0.571,0.372,0.628,0,5841,0.598,0.273,0.727,0,0,0,4692,0.475
Delaware,Kent,Delaware,10,0.036,0.267,0.518,0.179,0,4019,0.805,0.02,0.442,0.538,0,0,3955,0.792,0,0,0,0.446,0.554,4191,0.799,0.593,0.407,0,4054,0.737,0.587,0,0,0.413,0,4082,0.742
Delaware,New Castle,Delaware,30,0.098,0.281,0.407,0.214,0,7372,0.619,0.077,0.503,0.42,0,0,7357,0.617,0,0,0,0.538,0.462,7117,0.567,0.471,0.529,0,8087,0.612,0.471,0,0,0.529,0,8095,0.613
Delaware,Sussex,Delaware,50,0.043,0.143,0.477,0.337,0,4724,0.855,0.025,0.489,0.486,0,0,4656,0.843,0,0,0,0.488,0.512,4757,0.837,0.534,0.466,0,4781,0.818,0.527,0,0,0.473,0,4838,0.828
Florida,Alachua,Florida,10,0.007,0,0.725,0.268,0,727,0.789,0.747,0,0,0,0.253,691,0.749,,,,,,,,,,,,,,,,,,,
Florida,Brevard/St Lucie,Florida,90,0,0,1,0,0,8,0.127,,0,0,0,,,,,,,,,,,,,,,,,,,,,,
Florida,Calhoun,Florida,130,0,0,0.864,0.136,0,66,0.353,0.88,0,0,0,0.12,100,0.535,,,,,,,,,,,,,,,,,,,
Florida,Clay,Florida,190,0,0,0.333,0.667,0,171,0.592,0.436,0,0,0,0.564,195,0.675,,,,,,,,,,,,,,,,,,,
Florida,Columbia,Florida,230,0.005,0,0.652,0.343,0,623,1.003,0.483,0,0,0,0.517,491,0.791,,,,,,,,,,,,,,,,,,,
Florida,Dade,Florida,250,0,0,1,0,0,16,0.432,,0,0,0,,,,,,,,,,,,,,,,,,,,,,
Florida,Duval,Florida,310,0.086,0,0.584,0.329,0,592,0.751,0.535,0,0,0,0.465,492,0.624,,,,,,,,,,,,,,,,,,,
Florida,Escambia,Florida,330,0.146,0,0.288,0.566,0,666,0.582,0.307,0,0,0,0.693,563,0.492,,,,,,,,,,,,,,,,,,,
Florida,Franklin,Florida,370,0,0,0.823,0.177,0,345,0.846,0.852,0,0,0,0.148,182,0.446,,,,,,,,,,,,,,,,,,,
Florida,Gadsden,Florida,390,0,0,0.505,0.495,0,776,0.845,0.49,0,0,0,0.51,790,0.861,,,,,,,,,,,,,,,,,,,
Florida,Hamilton,Florida,470,0.061,0,0.645,0.294,0,377,0.611,0.584,0,0,0,0.416,423,0.686,,,,,,,,,,,,,,,,,,,
Florida,Hernando/Benton,Florida,530,0.006,0,0.834,0.16,0,181,,0.72,0,0,0,0.28,300,,,,,,,,,,,,,,,,,,,,
Florida,Hillsborough,Florida,570,0,0,0.835,0.165,0,363,0.638,0.904,0,0,0,0.096,384,0.675,,,,,,,,,,,,,,,,,,,
Florida,Holmes,Florida,590,0,0,0.608,0.392,0,189,0.685,0.469,0,0,0,0.531,160,0.58,,,,,,,,,,,,,,,,,,,
Florida,Jackson,Florida,630,0,0,0.526,0.474,0,974,0.811,0.519,0,0,0,0.481,985,0.82,,,,,,,,,,,,,,,,,,,
Florida,Jefferson,Florida,650,0,0,0.755,0.245,0,645,0.837,0.744,0,0,0,0.256,605,0.785,,,,,,,,,,,,,,,,,,,
Florida,Lafayette,Florida,670,0,0,0.548,0.452,0,177,0.565,0.556,0,0,0,0.444,198,0.633,,,,,,,,,,,,,,,,,,,
Florida,Leon,Florida,730,0.001,0,0.63,0.369,0,765,0.874,0.563,0,0,0,0.437,759,0.867,,,,,,,,,,,,,,,,,,,
Florida,Levy,Florida,750,0,0,0.806,0.194,0,242,0.754,0.693,0,0,0,0.307,261,0.813,,,,,,,,,,,,,,,,,,,
Florida,Liberty,Florida,770,0,0,0.497,0.503,0,149,0.706,0.514,0,0,0,0.486,181,0.858,,,,,,,,,,,,,,,,,,,
Florida,Madison,Florida,790,0,0,0.663,0.337,0,670,0.861,0.645,0,0,0,0.355,654,0.841,,,,,,,,,,,,,,,,,,,
Florida,Manatee,Florida,810,0,0,1,0,0,50,0.342,0.94,0,0,0,0.06,84,0.575,,,,,,,,,,,,,,,,,,,
Florida,Marion,Florida,830,0.002,0,0.836,0.162,0,611,0.709,0.734,0,0,0,0.266,593,0.688,,,,,,,,,,,,,,,,,,,
Florida,Monroe,Florida,870,0,0,0.782,0.218,0,280,0.372,0.78,0,0,0,0.22,200,0.266,,,,,,,,,,,,,,,,,,,
Florida,Nassau,Florida,890,0.003,0,0.778,0.219,0,374,0.636,0.818,0,0,0,0.182,308,0.524,,,,,,,,,,,,,,,,,,,
Florida,Orange/Mosquito,Florida,950,0.074,0,0.377,0.549,0,122,0.659,0.36,0,0,0,0.64,161,0.87,,,,,,,,,,,,,,,,,,,
Florida,Putnam,Florida,1070,0,0,0.649,0.351,0,185,0.44,0.633,0,0,0,0.367,256,0.61,,,,,,,,,,,,,,,,,,,
Florida,Santa Rosa,Florida,1130,0.024,0,0.383,0.592,0,694,0.679,0.443,0,0,0,0.557,567,0.555,,,,,,,,,,,,,,,,,,,
Florida,St Johns,Florida,1090,0,0,0.74,0.26,0,285,0.658,0.678,0,0,0,0.322,298,0.688,,,,,,,,,,,,,,,,,,,
Florida,Sumter,Florida,1190,0.006,0,0.699,0.295,0,156,0.672,0.597,0,0,0,0.403,181,0.78,,,,,,,,,,,,,,,,,,,
Florida,Suwannee,Florida,1210,0.017,0,0.49,0.493,0,294,0.87,0.496,0,0,0,0.504,272,0.805,,,,,,,,,,,,,,,,,,,
Florida,Taylor,Florida,1230,0,0,0.579,0.421,0,152,0.591,0.506,0,0,0,0.494,170,0.661,,,,,,,,,,,,,,,,,,,
Florida,Volusia,Florida,1270,0,0,0.802,0.198,0,86,0.417,0.69,0,0,0,0.31,71,0.345,,,,,,,,,,,,,,,,,,,
Florida,Wakulla,Florida,1290,0.004,0,0.625,0.371,0,280,0.725,0.547,0,0,0,0.453,316,0.819,,,,,,,,,,,,,,,,,,,
Florida,Walton,Florida,1310,0,0,0.482,0.518,0,334,0.597,0.52,0,0,0,0.48,404,0.723,,,,,,,,,,,,,,,,,,,
Florida,Washington,Florida,1330,0,0,0.712,0.288,0,212,0.611,0.675,0,0,0,0.325,255,0.735,,,,,,,,,,,,,,,,,,,
Georgia,Appling,Georgia,10,0.002,0,0.717,0.28,0,400,0.607,,,,,,,,,,,,,,,,,,,,,,,,,,
Georgia,Baker,Georgia,70,0.005,0,0.694,0.3,0,373,1.014,,,,,,,,,,,,,,,,,,,,,,,,,,
Georgia,Baldwin,Georgia,90,0.102,0,0.473,0.425,0,931,0.759,,,,,,,,,,,,,,,,,,,,,,,,,,
Georgia,Banks,Georgia,110,0.018,0,0.819,0.163,0,569,0.748,,,,,,,,,,,,,,,,,,,,,,,,,,
Georgia,Berrien,Georgia,190,0.002,0,0.59,0.409,0,536,0.923,,,,,,,,,,,,,,,,,,,,,,,,,,
Georgia,Bibb,Georgia,210,0.152,0,0.406,0.442,0,2001,0.768,,,,,,,,,,,,,,,,,,,,,,,,,,
Georgia,Brooks,Georgia,270,0.006,0,0.541,0.452,0,621,0.87,,,,,,,,,,,,,,,,,,,,,,,,,,
Georgia,Bryan,Georgia,290,0.004,0,0.717,0.279,0,269,0.749,,,,,,,,,,,,,,,,,,,,,,,,,,
Georgia,Bulloch,Georgia,310,0.002,0,0.986,0.012,0,575,0.826,,,,,,,,,,,,,,,,,,,,,,,,,,
Georgia,Burke,Georgia,330,0.273,0,0.501,0.226,0,934,0.796,,,,,,,,,,,,,,,,,,,,,,,,,,
Georgia,Butts,Georgia,350,0.045,0,0.511,0.445,0,605,0.818,,,,,,,,,,,,,,,,,,,,,,,,,,
Georgia,Calhoun,Georgia,370,0.018,0,0.689,0.293,0,334,0.823,,,,,,,,,,,,,,,,,,,,,,,,,,
Georgia,Camden,Georgia,390,0,0,0.855,0.145,0,242,0.781,,,,,,,,,,,,,,,,,,,,,,,,,,
Georgia,Campbell,Georgia,410,0.012,0,0.648,0.34,0,1211,0.904,,,,,,,,,,,,,,,,,,,,,,,,,,
Georgia,Carroll,Georgia,450,0.016,0,0.707,0.277,0,1831,0.898,,,,,,,,,,,,,,,,,,,,,,,,,,
Georgia,Catoosa,Georgia,470,0.093,0,0.481,0.426,0,794,0.879,,,,,,,,,,,,,,,,,,,,,,,,,,
Georgia,Charlton,Georgia,490,0.011,0,0.758,0.231,0,186,0.738,,,,,,,,,,,,,,,,,,,,,,,,,,
Georgia,Chatham,Georgia,510,0.119,0,0.671,0.21,0,2700,0.505,,,,,,,,,,,,,,,,,,,,,,,,,,
Georgia,Chattahoochee,Georgia,530,0.035,0,0.553,0.412,0,548,0.86,,,,,,,,,,,,,,,,,,,,,,,,,,
Georgia,Chattooga,Georgia,550,0.174,0,0.328,0.498,0,875,0.805,,,,,,,,,,,,,,,,,,,,,,,,,,
Georgia,Cherokee,Georgia,570,0.1,0,0.592,0.308,0,1447,0.699,,,,,,,,,,,,,,,,,,,,,,,,,,
Georgia,Clarke,Georgia,590,0.048,0,0.375,0.577,0,1205,0.974,,,,,,,,,,,,,,,,,,,,,,,,,,
Georgia,Clay,Georgia,610,0.022,0,0.526,0.452,0,544,0.925,,,,,,,,,,,,,,,,,,,,,,,,,,
Georgia,Clayton,Georgia,630,0.168,0,0.322,0.51,0,612,0.897,,,,,,,,,,,,,,,,,,,,,,,,,,
Georgia,Clinch,Georgia,650,0.026,0,0.507,0.467,0,227,0.427,,,,,,,,,,,,,,,,,,,,,,,,,,
Georgia,Cobb,Georgia,670,0.023,0,0.671,0.306,0,2038,0.939,,,,,,,,,,,,,,,,,,,,,,,,,,
Georgia,Coffee,Georgia,690,0.102,0,0.679,0.219,0,137,0.319,,,,,,,,,,,,,,,,,,,,,,,,,,
Georgia,Colquitt,Georgia,710,0.005,0,0.628,0.366,0,183,0.718,,,,,,,,,,,,,,,,,,,,,,,,,,
Georgia,Columbia,Georgia,730,0.474,0,0.087,0.439,0,766,0.904,,,,,,,,,,,,,,,,,,,,,,,,,,
Georgia,Coweta,Georgia,770,0.038,0,0.603,0.359,0,1485,0.892,,,,,,,,,,,,,,,,,,,,,,,,,,
Georgia,Crawford,Georgia,790,0.004,0,0.665,0.331,0,568,0.753,,,,,,,,,,,,,,,,,,,,,,,,,,
Georgia,Dade,Georgia,830,0.05,0,0.564,0.386,0,459,0.783,,,,,,,,,,,,,,,,,,,,,,,,,,
Georgia,Dawson,Georgia,850,0.126,0,0.687,0.187,0,492,0.698,,,,,,,,,,,,,,,,,,,,,,,,,,
Georgia,De Kalb,Georgia,890,0.057,0,0.57,0.372,0,1115,0.862,,,,,,,,,,,,,,,,,,,,,,,,,,
Georgia,Decatur,Georgia,870,0.001,0,0.527,0.472,0,1100,0.808,,,,,,,,,,,,,,,,,,,,,,,,,,
Georgia,Dooly,Georgia,930,0.045,0,0.555,0.4,0,627,0.609,,,,,,,,,,,,,,,,,,,,,,,,,,
Georgia,Dougherty,Georgia,950,0.039,0,0.551,0.41,0,675,1.056,,,,,,,,,,,,,,,,,,,,,,,,,,
Georgia,Early,Georgia,990,0.002,0,0.705,0.293,0,417,0.856,,,,,,,,,,,,,,,,,,,,,,,,,,
Georgia,Echols,Georgia,1010,0,0,0.777,0.223,0,112,0.477,,,,,,,,,,,,,,,,,,,,,,,,,,
Georgia,Effingham,Georgia,1030,0.007,0,0.5,0.493,0,418,0.745,,,,,,,,,,,,,,,,,,,,,,,,,,
Georgia,Elbert,Georgia,1050,0.526,0,0.138,0.335,0,868,0.81,,,,,,,,,,,,,,,,,,,,,,,,,,
Georgia,Emanuel,Georgia,1070,0.085,0,0.426,0.489,0,493,0.653,,,,,,,,,,,,,,,,,,,,,,,,,,
Georgia,Fannin,Georgia,1110,0.117,0,0.694,0.189,0,785,0.795,,,,,,,,,,,,,,,,,,,,,,,,,,
Georgia,Fayette,Georgia,1130,0.036,0,0.585,0.379,0,797,0.768,,,,,,,,,,,,,,,,,,,,,,,,,,
Georgia,Floyd,Georgia,1150,0.151,0,0.4,0.449,0,1890,0.909,,,,,,,,,,,,,,,,,,,,,,,,,,
Georgia,Forsyth,Georgia,1170,0.045,0,0.605,0.35,0,1041,0.772,,,,,,,,,,,,,,,,,,,,,,,,,,
Georgia,Franklin,Georgia,1190,0.003,0,0.838,0.158,0,866,0.692,,,,,,,,,,,,,,,,,,,,,,,,,,
Georgia,Fulton,Georgia,1210,0.136,0,0.397,0.467,0,2562,0.862,,,,,,,,,,,,,,,,,,,,,,,,,,
Georgia,Gilmer,Georgia,1230,0.036,0,0.83,0.134,0,910,0.713,,,,,,,,,,,,,,,,,,,,,,,,,,
Georgia,Glascock,Georgia,1250,0.702,0,0.237,0.061,0,245,0.731,,,,,,,,,,,,,,,,,,,,,,,,,,
Georgia,Glynn,Georgia,1270,0.005,0,0.908,0.087,0,195,0.765,,,,,,,,,,,,,,,,,,,,,,,,,,
Georgia,Gordon,Georgia,1290,0.067,0,0.602,0.331,0,1452,0.842,,,,,,,,,,,,,,,,,,,,,,,,,,
Georgia,Greene,Georgia,1330,0.178,0,0.135,0.687,0,846,0.855,,,,,,,,,,,,,,,,,,,,,,,,,,
Georgia,Gwinnett,Georgia,1350,0.142,0,0.39,0.468,0,1650,0.791,,,,,,,,,,,,,,,,,,,,,,,,,,
Georgia,Habersham,Georgia,1370,0.1,0,0.637,0.262,0,717,0.68,,,,,,,,,,,,,,,,,,,,,,,,,,
Georgia,Hall,Georgia,1390,0.079,0,0.445,0.476,0,1050,0.65,,,,,,,,,,,,,,,,,,,,,,,,,,
Georgia,Hancock,Georgia,1410,0.218,0,0.189,0.593,0,678,0.726,,,,,,,,,,,,,,,,,,,,,,,,,,
Georgia,Haralson,Georgia,1430,0.002,0,0.85,0.148,0,419,0.759,,,,,,,,,,,,,,,,,,,,,,,,,,
Georgia,Harris,Georgia,1450,0.027,0,0.353,0.62,0,1111,0.818,,,,,,,,,,,,,,,,,,,,,,,,,,
Georgia,Hart,Georgia,1470,0.124,0,0.667,0.209,0,723,0.755,,,,,,,,,,,,,,,,,,,,,,,,,,
Georgia,Heard,Georgia,1490,0.07,0,0.498,0.432,0,882,0.846,,,,,,,,,,,,,,,,,,,,,,,,,,
Georgia,Henry,Georgia,1510,0.044,0,0.423,0.533,0,1235,0.909,,,,,,,,,,,,,,,,,,,,,,,,,,
Georgia,Houston,Georgia,1530,0.027,0,0.481,0.493,0,1155,1.057,,,,,,,,,,,,,,,,,,,,,,,,,,
Georgia,Irwin,Georgia,1550,0.021,0,0.779,0.2,0,95,0.335,,,,,,,,,,,,,,,,,,,,,,,,,,
Georgia,Jackson,Georgia,1570,0.087,0,0.542,0.372,0,1246,0.806,,,,,,,,,,,,,,,,,,,,,,,,,,
Georgia,Jasper,Georgia,1590,0.219,0,0.316,0.465,0,794,0.911,,,,,,,,,,,,,,,,,,,,,,,,,,
Georgia,Jefferson,Georgia,1630,0.431,0,0.089,0.48,0,756,0.822,,,,,,,,,,,,,,,,,,,,,,,,,,
Georgia,Johnson,Georgia,1670,0.243,0,0.296,0.461,0,395,0.975,,,,,,,,,,,,,,,,,,,,,,,,,,
Georgia,Jones,Georgia,1690,0.03,0,0.508,0.462,0,463,0.667,,,,,,,,,,,,,,,,,,,,,,,,,,
Georgia,Laurens,Georgia,1750,0.061,0,0.216,0.723,0,592,0.778,,,,,,,,,,,,,,,,,,,,,,,,,,
Georgia,Lee,Georgia,1770,0.038,0,0.502,0.46,0,478,0.882,,,,,,,,,,,,,,,,,,,,,,,,,,
Georgia,Liberty,Georgia,1790,0.051,0,0.613,0.336,0,431,0.913,,,,,,,,,,,,,,,,,,,,,,,,,,
Georgia,Lincoln,Georgia,1810,0.36,0,0.108,0.532,0,314,0.793,,,,,,,,,,,,,,,,,,,,,,,,,,
Georgia,Lowndes,Georgia,1850,0.004,0,0.574,0.422,0,545,0.817,,,,,,,,,,,,,,,,,,,,,,,,,,
Georgia,Lumpkin,Georgia,1870,0.04,0,0.53,0.43,0,742,0.867,,,,,,,,,,,,,,,,,,,,,,,,,,
Georgia,Macon,Georgia,1930,0.02,0,0.385,0.595,0,704,0.86,,,,,,,,,,,,,,,,,,,,,,,,,,
Georgia,Madison,Georgia,1950,0.018,0,0.606,0.376,0,619,0.738,,,,,,,,,,,,,,,,,,,,,,,,,,
Georgia,Marion,Georgia,1970,0.059,0,0.471,0.471,0,682,0.801,,,,,,,,,,,,,,,,,,,,,,,,,,
Georgia,Mcintosh,Georgia,1910,0,0,0.83,0.17,0,241,0.709,,,,,,,,,,,,,,,,,,,,,,,,,,
Georgia,Meriwether,Georgia,1990,0.039,0,0.504,0.457,0,1220,0.834,,,,,,,,,,,,,,,,,,,,,,,,,,
Georgia,Miller,Georgia,2010,0,0,0.892,0.108,0,259,1.044,,,,,,,,,,,,,,,,,,,,,,,,,,
Georgia,Milton,Georgia,2030,0.032,0,0.533,0.435,0,782,0.932,,,,,,,,,,,,,,,,,,,,,,,,,,
Georgia,Mitchell,Georgia,2050,0.056,0,0.655,0.289,0,499,0.854,,,,,,,,,,,,,,,,,,,,,,,,,,
Georgia,Monroe,Georgia,2070,0.049,0,0.4,0.55,0,1159,0.865,,,,,,,,,,,,,,,,,,,,,,,,,,
Georgia,Montgomery,Georgia,2090,0.02,0,0.133,0.847,0,301,0.687,,,,,,,,,,,,,,,,,,,,,,,,,,
Georgia,Morgan,Georgia,2110,0.235,0,0.169,0.597,0,605,0.853,,,,,,,,,,,,,,,,,,,,,,,,,,
Georgia,Murray,Georgia,2130,0.238,0,0.477,0.285,0,882,0.791,,,,,,,,,,,,,,,,,,,,,,,,,,
Georgia,Muscogee,Georgia,2150,0.094,0,0.453,0.452,0,1696,0.7,,,,,,,,,,,,,,,,,,,,,,,,,,
Georgia,Newton,Georgia,2170,0.23,0,0.239,0.531,0,1525,0.893,,,,,,,,,,,,,,,,,,,,,,,,,,
Georgia,Oglethorpe,Georgia,2210,0.231,0,0.32,0.449,0,822,0.898,,,,,,,,,,,,,,,,,,,,,,,,,,
Georgia,Paulding,Georgia,2230,0.038,0,0.767,0.194,0,1018,0.797,,,,,,,,,,,,,,,,,,,,,,,,,,
Georgia,Pickens,Georgia,2270,0.07,0,0.699,0.232,0,647,0.67,,,,,,,,,,,,,,,,,,,,,,,,,,
Georgia,Pierce,Georgia,2290,0.003,0,0.748,0.249,0,317,0.914,,,,,,,,,,,,,,,,,,,,,,,,,,
Georgia,Pike,Georgia,2310,0.014,0,0.574,0.411,0,1038,0.889,,,,,,,,,,,,,,,,,,,,,,,,,,
Georgia,Polk,Georgia,2330,0.069,0,0.452,0.479,0,721,0.869,,,,,,,,,,,,,,,,,,,,,,,,,,
Georgia,Pulaski,Georgia,2350,0.043,0,0.592,0.365,0,784,0.788,,,,,,,,,,,,,,,,,,,,,,,,,,
Georgia,Putnam,Georgia,2370,0.252,0,0.282,0.466,0,624,0.88,,,,,,,,,,,,,,,,,,,,,,,,,,
Georgia,Quitman,Georgia,2390,0.007,0,0.582,0.41,0,407,0.906,,,,,,,,,,,,,,,,,,,,,,,,,,
Georgia,Rabun,Georgia,2410,0.026,0,0.919,0.055,0,384,0.596,,,,,,,,,,,,,,,,,,,,,,,,,,
Georgia,Randolph,Georgia,2430,0.05,0,0.516,0.434,0,1138,1.007,,,,,,,,,,,,,,,,,,,,,,,,,,
Georgia,Richmond,Georgia,2450,0.457,0,0.175,0.368,0,2302,0.683,,,,,,,,,,,,,,,,,,,,,,,,,,
Georgia,Schley,Georgia,2490,0.147,0,0.322,0.531,0,441,0.878,,,,,,,,,,,,,,,,,,,,,,,,,,
Georgia,Screven,Georgia,2510,0.062,0,0.626,0.312,0,548,0.664,,,,,,,,,,,,,,,,,,,,,,,,,,
Georgia,Spalding,Georgia,2550,0.023,0,0.517,0.46,0,1153,1.022,,,,,,,,,,,,,,,,,,,,,,,,,,
Georgia,Stewart,Georgia,2590,0.017,0,0.517,0.465,0,1040,0.841,,,,,,,,,,,,,,,,,,,,,,,,,,
Georgia,Sumter,Georgia,2610,0.111,0,0.315,0.573,0,1205,1.171,,,,,,,,,,,,,,,,,,,,,,,,,,
Georgia,Talbot,Georgia,2630,0.089,0,0.406,0.505,0,1000,0.884,,,,,,,,,,,,,,,,,,,,,,,,,,
Georgia,Taliaferro,Georgia,2650,0.548,0,0.022,0.429,0,403,1.013,,,,,,,,,,,,,,,,,,,,,,,,,,
Georgia,Tattnall,Georgia,2670,0.008,0,0.602,0.39,0,518,0.77,,,,,,,,,,,,,,,,,,,,,,,,,,
Georgia,Taylor,Georgia,2690,0.028,0,0.507,0.465,0,777,1.022,,,,,,,,,,,,,,,,,,,,,,,,,,
Georgia,Telfair,Georgia,2710,0.026,0,0.424,0.55,0,231,0.566,,,,,,,,,,,,,,,,,,,,,,,,,,
Georgia,Terrell,Georgia,2730,0.101,0,0.332,0.567,0,683,0.88,,,,,,,,,,,,,,,,,,,,,,,,,,
Georgia,Thomas,Georgia,2750,0.035,0,0.464,0.501,0,996,0.986,,,,,,,,,,,,,,,,,,,,,,,,,,
Georgia,Towns,Georgia,2810,0.243,0,0.496,0.261,0,387,0.851,,,,,,,,,,,,,,,,,,,,,,,,,,
Georgia,Troup,Georgia,2850,0.034,0,0.283,0.683,0,1420,0.95,,,,,,,,,,,,,,,,,,,,,,,,,,
Georgia,Twiggs,Georgia,2890,0.012,0,0.631,0.357,0,507,0.793,,,,,,,,,,,,,,,,,,,,,,,,,,
Georgia,Union,Georgia,2910,0.016,0,0.676,0.308,0,701,0.802,,,,,,,,,,,,,,,,,,,,,,,,,,
Georgia,Upson,Georgia,2930,0.051,0,0.298,0.651,0,936,0.89,,,,,,,,,,,,,,,,,,,,,,,,,,
Georgia,Walker,Georgia,2950,0.219,0,0.335,0.446,0,1454,0.821,,,,,,,,,,,,,,,,,,,,,,,,,,
Georgia,Walton,Georgia,2970,0.139,0,0.423,0.437,0,1312,0.914,,,,,,,,,,,,,,,,,,,,,,,,,,
Georgia,Ware,Georgia,2990,0.004,0,0.858,0.138,0,247,0.65,,,,,,,,,,,,,,,,,,,,,,,,,,
Georgia,Warren,Georgia,3010,0.591,0,0.076,0.332,0,722,0.743,,,,,,,,,,,,,,,,,,,,,,,,,,
Georgia,Washington,Georgia,3030,0.235,0,0.26,0.505,0,1204,0.846,,,,,,,,,,,,,,,,,,,,,,,,,,
Georgia,Wayne,Georgia,3050,0,0,0.784,0.216,0,171,0.553,,,,,,,,,,,,,,,,,,,,,,,,,,
Georgia,Webster,Georgia,3070,0.009,0,0.448,0.543,0,540,0.911,,,,,,,,,,,,,,,,,,,,,,,,,,
Georgia,White,Georgia,3110,0.072,0,0.55,0.377,0,400,0.63,,,,,,,,,,,,,,,,,,,,,,,,,,
Georgia,Whitfield,Georgia,3130,0.144,0,0.534,0.322,0,1399,0.756,,,,,,,,,,,,,,,,,,,,,,,,,,
Georgia,Wilcox,Georgia,3150,0.011,0,0.92,0.069,0,276,0.844,,,,,,,,,,,,,,,,,,,,,,,,,,
Georgia,Wilkes,Georgia,3170,0.231,0,0.36,0.409,0,739,0.923,,,,,,,,,,,,,,,,,,,,,,,,,,
Georgia,Wilkinson,Georgia,3190,0.116,0,0.505,0.38,0,959,0.812,,,,,,,,,,,,,,,,,,,,,,,,,,
Georgia,Worth,Georgia,3210,0.01,0,0.676,0.314,0,389,0.872,,,,,,,,,,,,,,,,,,,,,,,,,,
Illinois,Adams,Illinois,10,0.519,0.463,0,0.01,0.008,8224,0.799,0.524,0.476,0,0,0.01,8138,0.79,0.638,0.362,0,0,0,6515,0.587,0.566,0.434,0,8058,0.677,0.565,0,0,0.435,0,8079,0.679
Illinois,Alexander,Illinois,30,0.653,0.101,0,0.17,0.075,1047,0.711,0.883,0.117,0,0,0,917,0.623,0.824,0.176,0,0,0,863,0.526,0.55,0.45,0,1603,0.885,0.548,0,0,0.452,0,1605,0.886
Illinois,Bond,Illinois,50,0.492,0.495,0,0.013,0.001,1995,0.81,0.494,0.506,0,0,0,1984,0.805,0.458,0.542,0,0,0,1673,0.624,0.382,0.618,0,1867,0.644,0.38,0,0,0.62,0,1871,0.645
Illinois,Boone,Illinois,70,0.15,0.85,0,0,0,2069,0.683,0.151,0.849,0,0,0.003,2071,0.684,0.188,0.812,0,0,0,1507,0.464,0.123,0.877,0,1969,0.567,0.123,0,0,0.877,0,1971,0.568
Illinois,Brown,Illinois,90,0.604,0.366,0,0.017,0.013,1989,0.833,0.619,0.381,0,0,0,1973,0.826,0.743,0.257,0,0,0,1407,0.555,0.647,0.353,0,2036,0.759,0.646,0,0,0.354,0,2044,0.762
Illinois,Bureau,Illinois,110,0.27,0.691,0,0.004,0.036,5245,0.74,0.311,0.688,0,0,0.01,5137,0.725,0.379,0.621,0,0,0,4995,0.618,0.349,0.651,0,5144,0.567,0.349,0,0,0.651,0,5150,0.568
Illinois,Calhoun,Illinois,130,0.666,0.268,0,0.066,0,1003,0.66,0.695,0.304,0,0,0.003,955,0.628,0.74,0.26,0,0,0,420,0.257,0.644,0.356,0,873,0.499,0.642,0,0,0.358,0,876,0.5
Illinois,Carroll,Illinois,150,0.22,0.778,0,0,0.002,2096,0.694,0.221,0.779,0,0,0,2102,0.696,0.255,0.745,0,0,0,1578,0.466,0.189,0.811,0,2346,0.626,0.19,0,0,0.81,0,2354,0.628
Illinois,Cass,Illinois,170,0.549,0.441,0,0.008,0.002,2371,0.778,0.551,0.449,0,0,0,2371,0.778,0.662,0.338,0,0,0,1829,0.555,0.59,0.41,0,2106,0.595,0.59,0,0,0.41,0,2117,0.598
Illinois,Champaign,Illinois,190,0.398,0.585,0,0.008,0.008,3064,0.778,0.422,0.578,0,0,0,3017,0.766,0.47,0.53,0,0,0,2351,0.511,0.349,0.651,0,3248,0.617,0.349,0,0,0.651,0,3250,0.617
Illinois,Christian,Illinois,210,0.585,0.402,0,0.008,0.004,2405,0.854,0.593,0.407,0,0,0,2394,0.85,0.66,0.34,0,0,0,2023,0.626,0.606,0.394,0,2649,0.726,0.606,0,0,0.394,0,2652,0.727
Illinois,Clark,Illinois,230,0.566,0.431,0,0.003,0,3045,0.915,0.568,0.432,0,0,0,3036,0.912,0.73,0.27,0,0,0,2002,0.554,0.678,0.322,0,3298,0.846,0.676,0,0,0.324,0,3284,0.842
Illinois,Clay,Illinois,250,0.6,0.382,0,0.017,0.001,1783,0.85,0.598,0.402,0,0,0,1777,0.847,0.676,0.324,0,0,0,1360,0.579,0.54,0.46,0,1854,0.714,0.538,0,0,0.462,0,1863,0.717
Illinois,Clinton,Illinois,270,0.618,0.357,0,0.022,0.003,2093,0.67,0.61,0.389,0,0,0.006,2016,0.645,0.628,0.372,0,0,0,1725,0.492,0.513,0.487,0,2278,0.585,0.511,0,0,0.489,0,2306,0.592
Illinois,Coles,Illinois,290,0.482,0.492,0,0.026,0,3041,0.869,0.49,0.51,0,0,0,3432,0.98,0.556,0.444,0,0,0,2874,0.751,0.413,0.587,0,3765,0.907,0.411,0,0,0.589,0,3784,0.912
Illinois,Cook,Illinois,310,0.4,0.592,0,0.004,0.004,24631,0.61,0.4,0.6,0,0,0,24454,0.606,0.456,0.544,0,0,0,18431,0.402,0.435,0.565,0,33018,0.645,0.435,0,0,0.565,0,33043,0.645
Illinois,Crawford,Illinois,330,0.591,0.398,0,0.01,0,2340,0.926,0.596,0.404,0,0,0,2329,0.922,0.705,0.295,0,0,0,1770,0.646,0.625,0.375,0,2193,0.742,0.625,0,0,0.375,0,2192,0.742
Illinois,Cumberland,Illinois,350,0.587,0.406,0,0.006,0.001,1549,0.855,0.581,0.419,0,0,0,1536,0.848,0.725,0.275,0,0,0,1203,0.593,0.657,0.343,0,1725,0.769,0.655,0,0,0.345,0,1727,0.77
Illinois,De Kalb,Illinois,370,0.24,0.758,0,0.002,0,4024,0.772,0.242,0.754,0,0,0.049,3993,0.766,0.273,0.727,0,0,0,2510,0.427,0.199,0.801,0,3726,0.569,0.199,0,0,0.801,0,3729,0.569
Illinois,De Witt,Illinois,390,0.422,0.522,0,0.03,0.026,2408,0.918,0.084,0.528,0,0,2.864,2282,0.87,0.531,0.469,0,0,0,1792,0.611,0.457,0.543,0,2340,0.721,0.457,0,0,0.543,0,2340,0.721
Illinois,Douglas,Illinois,410,0.424,0.545,0,0.026,0.005,1485,0.774,0.433,0.567,0,0,0,1472,0.767,0.559,0.441,0,0,0,1289,,0.438,0.562,0,1767,,0.436,0,0,0.564,0,1771,
Illinois,Du Page,Illinois,430,0.309,0.688,0,0.001,0.002,2602,0.658,0.299,0.696,0,0,0.042,2658,0.672,0.307,0.693,0,0,0,1694,0.398,0.299,0.701,0,2590,0.567,0.299,0,0,0.701,0,2591,0.568
Illinois,Edgar,Illinois,450,0.516,0.463,0,0.018,0.003,3727,0.924,0.526,0.474,0,0,0,3699,0.917,0.611,0.389,0,0,0,3067,0.701,0.525,0.475,0,3541,0.751,0.52,0,0,0.48,0,3553,0.754
Illinois,Edwards,Illinois,470,0.383,0.6,0,0.017,0,966,0.794,0.403,0.597,0,0,0,978,0.804,0.468,0.532,0,0,0,729,0.554,0.342,0.658,0,966,0.682,0.338,0,0,0.662,0,968,0.683
Illinois,Effingham,Illinois,490,0.705,0.295,0,0,0,1537,0.839,0.687,0.313,0,0,0,1534,0.837,0.8,0.2,0,0,0,1143,0.561,0.658,0.342,0,1858,0.828,0.658,0,0,0.342,0,1857,0.828
Illinois,Fayette,Illinois,510,0.615,0.373,0,0.011,0.001,2553,0.956,0.612,0.388,0,0,0,2547,0.954,0.705,0.295,0,0,0,1912,0.664,0.614,0.386,0,2734,0.885,0.613,0,0,0.387,0,2746,0.889
Illinois,Ford,Illinois,530,0.386,0.614,0,0,0,383,0.707,0.388,0.612,0,0,0,379,0.699,0.53,0.47,0,0,0,396,,0.525,0.475,0,491,,0.522,0,0,0.478,0,494,
Illinois,Franklin,Illinois,550,0.819,0.134,0,0.044,0.003,1699,0.905,0.852,0.148,0,0,0,1657,0.882,0.721,0.279,0,0,0,962,0.473,0.571,0.429,0,1535,0.701,0.568,0,0,0.432,0,1538,0.702
Illinois,Fulton,Illinois,570,0.516,0.477,0,0.006,0.001,7614,0.958,0.52,0.48,0,0,0.003,7576,0.953,0.634,0.366,0,0,0,4959,0.582,0.553,0.447,0,6685,0.734,0.552,0,0,0.448,0,6693,0.735
Illinois,Gallatin,Illinois,590,0.76,0.165,0,0.066,0.01,1342,0.79,0.818,0.182,0,0,0,1300,0.766,0.826,0.174,0,0,0,920,0.507,0.526,0.474,0,1316,0.683,0.528,0,0,0.472,0,1332,0.691
Illinois,Greene,Illinois,610,0.674,0.304,0,0.021,0.001,3223,0.79,0.684,0.316,0,0,0.003,3196,0.784,0.749,0.251,0,0,0,2330,0.538,0.697,0.303,0,3227,0.704,0.697,0,0,0.303,0,3226,0.704
Illinois,Grundy,Illinois,630,0.334,0.664,0,0,0.001,2125,0.765,0.338,0.662,0,0,0.003,2118,0.762,0.414,0.586,0,0,0,1791,0.565,0.347,0.653,0,2236,0.629,0.348,0,0,0.652,0,2237,0.629
Illinois,Hamilton,Illinois,650,0.885,0.058,0,0.056,0,1754,0.884,0.937,0.063,0,0,0,1684,0.848,0.92,0.08,0,0,0,1159,0.544,0.75,0.25,0,1527,0.671,0.747,0,0,0.253,0,1527,0.671
Illinois,Hancock,Illinois,670,0.522,0.453,0,0.02,0.005,5674,0.784,0.533,0.467,0,0,0.006,5638,0.779,0.652,0.348,0,0,0,4362,0.546,0.525,0.475,0,5583,0.638,0.523,0,0,0.477,0,5603,0.641
Illinois,Hardin,Illinois,690,0.747,0.16,0,0.093,0,668,0.85,0.799,0.201,0,0,0,647,0.823,0.76,0.24,0,0,0,442,0.536,0.501,0.499,0,629,0.729,0.509,0,0,0.491,0,640,0.742
Illinois,Henderson,Illinois,710,0.411,0.565,0,0.014,0.01,2217,0.88,0.42,0.58,0,0,0.003,2187,0.868,0.491,0.509,0,0,0,1815,0.649,0.42,0.58,0,2087,0.678,0.42,0,0,0.58,0,2088,0.679
Illinois,Henry,Illinois,730,0.335,0.661,0,0.001,0.003,4574,0.82,0.339,0.661,0,0,0,4565,0.819,0.305,0.695,0,0,0,3556,0.545,0.285,0.715,0,4967,0.665,0.285,0,0,0.715,0,4974,0.666
Illinois,Iroquois,Illinois,750,0.399,0.597,0,0,0.003,2392,0.764,0.401,0.599,0,0,0,2374,0.758,0.409,0.591,0,0,0,2116,0.593,0.322,0.678,0,2620,0.653,0.321,0,0,0.679,0,2627,0.655
Illinois,Jackson,Illinois,770,0.76,0.154,0,0.072,0.014,2047,0.929,0.836,0.162,0,0,0.01,1958,0.888,0.825,0.159,0,0,0.016,1151,0.479,0.606,0.394,0,1986,0.764,0.604,0,0,0.396,0,1995,0.768
Illinois,Jasper,Illinois,790,0.592,0.404,0,0.003,0.001,1548,0.855,0.588,0.412,0,0,0,1529,0.844,0.766,0.234,0,0,0,1028,0.505,0.632,0.368,0,1460,0.647,0.632,0,0,0.368,0,1465,0.649
Illinois,Jefferson,Illinois,810,0.75,0.186,0,0.055,0.009,2468,0.903,0.737,0.212,0,0,0.379,2300,0.842,0.836,0.164,0,0,0,1656,0.559,0.696,0.304,0,2136,0.668,0.696,0,0,0.304,0,2137,0.669
Illinois,Jersey,Illinois,830,0.557,0.393,0,0.045,0.005,2317,0.701,0.574,0.426,0,0,0,2295,0.694,0.701,0.299,0,0,0,1795,0.499,0.654,0.346,0,2363,0.607,0.649,0,0,0.351,0,2369,0.609
Illinois,Jo Daviess,Illinois,850,0.394,0.596,0,0.008,0.002,4670,0.679,0.392,0.608,0,0,0,4620,0.672,0.485,0.514,0,0,0.001,3732,0.513,0.406,0.594,0,4239,0.553,0.407,0,0,0.593,0,4245,0.554
Illinois,Johnson,Illinois,870,0.97,0.025,0,0,0.006,1612,0.85,0.975,0.025,0,0,0,1625,0.857,0.817,0.183,0,0,0,796,0.377,0.236,0.764,0,1610,0.693,0.235,0,0,0.765,0,1609,0.693
Illinois,Kane,Illinois,890,0.281,0.716,0,0.001,0.002,5878,0.726,0.283,0.717,0,0,0.01,5842,0.721,0.318,0.682,0,0,0,4198,0.472,0.258,0.742,0,5752,0.595,0.258,0,0,0.742,0,5752,0.595
Illinois,Kankakee,Illinois,910,0.286,0.705,0,0.003,0.006,2805,0.735,0.312,0.688,0,0,0,2801,0.734,0.24,0.76,0,0,0,1890,,0.211,0.789,0,2674,,0.211,0,0,0.789,0,2675,
Illinois,Kendall,Illinois,930,0.24,0.76,0,0,0,2383,0.657,0.242,0.758,0,0,0,2372,0.654,0.243,0.757,0,0,0,1641,0.417,0.21,0.79,0,2235,0.526,0.211,0,0,0.789,0,2242,0.528
Illinois,Knox,Illinois,950,0.363,0.63,0,0.005,0.003,6087,0.836,0.367,0.633,0,0,0,6051,0.831,0.373,0.627,0,0,0,4424,0.543,0.305,0.695,0,6109,0.678,0.306,0,0,0.694,0,6111,0.678
Illinois,La Salle,Illinois,990,0.443,0.552,0,0.004,0.002,9682,0.749,0.448,0.551,0,0,0.029,9651,0.747,0.517,0.482,0,0,0.001,7505,0.515,0.466,0.534,0,9689,0.598,0.466,0,0,0.534,0,9706,0.599
Illinois,Lake,Illinois,970,0.286,0.711,0,0.001,0.002,3369,0.732,0.287,0.713,0,0,0,3365,0.731,0.32,0.68,0,0,0,2761,0.576,0.266,0.734,0,3276,0.658,0.266,0,0,0.734,0,3276,0.658
Illinois,Lawrence,Illinois,1010,0.556,0.438,0,0.007,0,1746,0.833,0.558,0.442,0,0,0,1741,0.83,0.712,0.288,0,0,0,1311,0.579,0.565,0.435,0,1689,0.694,0.556,0,0,0.444,0,1710,0.703
Illinois,Lee,Illinois,1030,0.318,0.676,0,0.004,0.002,3582,0.766,0.319,0.681,0,0,0.003,3562,0.762,0.36,0.64,0,0,0,2167,0.405,0.314,0.686,0,3735,0.62,0.314,0,0,0.686,0,3737,0.62
Illinois,Livingston,Illinois,1050,0.425,0.575,0,0,0,2562,0.78,0.431,0.569,0,0,0,2548,0.775,0.462,0.53,0,0,0.008,2067,0.534,0.387,0.613,0,2846,0.639,0.385,0,0,0.615,0,2845,0.639
Illinois,Logan,Illinois,1070,0.463,0.527,0,0.009,0.001,3282,0.827,0.462,0.537,0,0,0.003,3240,0.817,0.492,0.508,0,0,0,3008,0.662,0.443,0.557,0,3098,0.605,0.444,0,0,0.556,0,3105,0.607
Illinois,Macon,Illinois,1150,0.493,0.48,0,0.018,0.009,3127,0.854,0.505,0.494,0,0,0.01,3070,0.839,0.454,0.546,0,0,0,2953,0.7,0.453,0.547,0,3343,0.701,0.455,0,0,0.545,0,3352,0.702
Illinois,Macoupin,Illinois,1170,0.523,0.426,0,0.044,0.007,5143,0.822,0.554,0.446,0,0,0,5101,0.815,0.626,0.374,0,0,0,3905,0.561,0.563,0.437,0,5209,0.68,0.563,0,0,0.437,0,5218,0.681
Illinois,Madison,Illinois,1190,0.48,0.489,0,0.028,0.003,6460,0.734,0.49,0.51,0,0,0,6370,0.724,0.567,0.433,0,0,0,4993,0.528,0.51,0.49,0,6443,0.638,0.507,0,0,0.493,0,6487,0.642
Illinois,Marion,Illinois,1210,0.643,0.322,0,0.034,0.001,2666,0.861,0.651,0.349,0,0,0.003,2637,0.852,0.67,0.33,0,0,0,2030,0.588,0.54,0.46,0,3105,0.815,0.538,0,0,0.462,0,3118,0.818
Illinois,Marshall,Illinois,1230,0.455,0.539,0,0,0.006,3024,0.802,0.459,0.539,0,0,0.013,3021,0.802,0.514,0.486,0,0,0,2334,0.548,0.475,0.525,0,2951,0.62,0.475,0,0,0.525,0,2962,0.623
Illinois,Mason,Illinois,1250,0.495,0.485,0,0.019,0.001,2472,0.823,0.509,0.491,0,0,0,2460,0.819,0.628,0.372,0,0,0,1644,0.495,0.52,0.48,0,2408,0.662,0.518,0,0,0.482,0,2410,0.663
Illinois,Massac,Illinois,1270,0.81,0.112,0,0.078,0,1078,0.793,0.885,0.115,0,0,0,1041,0.765,0.72,0.28,0,0,0,844,0.58,0.219,0.781,0,1210,0.78,0.219,0,0,0.781,0,1206,0.777
Illinois,Mcdonough,Illinois,1090,0.494,0.491,0,0.014,0.001,4589,0.952,0.498,0.502,0,0,0.003,4584,0.951,0.576,0.424,0,0,0,3398,0.623,0.503,0.497,0,4316,0.709,0.503,0,0,0.497,0,4337,0.712
Illinois,Mchenry,Illinois,1110,0.321,0.675,0,0.002,0.002,4494,0.804,0.32,0.68,0,0,0,4463,0.799,0.321,0.678,0,0,0.001,3130,0.523,0.287,0.713,0,4139,0.65,0.288,0,0,0.712,0,4147,0.651
Illinois,Mclean,Illinois,1130,0.415,0.574,0,0.009,0.001,6181,0.815,0.431,0.569,0,0,0.01,6063,0.8,0.444,0.556,0,0,0,5282,0.61,0.392,0.608,0,6583,0.677,0.391,0,0,0.609,0,6602,0.679
Illinois,Menard,Illinois,1290,0.499,0.464,0,0.032,0.005,2074,0.831,0.515,0.485,0,0,0,2036,0.815,0.559,0.441,0,0,0,1738,0.64,0.557,0.443,0,1929,0.658,0.555,0,0,0.445,0,1937,0.661
Illinois,Mercer,Illinois,1310,0.392,0.594,0,0.012,0.002,3043,0.775,0.4,0.599,0,0,0.006,3024,0.77,0.454,0.546,0,0,0,1924,0.431,0.385,0.615,0,2859,0.571,0.385,0,0,0.615,0,2860,0.571
Illinois,Monroe,Illinois,1330,0.619,0.373,0,0.008,0,2263,0.643,0.616,0.384,0,0,0,2254,0.641,0.695,0.305,0,0,0,1887,0.493,0.732,0.268,0,2087,0.505,0.717,0,0,0.283,0,2118,0.512
Illinois,Montgomery,Illinois,1350,0.579,0.365,0,0.049,0.007,3011,0.846,0.611,0.389,0,0,0,2952,0.829,0.683,0.317,0,0,0,2536,0.631,0.606,0.394,0,3234,0.723,0.6,0,0,0.4,0,3246,0.725
Illinois,Morgan,Illinois,1370,0.5,0.478,0,0.019,0.003,4839,0.844,0.508,0.492,0,0,0.003,4800,0.837,0.572,0.428,0,0,0,3551,0.579,0.507,0.493,0,4646,0.711,0.505,0,0,0.495,0,4660,0.714
Illinois,Moultrie,Illinois,1390,0.529,0.462,0,0.009,0,1337,0.847,0.528,0.472,0,0,0,1341,0.85,0.615,0.385,0,0,0,1289,0.731,0.602,0.398,0,1378,0.706,0.601,0,0,0.399,0,1385,0.71
Illinois,Ogle,Illinois,1410,0.289,0.699,0,0.009,0.004,4555,0.744,0.291,0.706,0,0,0.036,4506,0.736,0.308,0.691,0,0,0,2989,0.437,0.261,0.739,0,4381,0.581,0.261,0,0,0.739,0,4381,0.581
Illinois,Peoria,Illinois,1430,0.507,0.48,0,0.005,0.007,7368,0.757,0.515,0.485,0,0,0,7314,0.751,0.562,0.438,0,0,0,5822,0.541,0.513,0.487,0,7288,0.619,0.512,0,0,0.488,0,7315,0.621
Illinois,Perry,Illinois,1450,0.583,0.344,0,0.073,0.001,1889,0.827,0.614,0.386,0,0,0,1818,0.796,0.56,0.44,0,0,0,1348,0.535,0.385,0.615,0,1865,0.678,0.385,0,0,0.615,0,1866,0.679
Illinois,Piatt,Illinois,1470,0.418,0.546,0,0.036,0,1432,0.792,0.43,0.566,0,0,0.019,1425,0.789,0.521,0.479,0,0,0,888,0.424,0.415,0.585,0,1276,0.536,0.414,0,0,0.586,0,1277,0.537
Illinois,Pike,Illinois,1490,0.534,0.452,0,0.007,0.007,5645,0.858,0.537,0.461,0,0,0.039,5628,0.855,0.635,0.365,0,0,0,4095,0.578,0.55,0.45,0,5192,0.684,0.548,0,0,0.452,0,5215,0.687
Illinois,Pope,Illinois,1510,0.851,0.09,0,0.059,0.001,1413,1.028,0.89,0.11,0,0,0,1345,0.979,0.76,0.24,0,0,0,175,0.118,0.237,0.763,0,1428,0.892,0.235,0,0,0.765,0,1432,0.895
Illinois,Pulaski,Illinois,1530,0.643,0.257,0,0.053,0.047,855,0.712,,,0,0,0,0,0,0.67,0.33,0,0,0,552,0.411,0.47,0.53,0,1135,0.765,0.471,0,0,0.529,0,1134,0.765
Illinois,Putnam,Illinois,1550,0.31,0.636,0,0,0.054,1181,0.79,0.323,0.644,0,0,0.123,1151,0.77,0.43,0.57,0,0,0,992,0.623,0.376,0.624,0,1139,0.674,0.375,0,0,0.625,0,1140,0.675
Illinois,Randolph,Illinois,1570,0.554,0.422,0,0.022,0.002,3276,0.757,0.559,0.441,0,0,0,3274,0.756,0.623,0.377,0,0,0,2512,0.539,0.532,0.468,0,3247,0.651,0.53,0,0,0.47,0,3255,0.652
Illinois,Richland,Illinois,1590,0.559,0.425,0,0.012,0.003,1827,0.835,0.564,0.436,0,0,0,1821,0.832,0.66,0.34,0,0,0,1272,0.517,0.526,0.474,0,1876,0.688,0.525,0,0,0.475,0,1878,0.689
Illinois,Rock Island,Illinois,1610,0.409,0.578,0,0.009,0.004,3613,0.662,0.417,0.583,0,0,0.006,3593,0.658,0.481,0.519,0,0,0,2603,0.419,0.424,0.576,0,3633,0.522,0.423,0,0,0.577,0,3637,0.522
Illinois,Saline,Illinois,1650,0.854,0.064,0,0.072,0.01,1566,0.842,0.921,0.079,0,0,0,1564,0.841,0.889,0.111,0,0,0,1046,0.52,0.517,0.483,0,1583,0.731,0.514,0,0,0.486,0,1588,0.733
Illinois,Sangamon,Illinois,1670,0.489,0.483,0,0.018,0.01,7361,0.847,0.5,0.5,0,0,0.01,7260,0.835,0.571,0.429,0,0,0,6417,0.674,0.525,0.475,0,7510,0.725,0.524,0,0,0.476,0,7521,0.726
Illinois,Schuyler,Illinois,1690,0.614,0.377,0,0.006,0.003,2538,0.742,0.616,0.384,0,0,0,2547,0.745,0.673,0.327,0,0,0,2074,0.571,0.605,0.395,0,2797,0.728,0.603,0,0,0.397,0,2798,0.728
Illinois,Scott,Illinois,1710,0.573,0.422,0,0.003,0.003,1973,0.887,0.58,0.42,0,0,0.003,1961,0.882,0.63,0.37,0,0,0,1274,0.551,0.51,0.49,0,1783,0.744,0.511,0,0,0.489,0,1786,0.745
Illinois,Shelby,Illinois,1730,0.669,0.311,0,0.02,0,3120,0.892,0.678,0.322,0,0,0.003,3091,0.884,0.767,0.233,0,0,0,2559,0.66,0.663,0.337,0,3465,0.813,0.662,0,0,0.338,0,3452,0.81
Illinois,St Clair,Illinois,1630,0.439,0.536,0,0.021,0.003,6866,0.629,0.448,0.55,0,0,0.029,6791,0.623,0.486,0.514,0,0,0,4955,0.411,0.393,0.607,0,6928,0.524,0.391,0,0,0.609,0,6994,0.529
Illinois,Stark,Illinois,1750,0.357,0.631,0,0.012,0,1846,0.808,0.364,0.636,0,0,0,1846,0.808,0.4,0.6,0,0,0,1359,0.527,0.343,0.657,0,1787,0.622,0.343,0,0,0.657,0,1788,0.622
Illinois,Stephenson,Illinois,1770,0.4,0.597,0,0.001,0.003,4473,0.707,0.403,0.597,0,0,0.003,4468,0.706,0.463,0.537,0,0,0,4006,0.571,0.426,0.574,0,4526,0.587,0.426,0,0,0.574,0,4529,0.588
Illinois,Tazewell,Illinois,1790,0.477,0.517,0,0.006,0.001,4545,0.767,0.482,0.518,0,0,0,4529,0.764,0.549,0.451,0,0,0,3589,0.552,0.518,0.482,0,4454,0.63,0.515,0,0,0.485,0,4475,0.633
Illinois,Union,Illinois,1810,0.491,0.077,0,0.029,0.403,2030,0.788,0.81,0.089,0,0,0.521,1595,0.619,0.881,0.119,0,0,0,1233,0.441,0.65,0.35,0,2024,0.67,0.648,0,0,0.352,0,2029,0.672
Illinois,Vermilion,Illinois,1830,0.411,0.586,0,0.001,0.002,3839,0.801,0.418,0.582,0,0,0,3785,0.79,0.512,0.487,0,0,0,3040,0.579,0.392,0.608,0,4185,0.734,0.392,0,0,0.608,0,4187,0.734
Illinois,Wabash,Illinois,1850,0.534,0.449,0,0.017,0.001,1330,0.794,0.539,0.461,0,0,0,1326,0.792,0.668,0.332,0,0,0,1016,0.56,0.568,0.432,0,1195,0.612,0.566,0,0,0.434,0,1197,0.613
Illinois,Warren,Illinois,1870,0.428,0.565,0,0.004,0.004,3911,0.846,0.434,0.566,0,0,0,3897,0.843,0.506,0.494,0,0,0,3118,0.604,0.426,0.574,0,4020,0.704,0.426,0,0,0.574,0,4031,0.706
Illinois,Washington,Illinois,1890,0.648,0.328,0,0.024,0,2416,0.717,0.657,0.343,0,0,0,2410,0.715,0.516,0.484,0,0,0,1866,0.498,0.492,0.508,0,2451,0.595,0.492,0,0,0.508,0,2458,0.596
Illinois,Wayne,Illinois,1910,0.71,0.267,0,0.021,0.002,2318,0.907,0.726,0.274,0,0,0,2315,0.906,0.738,0.262,0,0,0,1588,0.568,0.55,0.45,0,2084,0.687,0.549,0,0,0.451,0,2095,0.69
Illinois,White,Illinois,1930,0.659,0.323,0,0.016,0.002,2343,0.857,0.67,0.33,0,0,0,2327,0.851,0.741,0.259,0,0,0,1650,0.564,0.633,0.367,0,2110,0.677,0.631,0,0,0.369,0,2096,0.672
Illinois,Whiteside,Illinois,1950,0.288,0.705,0,0.004,0.002,3848,0.755,0.296,0.694,0,0,0.123,3754,0.736,0.298,0.702,0,0,0,2879,0.492,0.262,0.738,0,3938,0.597,0.262,0,0,0.738,0,3940,0.597
Illinois,Will,Illinois,1970,0.437,0.559,0,0.002,0.002,5759,0.698,0.443,0.555,0,0,0.045,5718,0.693,0.51,0.49,0,0,0,4505,0.498,0.455,0.545,0,6135,0.624,0.456,0,0,0.544,0,6156,0.626
Illinois,Williamson,Illinois,1990,0.829,0.078,0,0.075,0.018,2214,0.901,0.91,0.09,0,0,0.003,2138,0.87,0.699,0.301,0,0,0,1231,0.459,0.566,0.434,0,1980,0.68,0.556,0,0,0.444,0,1984,0.682
Illinois,Winnebago,Illinois,2010,0.17,0.828,0,0.001,0.002,4814,0.747,0.174,0.826,0,0,0.003,4784,0.742,0.186,0.814,0,0,0,3354,0.471,0.151,0.849,0,4674,0.598,0.151,0,0,0.849,0,4677,0.599
Illinois,Woodford,Illinois,2030,0.524,0.458,0,0.014,0.004,2706,0.753,0.528,0.469,0,0,0.026,2697,0.75,0.603,0.395,0,0,0.002,2086,0.508,0.57,0.43,0,2955,0.639,0.57,0,0,0.43,0,2960,0.64
Indiana,Adams,Indiana,10,0.572,0.407,0.014,0.007,0,1552,0.787,0.608,0.392,0,0,0,1387,0.703,0.742,0,0,0.258,0,1588,0.748,0.704,0.296,0,1641,0.723,0.715,0,0,0.285,0,1708,0.752
Indiana,Allen,Indiana,30,0.551,0.436,0.007,0.005,0,5850,0.833,0.528,0.472,0,0,0,5183,0.738,0.678,0,0,0.322,0,5638,0.741,0.687,0.313,0,7176,0.876,0.674,0,0,0.326,0,6855,0.837
Indiana,Bartholomew,Indiana,50,0.497,0.476,0.018,0.009,0,3715,0.91,0.52,0.48,0,0,0,3659,0.896,0.585,0,0,0.415,0,3681,0.844,0.555,0.445,0,3696,0.796,0.546,0,0,0.454,0,3865,0.833
Indiana,Benton,Indiana,70,0.377,0.601,0.01,0.013,0,624,0.854,0.379,0.621,0,0,0,655,0.896,0.447,0,0,0.553,0,591,0.722,0.417,0.583,0,652,0.719,0.425,0,0,0.575,0,675,0.744
Indiana,Blackford,Indiana,90,0.557,0.376,0.055,0.012,0,732,0.795,0.62,0.38,0,0,0,714,0.775,0.618,0,0,0.382,0,829,0.84,0.572,0.428,0,830,0.788,0.586,0,0,0.414,0,873,0.829
Indiana,Boone,Indiana,110,0.282,0.509,0.195,0.014,0,3336,0.874,0.483,0.517,0,0,0,3269,0.857,0.451,0,0,0.549,0,3405,0.828,0.437,0.563,0,3775,0.857,0.452,0,0,0.548,0,3771,0.856
Indiana,Brown,Indiana,130,0.683,0.282,0.029,0.006,0,1067,0.792,0.688,0.312,0,0,0,1021,0.758,0.596,0,0,0.404,0,545,0.381,0.74,0.26,0,1109,0.734,0.697,0,0,0.303,0,1183,0.783
Indiana,Carroll,Indiana,150,0.473,0.52,0.002,0.005,0,3055,0.934,0.49,0.51,0,0,0,3043,0.931,0.53,0,0,0.47,0,2795,0.819,0.525,0.475,0,3014,0.848,0.52,0,0,0.48,0,3077,0.866
Indiana,Cass,Indiana,170,0.459,0.498,0.035,0.009,0,3765,0.894,0.497,0.503,0,0,0,3726,0.885,0.543,0,0,0.453,0,3445,0.758,0.532,0.468,0,3923,0.805,0.531,0,0,0.469,0,3965,0.814
Indiana,Clark,Indiana,190,0.487,0.363,0.066,0.084,0,3772,0.726,0.532,0.468,0,0,0,3560,0.685,0.704,0,0,0.296,0,2700,0.49,0.541,0.459,0,3669,0.631,0.547,0,0,0.453,0,3813,0.656
Indiana,Clay,Indiana,210,0.571,0.386,0.02,0.022,0,2303,0.842,0.609,0.391,0,0,0,2202,0.805,0.661,0,0,0.339,0,2072,0.699,0.564,0.436,0,2495,0.781,0.564,0,0,0.436,0,2495,0.781
Indiana,Clinton,Indiana,230,0.486,0.492,0.021,0.002,0,2958,0.882,0.513,0.487,0,0,0,2827,0.843,0.522,0,0,0.478,0,2579,0.729,0.515,0.485,0,2914,0.783,0.51,0,0,0.49,0,2979,0.8
Indiana,Crawford,Indiana,250,0.505,0.465,0.005,0.025,0,1672,0.927,0.502,0.498,0,0,0,1715,0.951,0.598,0,0,0.402,0,1362,0.717,0.501,0.499,0,1415,0.709,0.509,0,0,0.491,0,1569,0.786
Indiana,Daviess,Indiana,270,0.319,0.398,0.226,0.057,0,2345,0.769,0.506,0.494,0,0,0,2204,0.723,0.563,0,0,0.437,0,2214,0.704,0.514,0.486,0,2526,0.778,0.501,0,0,0.499,0,2497,0.769
Indiana,De Kalb,Indiana,330,0.467,0.524,0.001,0.008,0,2865,0.907,0.476,0.524,0,0,0,2886,0.914,0.552,0,0,0.448,0,2628,0.764,0.498,0.502,0,2956,0.795,0.493,0,0,0.507,0,3021,0.812
Indiana,Dearborn,Indiana,290,0.516,0.451,0.013,0.02,0,4720,0.797,0.533,0.467,0,0,0,4816,0.814,0.644,0,0,0.356,0,4244,0.693,0.533,0.467,0,4537,0.716,0.527,0,0,0.473,0,4489,0.709
Indiana,Decatur,Indiana,310,0.419,0.55,0.025,0.005,0,3687,0.912,0.455,0.545,0,0,0,3665,0.907,0.474,0,0,0.526,0,3529,0.839,0.418,0.582,0,3731,0.854,0.425,0,0,0.575,0,3498,0.801
Indiana,Delaware,Indiana,350,0.335,0.63,0.032,0.003,0,3070,0.864,0.394,0.606,0,0,0,2734,0.769,0.441,0,0,0.549,0,2475,0.65,0.196,0.804,0,2993,0.737,0.244,0,0,0.756,0,2932,0.722
Indiana,Dubois,Indiana,370,0.807,0.18,0.001,0.012,0,1670,0.761,0.813,0.187,0,0,0,1711,0.779,0.725,0,0,0.225,0,1428,0.601,0.831,0.169,0,1750,0.684,0.832,0,0,0.168,0,1812,0.708
Indiana,Elkhart,Indiana,390,0.437,0.557,0.006,0,0,4437,0.872,0.459,0.541,0,0,0,4413,0.868,0.504,0,0,0.496,0,3657,0.66,0.47,0.53,0,4253,0.71,0.463,0,0,0.537,0,4266,0.712
Indiana,Fayette,Indiana,410,0.397,0.582,0.017,0.004,0,2308,0.892,0.465,0.535,0,0,0,2223,0.859,0.508,0,0,0.492,0,1796,0.683,0.395,0.605,0,2178,0.814,0.404,0,0,0.596,0,2087,0.78
Indiana,Floyd,Indiana,430,0.546,0.333,0.028,0.093,0,3455,0.718,0.432,0.568,0,0,0,3554,0.739,0.663,0,0,0.337,0,2395,0.473,0.585,0.415,0,3512,0.661,0.532,0,0,0.468,0,3776,0.711
Indiana,Fountain,Indiana,450,0.413,0.503,0.082,0.002,0,3291,0.869,0.498,0.502,0,0,0,3253,0.859,0.523,0,0,0.477,0,3229,0.823,0.538,0.462,0,3380,0.833,0.535,0,0,0.465,0,3425,0.844
Indiana,Franklin,Indiana,470,0.564,0.421,0.012,0.002,0,4025,0.893,0.579,0.421,0,0,0,3965,0.88,0.68,0,0,0.32,0,3524,0.765,0.623,0.377,0,3715,0.788,0.615,0,0,0.385,0,3727,0.791
Indiana,Fulton,Indiana,490,0.486,0.5,0.011,0.003,0,2038,0.958,0.51,0.49,0,0,0,2103,0.988,0.552,0,0,0.448,0,1960,0.857,0.527,0.473,0,2086,0.852,0.52,0,0,0.48,0,2099,0.857
Indiana,Gibson,Indiana,510,0.518,0.435,0.01,0.038,0,2984,0.872,0.533,0.467,0,0,0,2852,0.833,0.381,0,0,0.619,0,3084,0.847,0.539,0.461,0,2813,0.73,0.536,0,0,0.464,0,2780,0.721
Indiana,Grant,Indiana,530,0.412,0.562,0.011,0.015,0,2970,0.887,0.437,0.563,0,0,0,2776,0.829,0.475,0,0,0.525,0,2761,0.773,0.445,0.555,0,2785,0.734,0.443,0,0,0.557,0,2895,0.763
Indiana,Greene,Indiana,550,0.445,0.48,0.069,0.007,0,2960,0.864,0.519,0.481,0,0,0,2840,0.829,0.569,0,0,0.431,0,2558,0.711,0.556,0.444,0,2727,0.723,0.537,0,0,0.463,0,2728,0.723
Indiana,Hamilton,Indiana,570,0.332,0.638,0.028,0.001,0,3441,0.915,0.357,0.643,0,0,0,3261,0.867,0.422,0,0,0.578,0,2704,0.677,0.253,0.747,0,4318,1.02,0.267,0,0,0.733,0,4031,0.953
Indiana,Hancock,Indiana,590,0.496,0.462,0.037,0.005,0,2600,0.923,0.541,0.459,0,0,0,2536,0.901,0.475,0,0,0.525,0,2566,0.86,0.494,0.506,0,2706,0.86,0.506,0,0,0.494,0,2759,0.876
Indiana,Harrison,Indiana,610,0.529,0.456,0.01,0.005,0,3494,0.844,0.511,0.489,0,0,0,3555,0.859,0.608,0,0,0.392,0,2551,0.59,0.573,0.427,0,3109,0.69,0.561,0,0,0.439,0,3239,0.718
Indiana,Hendricks,Indiana,630,0.317,0.6,0.071,0.012,0,3418,0.88,0.402,0.598,0,0,0,3375,0.869,0.378,0,0,0.622,0,3172,0.781,0.241,0.759,0,3454,0.816,0.284,0,0,0.716,0,3648,0.862
Indiana,Henry,Indiana,650,0.285,0.69,0.021,0.004,0,4238,0.91,0.333,0.667,0,0,0,4028,0.865,0.45,0,0,0.55,0,3203,0.659,0.259,0.741,0,4084,0.806,0.275,0,0,0.725,0,3720,0.734
Indiana,Howard,Indiana,670,0.348,0.632,0.014,0.006,0,2514,0.923,0.372,0.628,0,0,0,2405,0.883,0.405,0,0,0.595,0,2309,0.772,0.35,0.65,0,2660,0.816,0.343,0,0,0.657,0,2648,0.812
Indiana,Huntington,Indiana,690,0.46,0.519,0.017,0.005,0,3050,0.904,0.48,0.52,0,0,0,2894,0.858,0.513,0,0,0.487,0,3047,0.828,0.513,0.487,0,3282,0.824,0.5,0,0,0.5,0,3285,0.824
Indiana,Jackson,Indiana,710,0.565,0.385,0.038,0.012,0,3078,0.829,0.58,0.42,0,0,0,2749,0.741,0.644,0,0,0.356,0,2816,0.702,0.602,0.398,0,2982,0.691,0.619,0,0,0.381,0,3016,0.699
Indiana,Jasper,Indiana,730,0.333,0.639,0.008,0.02,0,836,0.829,0.346,0.654,0,0,0,806,0.8,0.345,0,0,0.635,0,835,0.791,0.328,0.672,0,871,0.788,0.319,0,0,0.681,0,875,0.792
Indiana,Jay,Indiana,750,0.483,0.509,0.005,0.003,0,2230,0.883,0.496,0.504,0,0,0,2180,0.863,0.532,0,0,0.468,0,2172,0.792,0.509,0.491,0,2246,0.76,0.501,0,0,0.499,0,2264,0.766
Indiana,Jefferson,Indiana,770,0.253,0.589,0.125,0.033,0,4521,0.798,0.321,0.679,0,0,0,4346,0.767,0.429,0,0,0.571,0,4240,0.746,0.392,0.608,0,4535,0.795,0.392,0,0,0.608,0,4686,0.822
Indiana,Jennings,Indiana,790,0.292,0.579,0.115,0.015,0,2847,0.852,0.345,0.655,0,0,0,2535,0.759,0.479,0,0,0.531,0,2700,0.773,0.373,0.627,0,2896,0.795,0.4,0,0,0.6,0,2977,0.817
Indiana,Johnson,Indiana,810,0.45,0.422,0.109,0.019,0,3091,0.873,0.571,0.429,0,0,0,2970,0.839,0.611,0,0,0.389,0,2972,0.799,0.528,0.472,0,3247,0.832,0.474,0,0,0.526,0,3310,0.848
Indiana,Knox,Indiana,830,0.502,0.473,0.013,0.012,0,3317,0.846,0.526,0.474,0,0,0,3256,0.83,0.606,0,0,0.394,0,2553,0.604,0.574,0.426,0,3165,0.699,0.566,0,0,0.434,0,3113,0.687
Indiana,Kosciusko,Indiana,850,0.395,0.602,0.002,0.001,0,3802,0.968,0.401,0.599,0,0,0,3645,0.928,0.431,0,0,0.569,0,3395,0.795,0.452,0.548,0,3996,0.866,0.456,0,0,0.544,0,4016,0.871
Indiana,La Porte,Indiana,910,0.291,0.612,0.092,0.005,0,5176,0.834,0.4,0.6,0,0,0,5015,0.808,0.461,0,0,0.539,0,4548,0.664,0.437,0.563,0,4911,0.655,0.454,0,0,0.546,0,4954,0.661
Indiana,Lagrange,Indiana,870,0.303,0.686,0.004,0.006,0,2470,0.867,0.324,0.676,0,0,0,2347,0.824,0.351,0,0,0.649,0,2067,0.684,0.335,0.665,0,2379,0.743,0.316,0,0,0.684,0,2327,0.727
Indiana,Lake,Indiana,890,0.268,0.721,0.012,0,0,1700,0.73,0.326,0.674,0,0,0,1631,0.7,0.34,0,0,0.66,0,1645,0.633,0.266,0.734,0,1736,0.604,0.272,0,0,0.728,0,1761,0.613
Indiana,Lawrence,Indiana,930,0.294,0.432,0.196,0.078,0,2678,0.86,0.451,0.549,0,0,0,2470,0.793,0.509,0,0,0.491,0,2382,0.744,0.433,0.567,0,2506,0.762,0.455,0,0,0.545,0,2641,0.803
Indiana,Madison,Indiana,950,0.504,0.467,0.019,0.01,0,3656,0.972,0.522,0.478,0,0,0,3507,0.932,0.603,0,0,0.397,0,3377,0.846,0.573,0.427,0,3592,0.851,0.558,0,0,0.442,0,3707,0.878
Indiana,Marion,Indiana,970,0.371,0.574,0.036,0.018,0,8756,0.863,0.431,0.569,0,0,0,8658,0.854,0.383,0,0,0.617,0,8014,0.726,0.241,0.759,0,14438,1.209,0.253,0,0,0.747,0,12761,1.068
Indiana,Marshall,Indiana,990,0.504,0.488,0.008,0.001,0,2925,0.963,0.494,0.506,0,0,0,2723,0.897,0.583,0,0,0.417,0,2771,0.81,0.569,0.431,0,2795,0.734,0.598,0,0,0.402,0,3024,0.794
Indiana,Martin,Indiana,1010,0.484,0.368,0.109,0.04,0,1404,0.755,0.545,0.455,0,0,0,1309,0.704,0.639,0,0,0.361,0,1367,0.684,0.587,0.413,0,1393,0.652,0.603,0,0,0.397,0,1470,0.688
Indiana,Miami,Indiana,1030,0.464,0.529,0.007,0,0,3469,0.893,0.474,0.526,0,0,0,3539,0.911,0.543,0,0,0.457,0,3402,0.818,0.484,0.516,0,3548,0.8,0.481,0,0,0.519,0,3677,0.829
Indiana,Monroe,Indiana,1050,0.302,0.505,0.166,0.027,0,2373,0.83,0.458,0.542,0,0,0,2304,0.806,0.567,0,0,0.433,0,2355,0.794,0.502,0.498,0,2412,0.785,0.52,0,0,0.48,0,2480,0.808
Indiana,Montgomery,Indiana,1070,0.464,0.504,0.014,0.017,0,4692,0.922,0.486,0.514,0,0,0,4634,0.911,0.507,0,0,0.493,0,4164,0.782,0.504,0.496,0,4488,0.807,0.5,0,0,0.5,0,4522,0.813
Indiana,Morgan,Indiana,1090,0.453,0.524,0.019,0.004,0,3347,0.905,0.48,0.52,0,0,0,3344,0.904,0.478,0,0,0.522,0,3010,0.785,0.417,0.583,0,3076,0.774,0.414,0,0,0.586,0,3148,0.792
Indiana,Newton,Indiana,1110,0.351,0.566,0.082,0.002,0,539,0.949,0.477,0.523,0,0,0,526,0.926,0.5,0,0,0.5,0,574,,0.439,0.561,0,624,,0.441,0,0,0.559,0,615,
Indiana,Noble,Indiana,1130,0.425,0.561,0.012,0.001,0,3104,0.889,0.438,0.562,0,0,0,2999,0.859,0.464,0,0,0.536,0,2954,0.77,0.438,0.562,0,3542,0.847,0.421,0,0,0.579,0,3523,0.843
Indiana,Ohio,Indiana,1150,0.331,0.297,0.2,0.172,0,1013,0.803,0.544,0.456,0,0,0,934,0.74,0.496,0,0,0.504,0,977,0.767,0.392,0.608,0,973,0.757,0.401,0,0,0.599,0,999,0.777
Indiana,Orange,Indiana,1170,0.501,0.382,0.079,0.038,0,2224,0.856,0.561,0.439,0,0,0,1992,0.767,0.669,0,0,0.331,0,1840,0.686,0.559,0.441,0,1824,0.659,0.544,0,0,0.456,0,1880,0.68
Indiana,Owen,Indiana,1190,0.49,0.432,0.033,0.045,0,2639,0.858,0.559,0.441,0,0,0,2619,0.852,0.649,0,0,0.351,0,2312,0.721,0.591,0.409,0,2575,0.77,0.587,0,0,0.413,0,2630,0.787
Indiana,Parke,Indiana,1210,0.393,0.565,0.016,0.025,0,3358,0.944,0.422,0.578,0,0,0,3231,0.908,0.39,0,0,0.61,0,2995,0.825,0.368,0.632,0,3357,0.907,0.364,0,0,0.636,0,3323,0.898
Indiana,Perry,Indiana,1230,0.443,0.48,0.003,0.075,0,2139,0.769,0.484,0.516,0,0,0,2122,0.763,0.666,0,0,0.334,0,1678,0.559,0.484,0.516,0,2154,0.668,0.491,0,0,0.509,0,2220,0.689
Indiana,Pike,Indiana,1250,0.471,0.477,0.031,0.021,0,1873,0.852,0.493,0.507,0,0,0,1780,0.809,0.49,0,0,0.51,0,1212,0.543,0.513,0.487,0,1891,0.836,0.511,0,0,0.489,0,1890,0.836
Indiana,Porter,Indiana,1270,0.363,0.624,0.011,0.002,0,2452,0.879,0.388,0.612,0,0,0,2345,0.841,0.442,0,0,0.558,0,2430,0.784,0.389,0.611,0,2405,0.705,0.419,0,0,0.581,0,2478,0.727
Indiana,Posey,Indiana,1290,0.392,0.367,0.182,0.058,0,2874,0.738,0.59,0.41,0,0,0,2614,0.671,0.504,0,0,0.496,0,2669,0.65,0.539,0.461,0,2942,0.682,0.525,0,0,0.475,0,2983,0.692
Indiana,Pulaski,Indiana,1310,0.533,0.459,0.003,0.006,0,1245,0.919,0.537,0.463,0,0,0,1211,0.894,0.567,0,0,0.433,0,1114,0.739,0.595,0.405,0,1206,0.726,0.577,0,0,0.423,0,1221,0.735
Indiana,Putnam,Indiana,1330,0.424,0.458,0.088,0.03,0,4119,0.86,0.496,0.504,0,0,0,3807,0.795,0.537,0,0,0.463,0,3932,0.79,0.523,0.477,0,4123,0.797,0.504,0,0,0.496,0,4188,0.81
Indiana,Randolph,Indiana,1350,0.333,0.648,0.016,0.003,0,3544,0.867,0.378,0.622,0,0,0,3332,0.815,0.443,0,0,0.557,0,3012,0.696,0.33,0.67,0,3539,0.776,0.343,0,0,0.657,0,3515,0.77
Indiana,Ripley,Indiana,1370,0.399,0.544,0.048,0.01,0,3657,0.849,0.453,0.547,0,0,0,3532,0.82,0.563,0,0,0.437,0,3328,0.736,0.489,0.511,0,3576,0.756,0.475,0,0,0.525,0,3638,0.769
Indiana,Rush,Indiana,1390,0.33,0.519,0.141,0.01,0,3387,0.858,0.489,0.511,0,0,0,3394,0.859,0.531,0,0,0.469,0,3316,0.823,0.472,0.528,0,3561,0.866,0.464,0,0,0.536,0,3613,0.879
Indiana,Scott,Indiana,1430,0.315,0.464,0.184,0.037,0,1421,0.89,0.511,0.489,0,0,0,1361,0.852,0.587,0,0,0.413,0,1363,0.816,0.559,0.441,0,1328,0.761,0.549,0,0,0.451,0,1360,0.78
Indiana,Shelby,Indiana,1450,0.51,0.473,0.011,0.006,0,4015,0.907,0.526,0.474,0,0,0,4033,0.911,0.589,0,0,0.411,0,3745,0.806,0.548,0.452,0,4060,0.834,0.57,0,0,0.43,0,4165,0.855
Indiana,Spencer,Indiana,1470,0.403,0.471,0.063,0.064,0,2751,0.813,0.495,0.505,0,0,0,2650,0.783,0.524,0,0,0.476,0,2161,0.587,0.478,0.522,0,2985,0.751,0.487,0,0,0.513,0,3042,0.765
Indiana,St Joseph,Indiana,1410,0.384,0.609,0.006,0.001,0,3880,0.846,0.392,0.608,0,0,0,3782,0.824,0.452,0,0,0.548,0,3658,0.734,0.416,0.584,0,3746,0.696,0.435,0,0,0.565,0,3866,0.718
Indiana,Starke,Indiana,1490,0.529,0.435,0.032,0.005,0,437,0.821,0.689,0.311,0,0,0,380,0.714,0.646,0,0,0.354,0,466,0.759,0.532,0.468,0,464,0.667,0.557,0,0,0.443,0,506,0.727
Indiana,Steuben,Indiana,1510,0.249,0.71,0.037,0.004,0,2197,0.821,0.305,0.695,0,0,0,1990,0.743,0.26,0,0,0.74,0,1698,0.578,0.271,0.729,0,2252,0.703,0.262,0,0,0.738,0,2211,0.691
Indiana,Sullivan,Indiana,1530,0.641,0.295,0.044,0.019,0,2897,0.864,0.681,0.319,0,0,0,2665,0.795,0.735,0,0,0.365,0,2674,0.743,0.721,0.279,0,2854,0.741,0.744,0,0,0.256,0,2931,0.761
Indiana,Switzerland,Indiana,1550,0.215,0.331,0.225,0.23,0,2219,0.75,0.474,0.526,0,0,0,2083,0.704,0.55,0,0,0.45,0,2849,0.961,0.373,0.627,0,2295,0.772,0.362,0,0,0.638,0,2342,0.787
Indiana,Tippecanoe,Indiana,1570,0.385,0.589,0.02,0.006,0,5907,0.849,0.413,0.587,0,0,0,5676,0.816,0.45,0,0,0.55,0,5190,0.71,0.443,0.557,0,6264,0.819,0.446,0,0,0.554,0,6021,0.787
Indiana,Tipton,Indiana,1590,0.506,0.48,0.013,0.002,0,1626,0.919,0.524,0.476,0,0,0,1480,0.837,0.619,0,0,0.381,0,1359,0.688,0.582,0.418,0,1750,0.803,0.551,0,0,0.449,0,1761,0.808
Indiana,Union,Indiana,1610,0.423,0.551,0.023,0.002,0,1540,0.863,0.467,0.533,0,0,0,1528,0.857,0.544,0,0,0.456,0,1273,0.703,0.416,0.584,0,1424,0.774,0.44,0,0,0.56,0,1366,0.743
Indiana,Vanderburgh,Indiana,1630,0.395,0.48,0.047,0.077,0,3904,0.704,0.528,0.472,0,0,0,3849,0.694,0.537,0,0,0.463,0,3672,0.603,0.436,0.564,0,4848,0.731,0.473,0,0,0.527,0,4981,0.751
Indiana,Vermillion,Indiana,1650,0.427,0.552,0.009,0.012,0,1975,0.866,0.446,0.554,0,0,0,1916,0.84,0.449,0,0,0.551,0,1701,0.724,0.419,0.581,0,1796,0.743,0.395,0,0,0.605,0,1760,0.728
Indiana,Vigo,Indiana,1670,0.442,0.505,0.009,0.044,0,4811,0.885,0.489,0.511,0,0,0,4771,0.877,0.506,0,0,0.496,0,4189,0.718,0.429,0.571,0,5054,0.812,0.442,0,0,0.558,0,5121,0.822
Indiana,Wabash,Indiana,1690,0.324,0.648,0.022,0.006,0,3528,0.884,0.355,0.645,0,0,0,3215,0.806,0.403,0,0,0.597,0,3272,0.771,0.333,0.667,0,3690,0.82,0.355,0,0,0.645,0,3717,0.826
Indiana,Warren,Indiana,1710,0.345,0.633,0.015,0.007,0,2229,0.875,0.361,0.639,0,0,0,2097,0.823,0.369,0,0,0.631,0,1851,0.681,0.357,0.643,0,2134,0.738,0.358,0,0,0.642,0,2090,0.723
Indiana,Warrick,Indiana,1730,0.323,0.307,0.336,0.035,0,2430,0.809,0.637,0.363,0,0,0,1982,0.66,0.478,0,0,0.522,0,2186,0.675,0.536,0.464,0,2688,0.774,0.525,0,0,0.475,0,2766,0.796
Indiana,Washington,Indiana,1750,0.577,0.4,0.014,0.009,0,3445,0.864,0.579,0.421,0,0,0,3224,0.809,0.642,0,0,0.358,0,2973,0.734,0.592,0.408,0,3041,0.739,0.582,0,0,0.418,0,3164,0.769
Indiana,Wayne,Indiana,1770,0.284,0.674,0.026,0.016,0,6281,0.872,0.353,0.647,0,0,0,5893,0.818,0.394,0,0,0.606,0,4927,0.656,0.265,0.735,0,5767,0.737,0.293,0,0,0.707,0,6070,0.775
Indiana,Wells,Indiana,1790,0.545,0.451,0.003,0.001,0,2017,0.878,0.547,0.453,0,0,0,1862,0.811,0.59,0,0,0.41,0,1943,0.781,0.593,0.407,0,2081,0.776,0.589,0,0,0.411,0,2117,0.789
Indiana,White,Indiana,1810,0.431,0.528,0.036,0.005,0,1880,0.923,0.475,0.525,0,0,0,1876,0.921,0.522,0,0,0.478,0,1875,0.837,0.489,0.511,0,1839,0.753,0.478,0,0,0.522,0,1884,0.772
Indiana,Whitley,Indiana,1830,0.477,0.506,0.015,0.002,0,2237,0.932,0.503,0.497,0,0,0,2182,0.909,0.552,0,0,0.448,0,2233,0.841,0.555,0.445,0,2389,0.822,0.543,0,0,0.457,0,2435,0.838
Iowa,Adair,Iowa,10,0.5,0.477,0,0.011,0.011,88,0.351,0.54,0.46,0,0,0,87,0.347,0.414,0.586,0,0,0,174,,0.283,0.717,0,166,,0.262,0.738,0,0,0,164,
Iowa,Adams,Iowa,30,0.364,0.636,0,0,0,253,0.642,0.365,0.635,0,0,0,255,0.647,0.354,0.646,0,0,0,271,,0.297,0.703,0,256,,0.296,0.704,0,0,0,257,
Iowa,Allamakee,Iowa,50,0.49,0.504,0,0.004,0.002,2351,0.769,0.495,0.505,0,0,0,2344,0.767,0.54,0.46,0,0,0,1777,0.49,0.537,0.463,0,2475,0.591,0.538,0.462,0,0,0,2483,0.592
Iowa,Appanoose,Iowa,70,0.572,0.399,0,0.008,0.02,2136,0.853,0.592,0.408,0,0,0,2131,0.851,0.639,0.361,0,0,0,1563,0.544,0.513,0.487,0,1794,0.553,0.513,0.487,0,0,0,1794,0.553
Iowa,Audubon,Iowa,90,0.551,0.449,0,0,0,107,0.87,0.538,0.462,0,0,0,106,0.862,0.476,0.524,0,0,0,84,,0.65,0.35,0,80,,0.547,0.453,0,0,0,95,
Iowa,Benton,Iowa,110,0.411,0.586,0,0.003,0,1755,0.866,0.415,0.585,0,0,0,1762,0.87,0.463,0.537,0,0,0,1172,0.488,0.334,0.666,0,1679,0.605,0.328,0.672,0,0,0,1659,0.598
Iowa,Black Hawk,Iowa,130,0.325,0.662,0,0.002,0.01,1694,0.787,0.341,0.659,0,0,0,1696,0.788,0.325,0.675,0,0,0,1215,0.472,0.225,0.775,0,1922,0.641,0.226,0.774,0,0,0,1921,0.641
Iowa,Boone,Iowa,150,0.549,0.448,0,0.001,0.001,814,0.846,0.545,0.455,0,0,0,809,0.841,0.614,0.386,0,0,0,635,0.572,0.532,0.468,0,865,0.688,0.536,0.464,0,0,0,858,0.682
Iowa,Bremer,Iowa,170,0.446,0.536,0,0,0.018,1014,0.815,0.467,0.533,0,0,0,1015,0.816,0.351,0.649,0,0,0,735,,0.259,0.741,0,994,,0.261,0.739,0,0,0,997,
Iowa,Buchanan,Iowa,190,0.39,0.604,0,0.001,0.006,1594,0.795,0.394,0.606,0,0,0,1589,0.793,0.431,0.569,0,0,0,1320,0.554,0.363,0.637,0,1655,0.599,0.363,0.637,0,0,0,1655,0.599
Iowa,Buena Vista,Iowa,210,0.5,0.5,0,0,0,12,0.75,0.583,0.417,0,0,0,12,0.75,0.625,0.375,0,0,0,16,,0.6,0.4,0,15,,0.6,0.4,0,0,0,15,
Iowa,Butler,Iowa,230,0.337,0.662,0,0.001,0,730,0.797,0.338,0.662,0,0,0,730,0.797,0.376,0.624,0,0,0,543,,0.301,0.699,0,800,,0.302,0.697,0,0,0,800,
Iowa,Calhoun,Iowa,250,0.513,0.487,0,0,0,39,0.886,0.486,0.514,0,0,0,37,0.841,0.545,0.455,0,0,0,33,,0.667,0.333,0,36,,0.667,0.333,0,0,0,36,
Iowa,Carroll,Iowa,270,0.51,0.49,0,0,0,51,0.81,0.49,0.51,0,0,0,49,0.778,0.605,0.395,0,0,0,43,,0.492,0.508,0,65,,0,1,0,0,0,33,
Iowa,Cass,Iowa,290,0.44,0.544,0,0.013,0.003,307,0.663,0.451,0.549,0,0,0,308,0.665,0.416,0.584,0,0,0,279,,0.416,0.584,0,308,,0.416,0.584,0,0,0,308,
Iowa,Cedar,Iowa,310,0.378,0.608,0,0.011,0.002,2545,0.787,0.394,0.606,0,0,0,2556,0.79,0.455,0.545,0,0,0,2045,0.554,0.354,0.646,0,2350,0.567,0.343,0.657,0,0,0,2466,0.595
Iowa,Cerro Gordo,Iowa,330,0.259,0.701,0,0.009,0.031,224,0.855,0.314,0.686,0,0,0,220,0.84,0.182,0.818,0,0,0,181,,0.046,0.954,0,239,,0.047,0.953,0,0,0,236,
Iowa,Cherokee,Iowa,350,0.231,0.769,0,0,0,13,0.929,0.231,0.769,0,0,0,13,0.929,0.133,0.867,0,0,0,15,,0.111,0.889,0,9,,0,1,0,0,0,8,
Iowa,Chickasaw,Iowa,370,0.357,0.642,0,0,0.001,857,0.781,0.362,0.638,0,0,0,857,0.781,0.313,0.687,0,0,0,627,,0.336,0.664,0,868,,0.338,0.662,0,0,0,863,
Iowa,Clarke,Iowa,390,0.429,0.571,0,0,0,1036,0.865,0.427,0.573,0,0,0,1041,0.87,0.377,0.623,0,0,0,794,0.554,0.253,0.747,0,818,0.49,0.253,0.747,0,0,0,819,0.491
Iowa,Clay,Iowa,410,0.619,0.381,0,0,0,21,1.235,0.667,0.333,0,0,0,21,1.235,0.444,0.556,0,0,0,9,,0.314,0.686,0,35,,0.314,0.686,0,0,0,35,
Iowa,Clayton,Iowa,430,0.427,0.568,0,0.001,0.004,3679,0.675,0.434,0.566,0,0,0,3684,0.676,0.428,0.572,0,0,0,2643,0.418,0.438,0.562,0,3752,0.521,0.433,0.567,0,0,0,3755,0.522
Iowa,Clinton,Iowa,450,0.41,0.558,0,0.014,0.017,3535,0.694,0.434,0.566,0,0,0,3494,0.686,0.476,0.524,0,0,0,2466,0.413,0.426,0.574,0,3306,0.482,0.422,0.578,0,0,0,3403,0.496
Iowa,Crawford,Iowa,470,0.397,0.603,0,0,0,78,0.83,0.405,0.595,0,0,0,79,0.84,0.303,0.697,0,0,0,76,,0.258,0.742,0,66,,0.443,0.557,0,0,0,88,
Iowa,Dallas,Iowa,490,0.411,0.579,0,0.006,0.005,1057,0.891,0.42,0.58,0,0,0,1059,0.893,0.407,0.593,0,0,0,729,0.527,0.341,0.659,0,959,0.607,0.353,0.647,0,0,0,969,0.613
Iowa,Davis,Iowa,510,0.566,0.335,0,0.09,0.01,2518,0.856,0.632,0.368,0,0,0,2435,0.828,0.632,0.368,0,0,0,1910,0.592,0.487,0.513,0,1989,0.567,0.487,0.513,0,0,0,1995,0.569
Iowa,Decatur,Iowa,530,0.565,0.428,0,0.007,0,1589,0.82,0.562,0.438,0,0,0,1592,0.822,0.597,0.403,0,0,0,1095,0.479,0.456,0.544,0,1266,0.481,0.457,0.543,0,0,0,1269,0.482
Iowa,Delaware,Iowa,550,0.378,0.611,0,0.01,0.001,2076,0.756,0.386,0.614,0,0,0,2068,0.753,0.378,0.622,0,0,0,1772,0.552,0.326,0.674,0,1930,0.525,0.326,0.674,0,0,0,1933,0.526
Iowa,Des Moines,Iowa,570,0.437,0.52,0,0.041,0.003,3838,0.803,0.465,0.535,0,0,0,3818,0.799,0.525,0.475,0,0,0,3248,0.638,0.425,0.575,0,3564,0.659,0.424,0.576,0,0,0,3579,0.662
Iowa,Dickinson,Iowa,590,0.132,0.868,0,0,0,53,0.736,0.14,0.86,0,0,0,50,0.694,0.061,0.939,0,0,0,33,,,,,,,0,1,,,,42,
Iowa,Dubuque,Iowa,610,0.58,0.397,0,0.012,0.011,5269,0.665,0.614,0.386,0,0,0,5231,0.66,0.65,0.35,0,0,0,4778,0.534,0.656,0.344,0,5060,0.508,0.654,0.346,0,0,0,5069,0.509
Iowa,Emmet,Iowa,630,0,1,0,0,0,36,0.923,0,1,0,0,0,27,0.692,,,,,,,,0,1,0,41,,0.024,0.976,0,0,0,41,
Iowa,Fayette,Iowa,650,0.352,0.645,0,0,0.002,2369,0.811,0.357,0.643,0,0,0,2371,0.812,0.288,0.706,0,0,0,1391,0.402,0.361,0.639,0,2212,0.553,0.362,0.638,0,0,0,2218,0.554
Iowa,Floyd,Iowa,670,0.257,0.715,0,0.001,0.027,783,0.781,0.273,0.727,0,0,0,768,0.766,0.235,0.746,0,0,0,603,,0.24,0.76,0,772,,0.239,0.761,0,0,0,774,
Iowa,Franklin,Iowa,690,0.232,0.768,0,0,0,297,0.903,0.234,0.766,0,0,0,295,0.897,,,,,,,,0.192,0.808,0,292,,0.004,0.996,0,0,0,238,
Iowa,Fremont,Iowa,710,0.524,0.409,0,0.067,0,985,0.739,0.573,0.427,0,0,0,970,0.728,,,,,,,,0.467,0.533,0,959,0.546,0.466,0.534,0,0,0,961,0.547
Iowa,Greene,Iowa,730,0.547,0.453,0,0,0,267,0.896,0.546,0.454,0,0,0,269,0.903,0.526,0.474,0,0,0,173,,0.402,0.598,0,256,,0.405,0.595,0,0,0,257,
Iowa,Grundy,Iowa,750,0.119,0.881,0,0,0,160,0.784,0.12,0.88,0,0,0,158,0.775,0.077,0.923,0,0,0,143,,0.082,0.918,0,220,,0.125,0.875,0,0,0,120,
Iowa,Guthrie,Iowa,770,0.481,0.519,0,0,0,628,0.902,0.468,0.532,0,0,0,632,0.908,0.533,0.467,0,0,0,463,,0.494,0.506,0,553,,0.492,0.508,0,0,0,555,
Iowa,Hamilton,Iowa,790,0.295,0.661,0,0.006,0.038,339,0.798,0.338,0.662,0,0,0,343,0.807,0.261,0.739,0,0,0,180,,0.235,0.765,0,340,,0.235,0.765,0,0,0,341,
Iowa,Hancock,Iowa,810,0.121,0.879,0,0,0,33,0.687,0.256,0.744,0,0,0,39,0.812,,,,,,,,0.327,0.673,0,52,,0.327,0.673,0,0,0,52,
Iowa,Hardin,Iowa,830,0.347,0.648,0,0.002,0.003,1100,0.835,0.355,0.645,0,0,0,1104,0.838,0.325,0.675,0,0,0,644,,0.272,0.728,0,1120,,0.276,0.724,0,0,0,1105,
Iowa,Harrison,Iowa,850,0.477,0.515,0,0.001,0.007,748,0.793,0.485,0.515,0,0,0,745,0.79,0.442,0.558,0,0,0,561,,0.46,0.54,0,632,,0.457,0.543,0,0,0,670,
Iowa,Henry,Iowa,870,0.325,0.655,0,0.02,0,3280,0.749,0.344,0.656,0,0,0,3282,0.749,0.349,0.651,0,0,0,2485,0.511,0.244,0.756,0,2738,0.512,0.245,0.755,0,0,0,2741,0.512
Iowa,Howard,Iowa,890,0.413,0.587,0,0,0,658,0.818,0.418,0.582,0,0,0,662,0.823,0.388,0.608,0,0,0,508,,,,,,,0.344,0.656,,,,642,
Iowa,Humboldt,Iowa,910,0.11,0.753,0,0,0.137,73,0.802,0.247,0.753,0,0,0,73,0.802,0.226,0.774,0,0,0,62,,0.295,0.705,0,105,,0.295,0.705,0,0,0,105,
Iowa,Ida,Iowa,930,0.6,0.4,0,0,0,10,0.833,0.6,0.4,0,0,0,10,0.833,,,,,,,,0,1,0,10,,,,0,0,0,,
Iowa,Iowa,Iowa,950,0.462,0.531,0,0.007,0,1474,0.712,0.467,0.533,0,0,0,1466,0.708,0.53,0.47,0,0,0,1260,0.515,0.455,0.545,0,1454,0.515,0.454,0.546,0,0,0,1453,0.515
Iowa,Jackson,Iowa,970,0.48,0.503,0,0.013,0.005,3134,0.698,0.513,0.487,0,0,0,3257,0.725,0.585,0.415,0,0,0,2550,0.507,0.502,0.498,0,3207,0.576,0.486,0.514,0,0,0,3113,0.559
Iowa,Jasper,Iowa,990,0.338,0.629,0,0.007,0.026,1920,0.846,0.37,0.63,0,0,0,1918,0.845,0.437,0.563,0,0,0,1354,0.507,0.321,0.679,0,1987,0.646,0.316,0.636,0,0,0,2065,0.672
Iowa,Jefferson,Iowa,1010,0.453,0.532,0,0.014,0.001,2749,0.815,0.465,0.535,0,0,0,2751,0.816,0.493,0.507,0,0,0,2260,0.619,0.409,0.591,0,2351,0.599,0.41,0.59,0,0,0,2349,0.599
Iowa,Johnson,Iowa,1030,0.427,0.532,0,0.033,0.008,3389,0.755,0.459,0.541,0,0,0,3366,0.75,0.574,0.426,0,0,0,2357,0.455,0.475,0.525,0,2943,0.501,0.479,0.521,0,0,0,2930,0.499
Iowa,Jones,Iowa,1050,0.425,0.564,0,0.002,0.009,2576,0.782,0.439,0.561,0,0,0,2586,0.785,0.458,0.542,0,0,0,1832,0.481,0.381,0.619,0,2472,0.571,0.38,0.62,0,0,0,2471,0.571
Iowa,Keokuk,Iowa,1070,0.47,0.524,0,0.001,0.006,2539,0.847,0.477,0.523,0,0,0,2545,0.849,0.521,0.479,0,0,0,1888,0.555,0.449,0.551,0,2087,0.549,0.448,0.552,0,0,0,2087,0.549
Iowa,Kossuth,Iowa,1090,0.238,0.762,0,0,0,84,0.832,0.265,0.735,0,0,0,83,0.822,0.088,0.912,0,0,0,68,,0.159,0.841,0,88,,0.159,0.841,0,0,0,88,
Iowa,Lee,Iowa,1110,0.487,0.484,0,0.025,0.004,5409,0.734,0.509,0.491,0,0,0,5392,0.731,0.579,0.421,0,0,0,4114,0.52,0.47,0.53,0,4729,0.559,0.478,0.522,0,0,0,4765,0.563
Iowa,Linn,Iowa,1130,0.356,0.615,0,0.022,0.007,3620,0.778,0.381,0.619,0,0,0,3593,0.772,0.416,0.584,0,0,0,2929,0.549,0.325,0.675,0,3340,0.555,0.324,0.676,0,0,0,3326,0.552
Iowa,Louisa,Iowa,1150,0.353,0.627,0,0.012,0.007,2088,0.852,0.366,0.634,0,0,0,2088,0.852,0.374,0.626,0,0,0,1425,0.525,0.3,0.7,0,1864,0.626,0.299,0.701,0,0,0,1866,0.626
Iowa,Lucas,Iowa,1170,0.448,0.544,0,0.007,0,1077,0.808,0.45,0.55,0,0,0,1079,0.809,0.499,0.501,0,0,0,745,0.473,0.403,0.597,0,947,0.521,0.405,0.595,0,0,0,949,0.522
Iowa,Madison,Iowa,1210,0.638,0.353,0,0.004,0.005,2087,1.285,0.51,0.49,0,0,0,1521,0.937,0.514,0.486,0,0,0,1225,0.645,0.42,0.58,0,1394,0.641,0.421,0.579,0,0,0,1395,0.641
Iowa,Mahaska,Iowa,1230,0.445,0.548,0,0.006,0,2989,0.886,0.453,0.547,0,0,0,2991,0.887,0.471,0.529,0,0,0,2445,0.645,0.342,0.658,0,2790,0.664,0.338,0.656,0,0,0,2770,0.659
Iowa,Marion,Iowa,1250,0.512,0.48,0,0.001,0.007,3140,0.831,0.522,0.478,0,0,0,3155,0.835,0.552,0.448,0,0,0,2176,0.508,0.499,0.501,0,2910,0.609,0.498,0.502,0,0,0,2917,0.61
Iowa,Marshall,Iowa,1270,0.317,0.671,0,0.013,0,1273,0.888,0.325,0.675,0,0,0,1275,0.889,0.329,0.671,0,0,0,982,0.576,0.251,0.749,0,1463,0.739,0.25,0.75,0,0,0,1460,0.738
Iowa,Mills,Iowa,1290,0.41,0.553,0,0.018,0.02,798,0.706,0.434,0.566,0,0,0,809,0.716,0.365,0.635,0,0,0,598,,0.328,0.672,0,722,,0.329,0.671,0,0,0,724,
Iowa,Mitchell,Iowa,1310,0.225,0.766,0,0.001,0.008,764,0.805,0.215,0.785,0,0,0,763,0.804,0.187,0.813,0,0,0,562,,0.155,0.845,0,685,,0.162,0.838,0,0,0,716,
Iowa,Monona,Iowa,1330,0.445,0.545,0,0,0.01,200,0.87,0.449,0.551,0,0,0,198,0.861,0.326,0.674,0,0,0,230,,0.419,0.581,0,210,,0.408,0.592,0,0,0,211,
Iowa,Monroe,Iowa,1350,0.454,0.532,0,0.003,0.011,1651,0.911,0.469,0.531,0,0,0,1652,0.911,0.525,0.475,0,0,0,1217,0.595,0.411,0.589,0,1440,0.632,0.412,0.588,0,0,0,1442,0.633
Iowa,Montgomery,Iowa,1370,0.331,0.62,0,0.008,0.041,245,0.778,0.41,0.59,0,0,0,266,0.844,0.454,0.546,0,0,0,227,,0.387,0.613,0,235,,0.391,0.609,0,0,0,238,
Iowa,Muscatine,Iowa,1390,0.387,0.554,0,0.033,0.026,3316,0.767,0.437,0.563,0,0,0,3273,0.757,0.49,0.51,0,0,0,2637,0.539,0.413,0.587,0,3009,0.55,0.415,0.585,0,0,0,3011,0.551
Iowa,O Brien,Iowa,1410,0.476,0.381,0,0.143,0,21,5.25,0.6,0.4,0,0,0,20,5,0.5,0.5,0,0,0,10,,0.714,0.286,0,7,,0.714,0.286,0,0,0,7,
Iowa,Page,Iowa,1450,0.364,0.595,0,0.013,0.028,788,0.734,0.381,0.619,0,0,0,797,0.742,0.388,0.612,0,0,0,605,0.478,0.244,0.756,0,689,0.472,0.244,0.756,0,0,0,689,0.472
Iowa,Palo Alto,Iowa,1470,0.879,0.121,0,0,0,33,0.846,0.879,0.121,0,0,0,33,0.846,0.75,0.25,0,0,0,20,,,,,,,0,0.167,,,,6,
Iowa,Plymouth,Iowa,1490,0.158,0.842,0,0,0,38,0.717,0.108,0.892,0,0,0,37,0.698,0.045,0.955,0,0,0,22,,0,1,0,19,,0,1,0,0,0,20,
Iowa,Pocahontas,Iowa,1510,0.323,0.677,0,0,0,31,1.148,0.323,0.677,0,0,0,31,1.148,0.417,0.583,0,0,0,24,,0.2,0.8,0,40,,0.205,0.795,0,0,0,39,
Iowa,Polk,Iowa,1530,0.441,0.534,0,0.015,0.009,2436,0.874,0.471,0.529,0,0,0,2423,0.87,0.48,0.52,0,0,0,2181,0.695,0.42,0.58,0,2601,0.746,0.425,0.575,0,0,0,2754,0.79
Iowa,Pottawattamie,Iowa,1550,0.466,0.467,0,0.032,0.035,884,0.694,0.523,0.477,0,0,0,878,0.69,0.523,0.477,0,0,0,730,0.609,0.413,0.587,0,855,0.761,0.412,0.588,0,0,0,852,0.758
Iowa,Poweshiek,Iowa,1570,0.401,0.597,0,0.002,0,1207,0.928,0.397,0.603,0,0,0,1218,0.937,0.498,0.502,0,0,0,987,0.643,0.376,0.624,0,1207,0.683,0.376,0.624,0,0,0,1200,0.679
Iowa,Ringgold,Iowa,1590,0.34,0.654,0,0.006,0,532,0.799,0.345,0.655,0,0,0,537,0.806,0.241,0.759,0,0,0,353,,0.192,0.808,0,395,,0.178,0.822,0,0,0,388,
Iowa,Sac,Iowa,1610,0.727,0.273,0,0,0,55,0.846,0.727,0.273,0,0,0,55,0.846,0.233,0.767,0,0,0,30,,0.333,0.667,0,66,,0.333,0.667,0,0,0,66,
Iowa,Scott,Iowa,1630,0.32,0.635,0,0.027,0.018,4310,0.603,0.362,0.638,0,0,0,4313,0.604,0.368,0.632,0,0,0,3148,0.381,0.344,0.656,0,4076,0.434,0.346,0.654,0,0,0,4137,0.441
Iowa,Shelby,Iowa,1650,0.39,0.61,0,0,0,164,0.837,0.39,0.61,0,0,0,164,0.837,0.341,0.659,0,0,0,123,,0.561,0.439,0,139,,0.558,0.442,0,0,0,138,
Iowa,Sioux,Iowa,1670,0.667,0.2,0,0.133,0,15,2.143,0.867,0.133,0,0,0,15,2.143,1,0,0,0,0,5,,0.75,0.25,0,4,,0.75,0.25,0,0,0,4,
Iowa,Soldier Vote,Iowa,9999,,,,,,,,,,,,,,,0.192,0.808,0,0,0,18391,,0.106,0.894,0,13649,,0.082,0.918,0,0,0,18171,
Iowa,Story,Iowa,1690,0.443,0.557,0,0,0,750,0.846,0.449,0.551,0,0,0,755,0.851,0.456,0.544,0,0,0,603,,0.384,0.616,0,891,,0.385,0.615,0,0,0,889,
Iowa,Tama,Iowa,1710,0.346,0.65,0,0.004,0,1193,0.923,0.352,0.648,0,0,0,1199,0.927,0.346,0.654,0,0,0,818,0.527,0.308,0.692,0,1261,0.697,0.313,0.687,0,0,0,1261,0.697
Iowa,Taylor,Iowa,1730,0.408,0.581,0,0.012,0,608,0.747,0.396,0.604,0,0,0,611,0.751,0.401,0.599,0,0,0,546,0.564,0.237,0.763,0,569,0.507,0.237,0.763,0,0,0,570,0.508
Iowa,Union,Iowa,1750,0.512,0.488,0,0,0,406,0.855,0.514,0.486,0,0,0,405,0.853,0.576,0.424,0,0,0,337,,0.46,0.54,0,363,,0.458,0.542,0,0,0,360,
Iowa,Van Buren,Iowa,1770,0.47,0.507,0,0.006,0.017,3291,0.77,0.49,0.51,0,0,0,3298,0.771,0.476,0.524,0,0,0,2587,0.56,0.392,0.608,0,2592,0.523,0.392,0.608,0,0,0,2595,0.524
Iowa,Wapello,Iowa,1790,0.536,0.445,0,0.007,0.012,3143,0.958,0.55,0.45,0,0,0,3134,0.955,0.553,0.447,0,0,0,2690,0.753,0.476,0.524,0,2666,0.691,0.477,0.523,0,0,0,2668,0.691
Iowa,Warren,Iowa,1810,0.4,0.579,0,0.02,0.001,1989,0.878,0.415,0.585,0,0,0,1988,0.878,0.433,0.567,0,0,0,1355,0.507,0.347,0.653,0,1792,0.581,0.343,0.657,0,0,0,1779,0.577
Iowa,Washington,Iowa,1830,0.369,0.603,0,0.021,0.007,2858,0.852,0.385,0.615,0,0,0,2851,0.85,0.421,0.579,0,0,0,2109,0.552,0.36,0.64,0,2600,0.607,0.361,0.639,0,0,0,2603,0.607
Iowa,Wayne,Iowa,1850,0.524,0.468,0,0.006,0.002,1237,0.867,0.523,0.477,0,0,0,1244,0.872,0.549,0.451,0,0,0,896,0.528,0.453,0.547,0,950,0.483,0.437,0.562,0,0,0,896,0.455
Iowa,Webster,Iowa,1870,0.41,0.487,0,0.002,0.102,520,0.825,0.516,0.484,0,0,0,516,0.819,0.556,0.444,0,0,0,426,,0.501,0.499,0,637,,0.5,0.5,0,0,0,638,
Iowa,Winnebago,Iowa,1890,0.51,0.49,0,0,0,49,0.875,0.531,0.469,0,0,0,49,0.875,,,,,,,,0.25,0.75,0,52,,0.25,0.75,0,0,0,52,
Iowa,Winneshiek,Iowa,1910,0.361,0.639,0,0,0,2162,0.614,0.36,0.64,0,0,0,2165,0.615,0.396,0.604,0,0,0,1498,0.357,0.362,0.638,0,2345,0.481,0.361,0.639,0,0,0,2341,0.481
Iowa,Woodbury,Iowa,1930,0.452,0.498,0,0.019,0.031,259,0.723,0.49,0.51,0,0,0,259,0.723,0.424,0.576,0,0,0,191,,0.372,0.628,0,250,,0.369,0.631,0,0,0,252,
Iowa,Worth,Iowa,1950,0.216,0.784,0,0,0,139,0.764,0.217,0.783,0,0,0,138,0.758,,,,,,,,0.201,0.799,0,154,,0.184,0.816,0,0,0,147,
Iowa,Wright,Iowa,1970,,,,,,,,0.298,0.702,,,,131,0.819,0.233,0.767,0,0,0,103,,0.328,0.672,0,128,,0.331,0.669,0,0,0,133,
Kansas,Allen,Kansas,10,,,,,,,,,,,,,,,0.183,0.649,0,0.168,0,345,,0.226,0.774,0,323,0.069,0,0.604,0,0,0,318,
Kansas,Anderson,Kansas,30,,,,,,,,,,,,,,,0,0.67,0,0.33,0,285,,0.126,0.874,0,294,0.083,0,0.777,0,0,0,283,
Kansas,Atchison,Kansas,50,,,,,,,,,,,,,,,0.102,0.26,0,0.637,0,979,,0.326,0.674,0,1165,0.107,0,0.435,0,0,0,1167,
Kansas,Bourbon,Kansas,110,,,,,,,,,,,,,,,0.002,0.933,0,0.065,0,493,,0.117,0.883,0,1081,0.112,0,0.758,0,0,0,1003,
Kansas,Brown,Kansas,130,,,,,,,,,,,,,,,0,0.905,0,0.095,0,252,,0.008,0.992,0,365,0.085,0,0.4,0,0,0,365,
Kansas,Butler,Kansas,150,,,,,,,,,,,,,,,0.167,0.639,0,0.194,0,36,,0.306,0.661,0.032,62,0.042,0,0.464,0,0,0,56,
Kansas,Chase,Kansas,170,,,,,,,,,,,,,,,0.093,0.907,0,0,0,118,,0.373,0.627,0,126,0.099,0,0.468,0,0,0,126,
Kansas,Coffey,Kansas,310,,,,,,,,,,,,,,,0.009,0.756,0,0.235,0,430,,0.288,0.712,0,431,0.103,0,0.618,0,0,0.002,429,
Kansas,Davis,Kansas,375,,,,,,,,,,,,,,,0,0.61,0,0.39,0,218,,0.301,0.699,0,216,0.074,0,0.582,0,0,0,220,
Kansas,Dickinson,Kansas,410,,,,,,,,,,,,,,,0,0.494,0,0.506,0,79,,0.323,0.677,0,62,0.043,0,0.683,0,0,0,60,
Kansas,Doniphan,Kansas,430,,,,,,,,,,,,,,,0.044,0.744,0,0.21,0.002,913,,0.017,0.983,0,1103,0.106,0,0.429,0,0,0,1153,
Kansas,Douglas,Kansas,450,,,,,,,,,,,,,,,0.013,0.607,0,0.378,0.001,1470,,0.128,0.872,0,1547,0.115,0,0.62,0,0,0,1575,
Kansas,Franklin,Kansas,590,,,,,,,,,,,,,,,0.067,0.665,0,0.268,0,496,,0.097,0.903,0,433,0.073,0,0.717,0,0,0,442,
Kansas,Greenwood,Kansas,730,,,,,,,,,,,,,,,0.11,0.827,0,0.063,0,127,,0.06,0.645,0.295,251,0.136,0,0.881,0,0,0,109,
Kansas,Jackson,Kansas,850,,,,,,,,,,,,,,,0.101,0.556,0,0.343,0,347,,0.283,0.717,0,371,0.104,0,0.685,0,0,0,371,
Kansas,Jefferson,Kansas,870,,,,,,,,,,,,,,,0.066,0.557,0,0.377,0,786,,0.176,0.824,0,1009,0.131,0,0.598,0,0,0,999,
Kansas,Johnson,Kansas,910,,,,,,,,,,,,,,,0.009,0.63,0,0.362,0,586,,0.203,0.797,0,516,0.064,0,0.449,0,0,0,523,
Kansas,Leavenworth,Kansas,1030,,,,,,,,,,,,,,,0.131,0.509,0,0.36,0,2633,,0.394,0.606,0,3501,0.17,0,0.343,0,0,0,3392,
Kansas,Linn,Kansas,1070,,,,,,,,,,,,,,,0,0.733,0,0.267,0,629,,0.081,0.919,0,766,0.088,0,0.261,0,0,0,732,
Kansas,Lyon,Kansas,1110,,,,,,,,,,,,,,,0,0.855,0,0.145,0,491,,0.124,0.876,0,557,,0,0.758,0,0,0,545,
Kansas,Marshall,Kansas,1170,,,,,,,,,,,,,,,0.202,0.68,0,0.118,0,297,,0.185,0.815,0,319,0.077,0,0.473,0,0,0,315,
Kansas,Miami/Lykins,Kansas,1210,,,,,,,,,,,,,,,0.014,0.607,0,0.378,0,764,,0.113,0.887,0,700,0.091,0,0.599,0,0,0,690,
Kansas,Morris,Kansas,1270,,,,,,,,,,,,,,,0.414,0.49,0,0.097,0,145,,0.583,0.417,0,168,0.124,0,0.234,0,0,0,154,
Kansas,Nemaha,Kansas,1310,,,,,,,,,,,,,,,0,0.775,0,0.225,0,378,,0.081,0.919,0,371,0.084,0,0.599,0,0,0,379,
Kansas,Neosho/Dorn,Kansas,1330,,,,,,,,,,,,,,,,,,,,,,0.314,0.686,0,35,0.008,,,,,,,
Kansas,Osage,Kansas,1390,,,,,,,,,,,,,,,0.034,0.667,0,0.299,0,174,,0.14,0.86,0,193,0.052,0,0.61,0,0,0,187,
Kansas,Pottawatomie,Kansas,1490,,,,,,,,,,,,,,,0.017,0.766,0,0.218,0,239,,0.142,0.858,0,247,0.061,0,0.617,0,0,0,256,
Kansas,Riley,Kansas,1610,,,,,,,,,,,,,,,0,0.648,0,0.352,0,270,,0.193,0.807,0,264,0.095,0,0.518,0,0,0,280,
Kansas,Saline,Kansas,1690,,,,,,,,,,,,,,,0,0.849,0,0.151,0,73,,0.312,0.688,0,109,,0,0.404,0,0,0,104,
Kansas,Shawnee,Kansas,1770,,,,,,,,,,,,,,,0.063,0.755,0,0.179,0.003,591,,0.116,0.884,0,649,0.088,0,0.575,0,0,0,659,
Kansas,Soldier Vote,Kansas,9999,,,,,,,,,,,,,,,,,,,,,,0.01,0.832,0.158,3444,,0,0.616,0,0,0,2716,
Kansas,Wabaunsee,Kansas,1970,,,,,,,,,,,,,,,0,0.901,0,0.094,0.006,171,,0.041,0.959,0,170,0.087,0,0.57,0,0,0,179,
Kansas,Washington,Kansas,2010,,,,,,,,,,,,,,,0,0.732,0,0.268,0,56,,0,0.721,0.279,129,0.069,0,0.553,0,0,0,103,
Kansas,Wilson,Kansas,2050,,,,,,,,,,,,,,,,,,,,,,0.192,0.808,0,26,0.01,0,0.731,0,0,0,26,
Kansas,Woodson,Kansas,2070,,,,,,,,,,,,,,,0.182,0.545,0,0.273,0,110,,0.343,0.657,0,102,0.042,0,0.539,0,0,0,102,
Kansas,Wyandotte,Kansas,2090,,,,,,,,,,,,,,,0.014,0.652,0,0.334,0,293,,0.4,0.6,0,475,0.085,0,0.327,0,0,0.006,514,
Kentucky,Adair,Kentucky,10,0.314,0,0.321,0.364,0.001,1107,0.669,0,0,0.203,0.797,0,1337,0.81,0.013,0,0,0.987,0,1019,0.621,0.914,0.086,0,686,0.419,0,0,0.575,0.425,0,1039,0.636
Kentucky,Allen,Kentucky,30,0.201,0,0.354,0.445,0,1140,0.669,0,0,0.166,0.834,0,1366,0.793,0.002,0,0,0.998,0,937,0.532,0.95,0.05,0,576,0.324,0,0,0.479,0.521,0,929,0.517
Kentucky,Anderson,Kentucky,50,0.61,0,0.12,0.27,0,1098,0.796,0,0,0.58,0.42,0,812,0.577,0.135,0,0,0.865,0,498,0.341,0.889,0.111,0,306,0.206,0,0,0.636,0.364,0,646,0.426
Kentucky,Ballard,Kentucky,70,0.375,0,0.225,0.399,0.001,1205,0.713,0,0,0.795,0.205,0,864,0.491,0.181,0,0,0.721,0.097,226,0.119,0.607,0.393,0,892,0.454,0,0,0.809,0.191,0,852,0.419
Kentucky,Barren,Kentucky,90,0.154,0,0.262,0.577,0.007,1881,0.665,0,0,0.351,0.649,0,1978,0.713,0.286,0,0,0.714,0,1225,0.459,0.931,0.069,0,792,0.303,0,0,0.596,0.404,0,1329,0.519
Kentucky,Bath,Kentucky,110,0.512,0,0.083,0.405,0,1715,0.804,0,0,0.3,0.7,0,1646,0.769,0.002,0,0,0.998,0,582,0.27,0.774,0.226,0,583,0.27,0,0,0.515,0.485,0,977,0.451
Kentucky,Boone,Kentucky,150,0.4,0,0.123,0.476,0.001,1849,0.768,0,0,,,,,,0.707,0,0,0.293,0,1264,0.515,0.842,0.158,0,1263,0.511,0,0,0.718,0.282,0,1238,0.498
Kentucky,Bourbon,Kentucky,170,0.431,0,0.017,0.551,0.002,1753,0.737,0,0,0.394,0.606,0,1667,0.688,0.165,0,0,0.835,0,744,0.297,0.756,0.244,0,1124,0.44,0,0,0.784,0.216,0,1058,0.408
Kentucky,Boyd,Kentucky,190,0.235,0,0.142,0.601,0.022,812,0.607,0,0,0.04,0.96,0,905,,0.131,0,0,0.869,0,594,,0.709,0.291,0,695,,0,0,0.546,0.454,0,982,
Kentucky,Boyle,Kentucky,210,0.306,0,0.048,0.644,0.003,1083,0.757,0,0,0.288,0.712,0,1085,0.748,0.947,0,0,0.053,0,720,0.483,0.805,0.195,0,661,0.438,0,0,0.616,0.384,0,786,0.514
Kentucky,Bracken,Kentucky,230,0.37,0,0.137,0.491,0.002,1795,0.761,0,0,0.116,0.879,0.005,1418,0.588,0.391,0,0,0.609,0,1284,0.51,0.775,0.225,0,1190,0.463,0,0,0.483,0.517,0,1598,0.61
Kentucky,Breathitt,Kentucky,250,0.801,0,0.002,0.197,0,573,0.635,0,0,0,1,0,192,0.208,0,0,0,1,0,52,0.054,,,,,,,,0.108,0.892,0,240,0.242
Kentucky,Breckinridge,Kentucky,270,0.173,0,0.236,0.589,0.002,1622,0.654,0,0,0.2,0.8,0,1543,0.608,0.215,0,0,0.785,0,1131,0.426,0.959,0.041,0,1037,0.383,0,0,0.607,0.393,0,1289,0.466
Kentucky,Bullitt,Kentucky,290,0.097,0,0.445,0.456,0.002,990,0.679,0,0,0.176,0.824,0,869,0.588,0.266,0,0,0.734,0,620,0.41,0.978,0.022,0,638,0.416,0,0,0.845,0.155,0,593,0.383
Kentucky,Butler,Kentucky,310,0.126,0,0.34,0.529,0.005,945,0.627,0,0,0.013,0.987,0,1045,0.672,0.266,0,0,0.734,0,1033,0.626,0.807,0.193,0,513,0.302,0,0,0.39,0.61,0,1020,0.584
Kentucky,Caldwell,Kentucky,330,0.554,0,0.043,0.4,0.003,1115,0.734,0,0,0.456,0.544,0,1163,0.8,0,0,0,0.992,0.008,498,0.377,0.544,0.456,0,645,0.514,0,0,0.327,0.673,0,599,0.504
Kentucky,Calloway,Kentucky,350,0.698,0,0.091,0.211,0,1296,0.684,0,0,0.734,0.266,0,1147,0.592,0,0,0,0.942,0.058,309,0.153,,,,,,,,0.87,0.13,0,866,0.411
Kentucky,Campbell,Kentucky,370,0.196,0,0.363,0.323,0.119,2648,0.517,0,0,0.167,0.832,0.001,2488,0.469,0.315,0,0,0.685,0,2145,0.379,0.461,0.539,0,2790,0.478,0,0,0.351,0.649,0,2597,0.431
Kentucky,Carroll,Kentucky,410,0.531,0,0.065,0.404,0,1078,0.798,0,0,0.137,0.492,0.371,848,0.615,0.606,0,0,0.392,0.002,436,0.305,0.798,0.202,0,406,0.278,0,0,0.65,0.35,0,523,0.352
Kentucky,Carter,Kentucky,430,0.579,0,0.137,0.283,0.001,1064,0.614,0,0,0.294,0.706,0,1243,0.697,0.025,0,0,0.975,0,603,0.321,0.485,0.515,0,712,0.369,0,0,0.264,0.736,0,1139,0.576
Kentucky,Casey,Kentucky,450,0.19,0,0.218,0.584,0.009,927,0.752,0,0,0.027,0.973,0,1186,0.96,0.008,0,0,0.992,0,1004,0.807,0.8,0.2,0,634,0.508,0,0,0.522,0.478,0,1124,0.897
Kentucky,Christian,Kentucky,470,0.224,0,0.255,0.521,0.001,1834,0.592,0,0,0.307,0.693,0,1721,0.547,0.111,0,0,0.889,0,1051,0.325,0.628,0.372,0,1012,0.308,0,0,0.496,0.504,0,1555,0.467
Kentucky,Clark,Kentucky,490,0.277,0,0.043,0.68,0.001,1411,0.837,0,0,0.172,0.828,0,1117,0.675,0.352,0,0,0.648,0,940,0.59,0.841,0.159,0,820,0.524,0,0,0.695,0.305,0,406,0.265
Kentucky,Clay,Kentucky,510,0.438,0,0.134,0.423,0.005,806,0.714,0,0,0.029,0.971,0,579,0.504,0.002,0,0,0.998,0,534,0.448,0.373,0.627,0,498,0.411,0,0,0.378,0.622,0,874,0.709
Kentucky,Clinton,Kentucky,530,0.27,0,0.359,0.367,0.004,711,0.655,0,0,0.081,0.919,0,603,0.548,,,,,,,,0.986,0.014,0,218,0.19,0,0,0.164,0.836,0,438,0.378
Kentucky,Crittenden,Kentucky,550,0.504,0,0.054,0.442,0.001,1251,0.688,0,0,0.282,0.718,0,1251,0.665,0,0,0,0.999,0.001,788,0.393,0.373,0.627,0,676,0.327,0,0,0.086,0.914,0,721,0.338
Kentucky,Cumberland,Kentucky,570,0.095,0,0.222,0.675,0.008,865,0.685,0,0,0.095,0.905,0,864,0.679,0.182,0,0,0.818,0,467,0.362,0.901,0.099,0,335,0.257,0,0,0.53,0.47,0,642,0.49
Kentucky,Daviess,Kentucky,590,0.289,0,0.234,0.474,0.003,2265,0.758,0,0,0.555,0.445,0,1752,0.572,0.378,0,0,0.622,0,1218,0.379,0.968,0.032,0,1161,0.353,0,0,0.666,0.334,0,1140,0.339
Kentucky,Edmonson,Kentucky,610,0.347,0,0.266,0.359,0.029,516,0.593,0,0,0.177,0.823,0,662,0.75,0.318,0,0,0.682,0,636,0.7,0.817,0.183,0,263,0.286,0,0,0.395,0.605,0,501,0.537
Kentucky,Estill,Kentucky,650,0.502,0,0.019,0.425,0.055,1020,0.761,0,0,0,1,0,653,0.478,0.038,0,0,0.962,0,598,0.422,0.392,0.608,0,773,0.536,0,0,0.362,0.638,0,1117,0.761
Kentucky,Fayette,Kentucky,670,0.41,0,0.039,0.55,0.002,2566,0.779,0,0,0.282,0.718,0,2362,0.711,0.376,0,0,0.624,0,1335,0.395,0.443,0.557,0,3378,0.991,0,0,0.628,0.372,0,1943,0.566
Kentucky,Fleming,Kentucky,690,0.45,0,0.054,0.494,0.001,1836,0.736,0,0,0.216,0.784,0,1883,0.761,0.025,0,0,0.975,0,903,0.371,0.663,0.337,0,1058,0.439,0,0,0.5,0.5,0,1741,0.729
Kentucky,Floyd,Kentucky,710,0.905,0,0,0.095,0,673,0.564,0,0,0,0.473,0.527,131,0.109,0.429,0,0,0.571,0,133,0.108,,,,,,,,0.379,0.621,0,459,0.367
Kentucky,Franklin,Kentucky,730,0.523,0,0.021,0.456,0,1734,0.72,0,0,0.385,0.615,0,1777,0.742,0.314,0,0,0.686,0,869,0.367,0.731,0.269,0,942,0.4,0,0,0.72,0.28,0,1363,0.581
Kentucky,Fulton,Kentucky,750,0.43,0,0.15,0.42,0,714,0.644,0,0,0.943,0.057,0,669,0.586,0.728,0,0,0.201,0.071,184,0.152,0.415,0.585,0,147,0.119,0,0,0.935,0.065,0,369,0.29
Kentucky,Gallatin,Kentucky,770,0.502,0,0.041,0.458,0,837,0.822,0,0,0.32,0.657,0.023,519,0.51,0.508,0,0,0.492,0,443,0.435,0.782,0.218,0,500,0.491,0,0,0.595,0.405,0,600,0.589
Kentucky,Garrard,Kentucky,790,0.179,0,0.133,0.669,0.019,1091,0.665,0,0,0,1,0,957,0.582,0.017,0,0,0.983,0,720,0.435,0.496,0.504,0,927,0.558,0,0,0.446,0.554,0,1176,0.706
Kentucky,Grant,Kentucky,810,0.473,0,0.075,0.452,0,1498,0.86,0,0,0.433,0.567,0,1335,0.75,0.312,0,0,0.688,0,780,0.421,0.629,0.371,0,593,0.314,0,0,0.363,0.637,0,1086,0.564
Kentucky,Graves,Kentucky,830,0.605,0,0.069,0.326,0,2025,0.675,0,0,0.676,0.324,0,1880,0.607,0,0,0,0.889,0.111,767,0.233,0.545,0.455,0,1412,0.417,0,0,0.651,0.349,0,1460,0.42
Kentucky,Grayson,Kentucky,850,0.348,0,0.197,0.447,0.007,1111,0.733,0,0,0.112,0.888,0,963,0.624,0.357,0,0,0.643,0,1294,0.811,0.863,0.137,0,830,0.512,0,0,0.547,0.453,0,1259,0.764
Kentucky,Green,Kentucky,870,0.376,0,0.192,0.43,0.002,977,0.703,0,0,0.285,0.715,0,1135,0.815,0.034,0,0,0.966,0,853,0.609,1,0,0,591,0.421,0,0,0.589,0.411,0,846,0.601
Kentucky,Greenup,Kentucky,890,0.283,0,0.072,0.642,0.003,1238,0.636,0,0,0.092,0.908,0,1174,0.608,0.036,0,0,0.964,0,727,0.383,0.42,0.58,0,1027,0.546,0,0,0.294,0.706,0,1151,0.617
Kentucky,Hancock,Kentucky,910,0.479,0,0.073,0.445,0.003,892,0.709,0,0,0.482,0.518,0,785,0.599,0.112,0,0,0.888,0,365,0.258,0.953,0.047,0,384,0.262,0,0,0.609,0.391,0,593,0.39
Kentucky,Hardin,Kentucky,930,0.069,0,0.436,0.492,0.003,2091,0.705,0,0,0.218,0.782,0,1492,0.497,0.364,0,0,0.636,0,1664,0.54,0.924,0.076,0,1093,0.35,0,0,0.698,0.302,0,1313,0.416
Kentucky,Harlan,Kentucky,950,0.441,0,0.007,0.549,0.003,599,0.601,0,0,0.111,0.889,0,398,0.39,0.111,0,0,0.889,0,360,0.337,0.151,0.849,0,338,0.31,0,0,0.066,0.934,0,741,0.665
Kentucky,Harrison,Kentucky,970,0.546,0,0.042,0.412,0,2330,0.889,0,0,0.534,0.466,0,2167,0.817,0.463,0,0,0.537,0,1230,0.452,0.762,0.238,0,1076,0.391,0,0,0.586,0.414,0,1386,0.497
Kentucky,Hart,Kentucky,990,0.106,0,0.522,0.372,0.001,1440,0.711,0,0,0.086,0.914,0,1474,0.714,0.12,0,0,0.88,0,1198,0.558,0.963,0.037,0,1091,0.498,0,0,0.662,0.338,0,1108,0.497
Kentucky,Henderson,Kentucky,1010,0.319,0,0.135,0.542,0.003,1560,0.7,0,0,0.426,0.574,0,1312,0.577,0.433,0,0,0.567,0,506,0.214,0.969,0.031,0,979,0.406,0,0,0.823,0.177,0,1018,0.415
Kentucky,Henry,Kentucky,1030,0.421,0,0.212,0.366,0.001,1837,0.84,0,0,0.352,0.648,0,1758,0.797,0.288,0,0,0.712,0,1204,0.536,0.913,0.087,0,1279,0.565,0,0,0.602,0.386,0.012,1181,0.517
Kentucky,Hickman,Kentucky,1050,0.638,0,0.068,0.293,0.001,969,0.647,0,0,0.932,0.068,0,849,0.543,0.594,0,0,0.218,0.188,165,0.097,0.436,0.564,0,512,0.291,0,0,0.812,0.187,0,400,0.219
Kentucky,Hopkins,Kentucky,1070,0.424,0,0.109,0.466,0.001,1570,0.716,0,0,0.413,0.587,0,1358,0.62,0.151,0,0,0.849,0,596,0.272,0.913,0.087,0,539,0.246,0,0,0.345,0.655,0,690,0.315
Kentucky,Jackson,Kentucky,1090,0.349,0,0.033,0.359,0.259,390,0.703,0,0,0,1,0,353,,0,0,0,1,0,300,,0.078,0.922,0,374,,0,0,0.015,0.985,0,544,
Kentucky,Jefferson,Kentucky,1110,0.117,0,0.36,0.512,0.011,9565,0.435,0,0,0.147,0.853,0,9386,0.412,0.275,0,0,0.725,0,6392,0.262,0.756,0.244,0,8470,0.337,0,0,0.36,0.623,0.018,7873,0.304
Kentucky,Jessamine,Kentucky,1130,0.465,0,0.031,0.502,0.002,1202,0.825,0,0,0.305,0.695,0,1184,0.814,0.358,0,0,0.642,0,570,0.394,0.758,0.242,0,807,0.558,0,0,0.517,0.483,0,843,0.585
Kentucky,Johnson,Kentucky,1150,0.928,0,0.039,0.033,0,666,0.662,0,0,0.105,0.895,0,296,0.286,0.534,0,0,0.466,0,509,0.465,,,,,,,,0.182,0.818,0,758,0.657
Kentucky,Kenton,Kentucky,1170,0.183,0,0.369,0.373,0.075,3556,0.576,0,0,0.186,0.804,0.01,2674,0.42,0.181,0,0,0.815,0.004,2292,0.338,0.445,0.555,0,3091,0.443,0,0,0.327,0.673,0,3096,0.431
Kentucky,Knox,Kentucky,1210,0.241,0,0.087,0.66,0.013,877,0.602,0,0,0.001,0.999,0,834,0.566,0,0,0,1,0,661,0.438,0.238,0.762,0,826,0.541,0,0,0.182,0.818,0,996,0.644
Kentucky,Larue,Kentucky,1230,0.036,0,0.508,0.453,0.003,886,0.661,0,0,0.037,0.963,0,928,0.682,0.134,0,0,0.866,0,1022,0.728,0.976,0.024,0,717,0.503,0,0,0.679,0.321,0,857,0.592
Kentucky,Laurel,Kentucky,1250,0.479,0,0.01,0.498,0.013,773,0.729,0,0,0.042,0.958,0,524,0.487,0.004,0,0,0.996,0,542,0.49,0.297,0.703,0,632,0.564,0,0,0.264,0.736,0,803,0.707
Kentucky,Lawrence,Kentucky,1270,0.538,0,0.01,0.452,0,958,0.612,0,0,0.187,0.813,0,936,0.586,0.182,0,0,0.818,0,837,0.503,0.665,0.335,0,571,0.337,0,0,0.507,0.493,0,1009,0.584
Kentucky,Letcher,Kentucky,1330,0.753,0,0.003,0.244,0,373,0.545,0,0,0.032,0.968,0,216,0.305,,,,,,,,,,,,,,,0.089,0.911,0,190,0.236
Kentucky,Lewis,Kentucky,1350,0.451,0,0.066,0.455,0.028,1111,0.603,0,0,0.112,0.888,0,1333,0.715,0.077,0,0,0.923,0,660,0.345,0.377,0.623,0,1036,0.535,0,0,0.354,0.646,0,1443,0.736
Kentucky,Lincoln,Kentucky,1370,0.317,0,0.06,0.62,0.003,1199,0.721,0,0,0.224,0.776,0,1315,0.782,0.948,0,0,0.052,0,814,0.475,0.88,0.12,0,910,0.526,0,0,0.692,0.308,0,1046,0.599
Kentucky,Livingston,Kentucky,1390,0.386,0,0.106,0.508,0,906,0.675,0,0,0.462,0.538,0,565,0.422,0.499,0,0,0.465,0.037,355,0.266,0.469,0.531,0,463,0.348,0,0,0.604,0.396,0,493,0.371
Kentucky,Logan,Kentucky,1410,0.084,0,0.171,0.744,0.001,2004,0.655,0,0,0.503,0.497,0,1998,0.639,0.293,0,0,0.707,0,1256,0.386,0.698,0.302,0,728,0.219,0,0,0.664,0.336,0,1370,0.404
Kentucky,Lyon,Kentucky,1430,0.578,0,0.015,0.408,0,746,0.766,0,0,0.495,0.505,0,548,,0,0,0,0.993,0.007,134,,0.636,0.364,0,165,,0,0,0.332,0.668,0,277,
Kentucky,Madison,Kentucky,1510,0.437,0,0.027,0.496,0.041,2093,0.771,0,0,0.014,0.981,0.006,1033,0.376,0.018,0,0,0.982,0,976,0.346,0.467,0.533,0,1500,0.525,0,0,0.36,0.64,0,1723,0.595
Kentucky,Magoffin,Kentucky,1530,0.637,0,0.008,0.355,0,488,0.786,0,0,0.189,0.811,0,350,,0.326,0,0,0.674,0,313,,0.775,0.225,0,102,,0,0,0.319,0.681,0,432,
Kentucky,Marion,Kentucky,1550,0.169,0,0.545,0.286,0,1660,0.782,0,0,0.128,0.872,0,1431,0.665,0.113,0,0,0.887,0,1246,0.564,0.976,0.024,0,1147,0.512,0,0,0.794,0.206,0,1342,0.591
Kentucky,Marshall,Kentucky,1570,0.738,0,0.099,0.163,0,1080,0.756,0,0,0.726,0.274,0,1092,0.742,0.509,0,0,0.458,0.033,491,0.315,0.497,0.503,0,296,0.185,0,0,0.745,0.255,0,775,0.471
Kentucky,Mason,Kentucky,1610,0.336,0,0.104,0.549,0.011,2377,0.685,0,0,0.202,0.798,0,2536,0.733,0.029,0,0,0.971,0,979,0.284,0.765,0.235,0,1565,0.455,0,0,0.594,0.406,0,2060,0.6
Kentucky,Mccracken,Kentucky,1450,0.196,0,0.225,0.572,0.006,1242,0.532,0,0,0.673,0.327,0,910,0.373,0,0,0,0.991,0.009,218,0.082,0.385,0.615,0,838,0.303,0,0,0.618,0.382,0,693,0.242
Kentucky,Mclean,Kentucky,1490,0.246,0,0.302,0.451,0,536,0.429,0,0,0.195,0.805,0,837,,0.105,0,0,0.895,0,592,,0.89,0.11,0,566,,0,0,0.591,0.409,0,777,
Kentucky,Meade,Kentucky,1630,0.135,0,0.272,0.592,0.001,1122,0.685,0,0,0.394,0.606,0,828,0.495,0.377,0,0,0.623,0,509,0.291,0.995,0.005,0,633,0.355,0,0,0.87,0.13,0,598,0.328
Kentucky,Mercer,Kentucky,1670,0.543,0,0.123,0.333,0.001,1826,0.792,0,0,0.313,0.687,0,1532,0.667,0.717,0,0,0.283,0,1133,0.498,0.698,0.302,0,897,0.396,0,0,0.532,0.468,0,1223,0.542
Kentucky,Metcalfe,Kentucky,1690,0.042,0,0.296,0.658,0.004,801,0.632,0,0,0.053,0.947,0,1070,,0.009,0,0,0.991,0,890,,0.955,0.045,0,529,,0,0,0.632,0.368,0,779,
Kentucky,Monroe,Kentucky,1710,0.336,0,0.147,0.513,0.003,963,0.601,0,0,0.065,0.935,0,1181,0.73,0.026,0,0,0.974,0,897,0.543,0.795,0.205,0,410,0.246,0,0,0.36,0.64,0,1010,0.6
Kentucky,Montgomery,Kentucky,1730,0.454,0,0.045,0.501,0,1078,0.861,0,0,0.375,0.625,0,1033,0.845,0.006,0,0,0.994,0,487,0.419,0.67,0.33,0,1214,1.071,0,0,0.747,0.253,0,782,0.709
Kentucky,Morgan,Kentucky,1750,0.804,0,0,0.196,0,965,0.532,0,0,0.576,0.424,0,1297,0.7,0.456,0,0,0.544,0,68,0.035,1,0,0,52,0.026,0,0,0.444,0.556,0,446,0.223
Kentucky,Muhlenberg,Kentucky,1770,0.038,0,0.412,0.548,0.003,1353,0.678,0,0,0.132,0.868,0,1112,0.552,0.086,0,0,0.914,0,1180,0.576,0.726,0.274,0,822,0.398,0,0,0.455,0.545,0,1190,0.571
Kentucky,Nelson,Kentucky,1790,0.21,0,0.405,0.385,0,1583,0.659,0,0,0.337,0.663,0,1171,0.484,0.314,0,0,0.686,0,643,0.262,0.981,0.019,0,885,0.358,0,0,0.916,0.084,0,861,0.346
Kentucky,Nicholas,Kentucky,1810,0.579,0,0.015,0.405,0.001,1705,0.78,0,0,0.44,0.56,0,1856,0.841,0.003,0,0,0.997,0,717,0.319,0.684,0.316,0,772,0.34,0,0,0.504,0.496,0,1269,0.555
Kentucky,Ohio,Kentucky,1830,0.137,0,0.398,0.463,0.001,1462,0.595,0,0,0.117,0.883,0,1575,0.625,0.453,0,0,0.547,0,1796,0.678,0.676,0.324,0,1132,0.417,0,0,0.543,0.457,0,1728,0.622
Kentucky,Oldham,Kentucky,1850,0.319,0,0.281,0.397,0.002,936,0.791,0,0,0.249,0.751,0,858,0.731,0.35,0,0,0.65,0,691,0.6,0.95,0.05,0,619,0.543,0,0,0.751,0.246,0.003,606,0.537
Kentucky,Owen,Kentucky,1870,0.751,0,0.018,0.23,0,2342,0.949,0,0,0.8,0.105,0.095,1380,0.55,0.291,0,0,0.709,0,447,0.172,,,,,,,,0.729,0.252,0.019,968,0.362
Kentucky,Owsley,Kentucky,1890,0.524,0,0.007,0.467,0.001,706,0.654,0,0,0.002,0.998,0,485,0.438,0,0,0,1,0,530,0.454,0.216,0.784,0,444,0.371,0,0,0.199,0.801,0,777,0.633
Kentucky,Pendleton,Kentucky,1910,0.449,0,0.128,0.422,0.001,1798,0.798,0,0,0.384,0.613,0.003,1509,0.645,0.174,0,0,0.826,0,983,0.39,0.522,0.478,0,1317,0.505,0,0,0.384,0.616,0,1564,0.58
Kentucky,Perry,Kentucky,1930,0.689,0,0.007,0.301,0.002,425,0.56,0,0,0.03,0.97,0,166,0.213,0,0,0,1,0,103,0.126,,,,,,,,0.069,0.931,0,317,0.37
Kentucky,Pike,Kentucky,1950,0.916,0,0.001,0.082,0.001,793,0.554,0,0,0,1,0,95,0.064,0.417,0,0,0.583,0,24,0.015,,,,,,,,0.035,0.965,0,492,0.301
Kentucky,Powell,Kentucky,1970,0.527,0,0.011,0.461,0,349,0.765,0,0,0.267,0.733,0,315,,0,0,0,1,0,197,,0.825,0.175,0,154,,0,0,0.528,0.472,0,284,
Kentucky,Pulaski,Kentucky,1990,0.526,0,0.027,0.42,0.026,2086,0.639,0,0,0.218,0.782,0,2363,0.711,0.043,0,0,0.957,0,1455,0.423,0.367,0.633,0,1674,0.479,0,0,0.267,0.733,0,2171,0.611
Kentucky,Rockcastle,Kentucky,2030,0.365,0,0.013,0.531,0.091,704,0.665,0,0,0,0.997,0.003,584,0.543,0.005,0,0,0.995,0,583,0.526,0.377,0.623,0,687,0.611,0,0,0.282,0.718,0,742,0.65
Kentucky,Rowan,Kentucky,2050,0.568,0,0.069,0.363,0,333,0.785,0,0,0.35,0.65,0,363,,0,0,0,1,0,122,,0.319,0.681,0,72,,0,0,0.185,0.815,0,249,
Kentucky,Russell,Kentucky,2070,0.386,0,0.062,0.551,0.001,775,0.667,0,0,0.127,0.873,0,812,0.69,0.083,0,0,0.917,0,504,0.418,0.968,0.032,0,474,0.389,0,0,0.445,0.555,0,650,0.527
Kentucky,Scott,Kentucky,2090,0.602,0,0.023,0.376,0,1954,0.879,0,0,0.528,0.472,0,1864,0.837,0.529,0,0,0.471,0,974,0.436,0.867,0.133,0,654,0.292,0,0,0.805,0.195,0,949,0.423
Kentucky,Shelby,Kentucky,2110,0.297,0,0.114,0.589,0,1998,0.782,0,0,0.342,0.658,0,1895,0.742,0.347,0,0,0.653,0,1249,0.49,0.982,0.018,0,1008,0.396,0,0,0.884,0.116,0,1341,0.527
Kentucky,Simpson,Kentucky,2130,0.348,0,0.212,0.441,0,917,0.659,0,0,0.34,0.66,0,804,0.57,0.158,0,0,0.842,0,481,0.333,0.986,0.014,0,436,0.298,0,0,0.761,0.239,0,624,0.422
Kentucky,Soldier Vote,Kentucky,9999,,,,,,,,,,,,,,,,,,,,,,0.703,0.297,0,4017,,0,0,,,,,
Kentucky,Spencer,Kentucky,2150,0.128,0,0.415,0.456,0,732,0.741,0,0,0.269,0.731,0,635,0.649,0.639,0,0,0.361,0,598,0.624,0.997,0.003,0,352,0.371,0,0,0.949,0.051,0,530,0.564
Kentucky,Taylor,Kentucky,2170,0.164,0,0.496,0.339,0.001,921,0.733,0,0,0.097,0.903,0,943,0.743,0.019,0,0,0.981,0,809,0.625,0.942,0.058,0,519,0.397,0,0,0.727,0.273,0,777,0.59
Kentucky,Todd,Kentucky,2190,0.257,0,0.138,0.602,0.004,1067,0.684,0,0,0.27,0.73,0,986,0.635,0.007,0,0,0.993,0,584,0.379,0.787,0.213,0,493,0.322,0,0,0.605,0.395,0,811,0.531
Kentucky,Trigg,Kentucky,2210,0.446,0,0.122,0.431,0.001,1447,0.817,0,0,0.508,0.492,0,1242,0.695,0.002,0,0,0.994,0.004,478,0.263,0.915,0.085,0,494,0.27,0,0,0.619,0.381,0,884,0.478
Kentucky,Trimble,Kentucky,2230,0.629,0,0.091,0.279,0.001,924,0.794,0,0,0.21,0.436,0.354,732,0.63,0.854,0,0,0.146,0,343,0.297,0.97,0.03,0,397,0.345,0,0,0.832,0.167,0,400,0.348
Kentucky,Union,Kentucky,2250,0.295,0,0.292,0.414,0,1574,0.604,0,0,0.459,0.541,0,1137,0.418,0.034,0,0,0.959,0.007,290,0.099,0.843,0.157,0,626,0.205,0,0,0.493,0.507,0,456,0.144
Kentucky,Warren,Kentucky,2270,0.094,0,0.319,0.585,0.002,1926,0.654,0,0,0.135,0.865,0,1986,0.661,0.127,0,0,0.873,0,1508,0.482,0.899,0.101,0,1607,0.503,0,0,0.659,0.341,0,1709,0.525
Kentucky,Washington,Kentucky,2290,0.238,0,0.5,0.261,0.001,1219,0.59,0,0,0.147,0.853,0,1238,0.598,0.098,0,0,0.902,0,1209,0.582,0.917,0.083,0,883,0.425,0,0,0.588,0.412,0,1222,0.587
Kentucky,Wayne,Kentucky,2310,0.531,0,0.005,0.46,0.004,1310,0.701,0,0,0.337,0.663,0,1165,0.614,0.169,0,0,0.831,0,385,0.197,0.86,0.14,0,634,0.319,0,0,0.435,0.565,0,978,0.485
Kentucky,Webster,Kentucky,2330,0.601,0,0.184,0.214,0,956,0.691,0,0,0.433,0.567,0,538,,0,0,0,1,0,341,,0.802,0.198,0,388,,0,0,0.587,0.413,0,446,
Kentucky,Whitley,Kentucky,2350,0.371,0,0.016,0.605,0.008,858,0.573,0,0,0.015,0.985,0,683,0.452,0.014,0,0,0.986,0,695,0.451,0.089,0.911,0,802,0.515,0,0,0.058,0.942,0,1069,0.681
Kentucky,Wolfe,Kentucky,2370,0.764,0,0,0.236,0,461,,0,0,,,,,,0,0,0,1,0,64,,,,,,,,,,,,,
Kentucky,Woodford,Kentucky,2390,0.457,0,0.013,0.529,0,1196,0.849,0,0,0.344,0.656,0,1101,0.79,0.789,0,0,0.211,0,525,0.385,0.953,0.047,0,592,0.439,0,0,0.9,0.1,0,681,0.511
Louisiana,Ascension,Louisiana,50,0.457,0,0.185,0.358,0,779,0.849,,,,,,,,,,,,,,,,,,,,,,,,,,
Louisiana,Assumption,Louisiana,70,0.468,0,0.304,0.228,0,1022,0.603,,,,,,,,,,,,,,,,,,,,,,,,,,
Louisiana,Avoyelles,Louisiana,90,0.007,0,0.716,0.277,0,1047,0.804,,,,,,,,,,,,,,,,,,,,,,,,,,
Louisiana,Bienville,Louisiana,130,0.121,0,0.615,0.264,0,1109,,,,,,,,,,,,,,,,,,,,,,,,,,,
Louisiana,Bossier,Louisiana,150,0.069,0,0.614,0.317,0,797,0.882,,,,,,,,,,,,,,,,,,,,,,,,,,
Louisiana,Caddo,Louisiana,170,0.03,0,0.527,0.443,0,1230,0.857,,,,,,,,,,,,,,,,,,,,,,,,,,
Louisiana,Calcasieu,Louisiana,190,0,0,0.943,0.057,0,420,0.432,,,,,,,,,,,,,,,,,,,,,,,,,,
Louisiana,Caldwell,Louisiana,210,0.1,0,0.635,0.266,0,512,0.756,,,,,,,,,,,,,,,,,,,,,,,,,,
Louisiana,Carroll,Louisiana,235,0.059,0,0.538,0.404,0,986,0.753,,,,,,,,,,,,,,,,,,,,,,,,,,
Louisiana,Catahoula,Louisiana,250,0.018,0,0.596,0.387,0,1135,0.795,,,,,,,,,,,,,,,,,,,,,,,,,,
Louisiana,Claiborne,Louisiana,270,0.093,0,0.503,0.404,0,1782,0.848,,,,,,,,,,,,,,,,,,,,,,,,,,
Louisiana,Concordia,Louisiana,290,0.015,0,0.527,0.458,0,332,0.816,,,,,,,,,,,,,,,,,,,,,,,,,,
Louisiana,De Soto,Louisiana,310,0.002,0,0.634,0.364,0,1000,0.855,,,,,,,,,,,,,,,,,,,,,,,,,,
Louisiana,East Baton Rouge,Louisiana,330,0.114,0,0.41,0.476,0,1195,0.596,,,,,,,,,,,,,,,,,,,,,,,,,,
Louisiana,East Feliciana,Louisiana,370,0.167,0,0.48,0.353,0,785,0.736,,,,,,,,,,,,,,,,,,,,,,,,,,
Louisiana,Franklin,Louisiana,410,0.064,0,0.55,0.386,0,622,0.818,,,,,,,,,,,,,,,,,,,,,,,,,,
Louisiana,Iberville,Louisiana,470,0.117,0,0.618,0.265,0,865,0.86,,,,,,,,,,,,,,,,,,,,,,,,,,
Louisiana,Jackson,Louisiana,490,0.112,0,0.542,0.346,0,973,0.807,,,,,,,,,,,,,,,,,,,,,,,,,,
Louisiana,Jefferson,Louisiana,510,0.256,0,0.125,0.62,0,1588,0.603,,,,,,,,,,,,,,,,,,,,,,,,,,
Louisiana,Lafayette,Louisiana,550,0.002,0,0.867,0.131,0,540,0.531,,,,,,,,,,,,,,,,,,,,,,,,,,
Louisiana,Lafourche,Louisiana,570,0.486,0,0.204,0.309,0,1047,0.564,,,,,,,,,,,,,,,,,,,,,,,,,,
Louisiana,Livingston,Louisiana,630,0.148,0,0.537,0.315,0,791,1.034,,,,,,,,,,,,,,,,,,,,,,,,,,
Louisiana,Madison,Louisiana,650,0.177,0,0.331,0.491,0,519,0.824,,,,,,,,,,,,,,,,,,,,,,,,,,
Louisiana,Morehouse,Louisiana,670,0.061,0,0.492,0.448,0,775,0.744,,,,,,,,,,,,,,,,,,,,,,,,,,
Louisiana,Natchitoches,Louisiana,690,0.076,0,0.541,0.383,0,1394,0.86,,,,,,,,,,,,,,,,,,,,,,,,,,
Louisiana,Orleans,Louisiana,710,0.276,0,0.244,0.48,0,10858,0.235,,,,,,,,,,,,,,,,,,,,,,,,,,
Louisiana,Ouachita,Louisiana,730,0.185,0,0.39,0.425,0,800,1.556,,,,,,,,,,,,,,,,,,,,,,,,,,
Louisiana,Plaquemines,Louisiana,750,0.283,0,0.596,0.121,0,448,0.53,,,,,,,,,,,,,,,,,,,,,,,,,,
Louisiana,Pointe Coupee,Louisiana,770,0.08,0,0.703,0.217,0,890,0.742,,,,,,,,,,,,,,,,,,,,,,,,,,
Louisiana,Rapides,Louisiana,790,0.056,0,0.591,0.353,0,1754,0.662,,,,,,,,,,,,,,,,,,,,,,,,,,
Louisiana,Sabine,Louisiana,850,0.065,0,0.607,0.328,0,692,0.766,,,,,,,,,,,,,,,,,,,,,,,,,,
Louisiana,St Bernard,Louisiana,870,0.139,0,0.662,0.199,0,281,0.44,,,,,,,,,,,,,,,,,,,,,,,,,,
Louisiana,St Charles,Louisiana,890,0.098,0,0.485,0.417,0,163,0.655,,,,,,,,,,,,,,,,,,,,,,,,,,
Louisiana,St Helena,Louisiana,910,0.028,0,0.516,0.456,0,641,0.763,,,,,,,,,,,,,,,,,,,,,,,,,,
Louisiana,St James,Louisiana,930,0.193,0,0.286,0.521,0,560,0.64,,,,,,,,,,,,,,,,,,,,,,,,,,
Louisiana,St John The Bapti,Louisiana,950,0.222,0,0.329,0.449,0,392,0.479,,,,,,,,,,,,,,,,,,,,,,,,,,
Louisiana,St Landry,Louisiana,970,0.011,0,0.515,0.474,0,1866,0.813,,,,,,,,,,,,,,,,,,,,,,,,,,
Louisiana,St Martin,Louisiana,990,0.041,0,0.481,0.477,0,1188,0.872,,,,,,,,,,,,,,,,,,,,,,,,,,
Louisiana,St Mary,Louisiana,1010,0.093,0,0.49,0.416,0,942,0.876,,,,,,,,,,,,,,,,,,,,,,,,,,
Louisiana,St Tammany,Louisiana,1030,0.245,0,0.304,0.451,0,539,0.663,,,,,,,,,,,,,,,,,,,,,,,,,,
Louisiana,Tensas,Louisiana,1070,0.008,0,0.65,0.343,0,391,0.708,,,,,,,,,,,,,,,,,,,,,,,,,,
Louisiana,Terrebonne,Louisiana,1090,0.087,0,0.457,0.456,0,965,0.773,,,,,,,,,,,,,,,,,,,,,,,,,,
Louisiana,Union,Louisiana,1110,0.017,0,0.558,0.425,0,1300,0.882,,,,,,,,,,,,,,,,,,,,,,,,,,
Louisiana,Vermillion,Louisiana,1130,0.003,0,0.596,0.401,0,354,0.551,,,,,,,,,,,,,,,,,,,,,,,,,,
Louisiana,Washington,Louisiana,1170,0.01,0,0.768,0.222,0,504,0.8,,,,,,,,,,,,,,,,,,,,,,,,,,
Louisiana,West Baton Rouge,Louisiana,1210,0.069,0,0.375,0.556,0,392,0.769,,,,,,,,,,,,,,,,,,,,,,,,,,
Louisiana,West Feliciana,Louisiana,1250,0.067,0,0.552,0.381,0,493,0.819,,,,,,,,,,,,,,,,,,,,,,,,,,
Louisiana,Winn,Louisiana,1270,0.283,0,0.415,0.302,0,852,0.709,,,,,,,,,,,,,,,,,,,,,,,,,,
Maine,Androscoggin,Maine,10,0.335,0.644,0.012,0.009,0,5479,0.668,0.404,0.594,0,0,0.002,6309,0.769,0.426,0.574,0,0,0,4727,,0.373,0.627,0,5811,0.67,0.358,0,0,0.642,0,5812,0.67
Maine,Aroostook,Maine,30,0.239,0.66,0.097,0.004,0,1730,0.302,0.449,0.516,0,0,0.035,3237,0.565,0.257,0.575,0,0,0.169,2113,0.337,0.413,0.587,0,1980,0.323,0.558,0,0,0.442,0,2815,0.323
Maine,Cumberland,Maine,50,0.358,0.59,0.026,0.026,0,13439,0.652,0.454,0.54,0,0,0.006,15894,0.772,0.458,0.477,0,0,0.065,10700,0.522,0.446,0.554,0,14558,0.679,0.452,0,0,0.548,0,14626,0.679
Maine,Franklin,Maine,70,0.367,0.617,0.015,0.001,0,3698,0.666,0.452,0.548,0,0,0,4604,0.829,0.472,0.528,0,0,0,3598,0.635,0.445,0.555,0,4054,0.75,0.448,0,0,0.552,0,4065,0.75
Maine,Hancock,Maine,90,0.169,0.603,0.193,0.034,0,5505,0.567,0.415,0.576,0,0,0.009,6226,0.642,0.389,0.563,0,0,0.048,4018,0.404,0.428,0.572,0,6015,0.62,0.415,0,0,0.585,0,5577,0.62
Maine,Kennebec,Maine,110,0.253,0.709,0.017,0.021,0,9308,0.613,0.358,0.618,0,0,0.024,11426,0.753,0.398,0.602,0,0,0,7356,0.492,0.33,0.67,0,10150,0.664,0.331,0,0,0.669,0,9553,0.664
Maine,Knox,Maine,130,0.397,0.548,0.04,0.015,0,4596,0.531,0.517,0.483,0,0,0,6221,0.719,0.234,0.521,0,0,0.245,3542,,0.484,0.516,0,4911,0.563,0.482,0,0,0.518,0,4800,0.563
Maine,Lincoln,Maine,150,0.264,0.618,0.052,0.066,0,4060,0.54,0.488,0.512,0,0,0,5222,0.694,0.446,0.511,0,0,0.043,3656,0.731,0.497,0.503,0,5040,0.685,0.494,0,0,0.506,0,4824,0.685
Maine,Oxford,Maine,170,0.361,0.608,0.029,0.002,0,6982,0.702,0.449,0.551,0,0,0,8478,0.852,0.432,0.555,0,0,0.014,7113,0.722,0.429,0.571,0,7369,0.762,0.44,0,0,0.56,0,7596,0.762
Maine,Penobscot,Maine,190,0.145,0.651,0.188,0.017,0,10755,0.545,0.376,0.605,0,0,0.019,13353,0.676,0.263,0.616,0,0,0.121,8701,0.426,0.379,0.621,0,11467,0.567,0.369,0,0,0.631,0,11664,0.567
Maine,Piscataquis,Maine,210,0.164,0.677,0.153,0.006,0,2445,0.61,0.385,0.61,0,0,0.005,2969,0.741,0.374,0.589,0,0,0.037,2541,0.626,0.383,0.617,0,2640,0.661,0.404,0,0,0.596,0,2596,0.661
Maine,Sagadahoc,Maine,230,0.191,0.683,0.043,0.084,0,3305,0.556,0.293,0.644,0,0,0.064,3741,0.629,0.348,0.652,0,0,0,2270,,0.295,0.705,0,3791,0.676,0.329,0,0,0.671,0,3474,0.676
Maine,Soldier Vote,Maine,9999,,,,,,,,,,,,,,,,,,,,,,0.15,0.85,0,4912,,0.023,0,0,0.977,0,3171,
Maine,Somerset,Maine,250,0.292,0.646,0.034,0.028,0,6267,0.638,0.411,0.566,0,0,0.023,7577,0.772,0.457,0.54,0,0,0.003,5649,0.565,0.425,0.575,0,6708,0.693,0.431,0,0,0.569,0,6583,0.693
Maine,Waldo,Maine,270,0.245,0.649,0.092,0.014,0,5855,0.575,0.439,0.56,0,0,0.001,7793,0.765,0.419,0.581,0,0,0.001,5314,0.537,0.417,0.583,0,6755,0.683,0.415,0,0,0.585,0,6506,0.683
Maine,Washington,Maine,290,0.371,0.562,0.056,0.012,0,6258,0.597,0.48,0.519,0,0,0.001,7228,0.689,0.521,0.467,0,0,0.012,5141,0.639,0.486,0.514,0,6174,0.583,0.471,0,0,0.529,0,6228,0.583
Maine,York,Maine,310,0.391,0.575,0.026,0.008,0,11236,0.683,0.463,0.536,0,0,0.001,13270,0.807,0.521,0.478,0,0,0.001,10661,0.481,0.471,0.529,0,12462,0.759,0.478,0,0,0.522,0,12389,0.759
Maryland,Allegany,Maryland,10,0.285,0.124,0.232,0.36,0,4225,0.67,0,0,0,0.943,0.057,2916,0.46,0,0,0,1,0,3225,0.504,0.448,0.552,0,4445,0.691,0,0,0.437,0.563,0,4420,0.687
Maryland,Anne Arundel,Maryland,30,0.045,0.001,0.471,0.482,0,2159,0.721,0,0,0.424,0.576,0,1589,0.548,0.576,0,0,0.307,0,1777,0.656,0.791,0.209,0,1990,0.761,0,0,0.764,0.236,0,1956,0.748
Maryland,Baltimore,Maryland,50,0.063,0.005,0.46,0.472,0,7179,0.597,0,0,,,0,,,0.002,0,0,0.968,0,14107,,0.235,0.765,0,22724,,0,0,0.23,0.77,0,22487,
Maryland,Baltimore City,Maryland,5100,0.05,0.036,0.496,0.418,0,30146,0.653,0,0,,,0,,,,,,,,,,,,,,,,,,,,,
Maryland,Calvert,Maryland,70,0.052,0.001,0.466,0.481,0,829,0.832,0,0,0.522,0.478,0,571,0.568,0.661,0,0,0.076,0,752,0.735,0.915,0.085,0,731,0.708,0,0,0.888,0.112,0,731,0.708
Maryland,Caroline,Maryland,90,0.069,0.008,0.428,0.494,0,1440,0.773,0,0,0.297,0.703,0,1384,0.725,0.368,0,0,0.632,0,1330,0.664,0.271,0.729,0,998,0.487,0,0,0.269,0.731,0,984,0.48
Maryland,Carroll,Maryland,110,0.076,0.013,0.399,0.512,0,4484,0.796,0,0,0,0.998,0.002,2834,0.494,0,0,0,1,0,2905,0.487,0.478,0.522,0,3941,0.649,0,0,0.47,0.53,0,3986,0.656
Maryland,Cecil,Maryland,130,0.102,0.041,0.391,0.466,0,3849,0.755,0,0,0,0.978,0.022,1735,0.332,0.398,0,0,0.602,0,3807,0.695,0.464,0.536,0,3277,0.585,0,0,0.465,0.535,0,3290,0.587
Maryland,Charles,Maryland,150,0.032,0.005,0.604,0.359,0,1197,0.811,0,0,0.816,0.184,0,717,0.482,0.745,0,0,0.063,0,922,0.61,0.973,0.027,0,988,0.649,0,0,0.974,0.026,0,963,0.633
Maryland,Dorchester,Maryland,170,0.012,0.014,0.469,0.505,0,2507,0.871,0,0,0.398,0.602,0,2349,0.808,0.514,0,0,0.486,0,1627,0.549,0.685,0.315,0,1987,0.665,0,0,0.661,0.339,0,1999,0.669
Maryland,Frederick,Maryland,190,0.061,0.014,0.432,0.493,0,7331,0.788,0,0,0,1,0,3941,0.417,0,0,0,1,0,3987,0.408,0.393,0.607,0,5855,0.59,0,0,0.387,0.613,0,5893,0.593
Maryland,Harford,Maryland,230,0.023,0.023,0.43,0.524,0,3552,0.762,0,0,0,0.989,0.011,1806,0.38,0,0,0,1,0,1444,0.293,0.567,0.433,0,2909,0.579,0,0,0.547,0.453,0,2942,0.586
Maryland,Howard,Maryland,250,0.122,0.001,0.342,0.535,0,1550,0.719,0,0,0.311,0.689,0,1252,,0.359,0,0,0.36,0,1253,,0.573,0.427,0,1357,,0,0,0.559,0.441,0,1354,
Maryland,Kent,Maryland,270,0.045,0.025,0.418,0.513,0,1662,0.862,0,0,0,0.936,0.064,1002,0.507,0.737,0,0,0.263,0,1057,0.508,0.754,0.246,0,1682,0.79,0,0,0.757,0.243,0,1674,0.786
Maryland,Montgomery,Maryland,290,0.041,0.021,0.463,0.476,0,2429,0.832,0,0,0.27,0.73,0,1869,0.628,0.447,0,0,0.436,0,1630,0.528,0.757,0.243,0,2038,0.649,0,0,0.733,0.267,0,2040,0.65
Maryland,Prince Georges,Maryland,310,0.022,0.001,0.53,0.448,0,1977,0.805,0,0,0.467,0.533,0,1536,0.619,0.388,0,0,0.112,0,1278,0.504,0.887,0.113,0,1747,0.681,0,0,0.851,0.149,0,1733,0.676
Maryland,Queen Annes,Maryland,330,0.046,0,0.469,0.485,0,1874,0.873,0,0,0.471,0.529,0,1625,0.74,0.661,0,0,0.339,0,833,0.363,0.794,0.206,0,1866,0.796,0,0,0.772,0.228,0,1878,0.802
Maryland,Soldier Vote,Maryland,9999,,,,,,,,,,,,,,,,,,,,,,0.103,0.897,0,3121,,0,0,0.073,0.927,0,2872,
Maryland,Somerset,Maryland,350,0.03,0.001,0.451,0.518,0,2966,0.793,0,0,0.374,0.626,0,3178,0.836,0.664,0,0,0.336,0,1040,0.266,0.766,0.234,0,2754,0.693,0,0,0.753,0.247,0,2725,0.686
Maryland,St Marys,Maryland,370,0.138,0.001,0.671,0.19,0,1372,0.808,0,0,0.918,0.082,0,1238,0.718,0.775,0,0,0.164,0,1321,0.742,0.909,0.091,0,1085,0.599,0,0,0.906,0.094,0,1083,0.598
Maryland,Talbot,Maryland,390,0.055,0.001,0.501,0.443,0,1791,0.879,0,0,0.506,0.494,0,1667,0.809,0.227,0,0,0.773,0,728,0.345,0.316,0.684,0,845,0.397,0,0,0.319,0.681,0,838,0.393
Maryland,Washington,Maryland,410,0.052,0.018,0.457,0.474,0,5420,0.806,0,0,0,0.962,0.038,4045,0.598,0,0,0,1,0,3345,0.489,0.32,0.68,0,4382,0.637,0,0,0.32,0.68,0,4385,0.637
Maryland,Worcester,Maryland,450,0.035,0,0.556,0.409,0,2563,0.808,0,0,0.515,0.485,0,2309,0.724,0.253,0,0,0.747,0,1803,0.558,0.694,0.306,0,2170,0.668,0,0,0.701,0.299,0,2137,0.658
Massachusetts,Barnstable,Massachusetts,10,0.042,0.747,0.122,0.089,0,3176,0.323,0,0.744,0,0,0.256,3174,0.323,0,0.763,0.237,0,0,2976,0.3,0.149,0.851,0,4695,0.469,0.149,0,0,0.851,0,4686,0.468
Massachusetts,Berkshire,Massachusetts,30,0.337,0.612,0.023,0.028,0,8504,0.585,0,0.624,0,0,0.376,8410,0.579,0,0.538,0.462,0,0,6886,0.466,0.388,0.612,0,8677,0.578,0.391,0,0,0.609,0,8673,0.578
Massachusetts,Bristol,Massachusetts,50,0.158,0.737,0.046,0.059,0,10827,0.428,0,0.736,0,0,0.264,10673,0.422,0,0.752,0.236,0,0.012,7993,0.304,0.182,0.818,0,11909,0.435,0.185,0,0,0.814,0,11957,0.437
Massachusetts,Dukes,Massachusetts,70,0.201,0.587,0.111,0.101,0,576,0.375,0,0.57,0,0,0.43,572,0.373,0,0.613,0.387,0,0,463,0.295,0.225,0.775,0,613,0.383,0.225,0,0,0.775,0,601,0.376
Massachusetts,Essex,Massachusetts,90,0.166,0.651,0.036,0.14,0.007,22779,0.496,0,0.64,0,0,0.36,22947,0.5,0,0.606,0.392,0,0.002,18504,0.387,0.248,0.752,0,22931,0.462,0.25,0,0,0.748,0,22831,0.46
Massachusetts,Franklin,Massachusetts,110,0.17,0.742,0.061,0.025,0.001,5385,0.599,0,0.76,0,0,0.24,5239,0.583,0,0.972,0,0,0.028,3833,0.423,0.228,0.772,0,5665,0.621,0.224,0,0,0.776,0,5152,0.565
Massachusetts,Hampden,Massachusetts,130,0.247,0.643,0.073,0.037,0,8065,0.525,0,0.648,0,0,0.352,7918,0.515,0,0.589,0.41,0,0,6351,0.409,0.313,0.687,0,9250,0.588,0.316,0,0,0.683,0,9245,0.588
Massachusetts,Hampshire,Massachusetts,150,0.108,0.818,0.041,0.032,0,5617,0.523,0,0.844,0,0,0.156,5416,0.505,0,1,0,0,0,4109,0.377,0.147,0.853,0,5903,0.534,0.133,0,0,0.867,0,5869,0.531
Massachusetts,Middlesex,Massachusetts,170,0.23,0.578,0.03,0.157,0.005,30801,0.522,0,0.582,0,0,0.418,30523,0.517,0,0.556,0.444,0,0,25011,0.404,0.301,0.699,0,31915,0.493,0.303,0,0,0.697,0,31857,0.492
Massachusetts,Nantucket,Massachusetts,190,0.06,0.782,0.017,0.142,0,537,0.329,0,0.716,0,0,0.284,588,0.361,0,0.689,0.311,0,0,598,0.408,0.069,0.931,0,522,0.4,0.069,0,0,0.931,0,523,0.401
Massachusetts,Norfolk,Massachusetts,210,0.226,0.558,0.029,0.188,0,15891,0.535,0,0.567,0,0,0.433,15847,0.534,0,0.546,0.454,0,0,12674,0.406,0.333,0.667,0,16543,0.505,0.333,0,0,0.667,0,16569,0.506
Massachusetts,Plymouth,Massachusetts,230,0.136,0.656,0.029,0.179,0,10448,0.564,0,0.66,0,0,0.34,9639,0.521,0,0.65,0.342,0,0.008,8402,0.441,0.248,0.752,0,10122,0.516,0.246,0,0,0.754,0,10073,0.514
Massachusetts,Suffolk,Massachusetts,250,0.218,0.488,0.043,0.251,0.001,22483,0.423,0,0.519,0,0,0.481,22358,0.42,0,0.515,0.484,0,0.001,15707,0.281,0.363,0.637,0,23060,0.394,0.357,0,0,0.643,0,23200,0.397
Massachusetts,Worcester,Massachusetts,270,0.212,0.697,0.015,0.076,0,24787,0.553,0,0.59,0.324,0,0.086,24501,0.546,0,0.762,0.238,0,0,19925,0.431,0.237,0.763,0,23688,0.498,0.237,0,0,0.763,0,23232,0.488
Michigan,Allegan,Michigan,50,0.447,0.549,0,0,0.003,3452,0.796,0.454,0.545,0,0,0,3457,0.797,0.486,0.514,0,0,0,2861,0.581,0.453,0.547,0,3404,0.617,0.453,0,0,0.547,0,3408,0.618
Michigan,Alpena,Michigan,70,0.255,0.745,0,0,0,110,0.78,0.173,0.827,0,0,0,110,0.78,0.175,0.825,0,0,0,80,,0.38,0.62,0,187,,0.38,0,0,0.62,0,187,
Michigan,Antrim,Michigan,90,,,,,,,,,,,,,,,,,,,,,,0.202,0.798,0,89,,0.17,0,0,0.83,0,88,
Michigan,Barry,Michigan,150,0.35,0.642,0,0,0.008,2962,0.828,0.363,0.637,0,0,0,2971,0.831,0.391,0.609,0,0,0,2678,0.664,0.382,0.618,0,2674,0.595,0.38,0,0,0.62,0,2686,0.598
Michigan,Bay,Michigan,170,0.509,0.488,0,0,0,637,0.61,0.51,0.49,0,0,0,630,0.603,0.631,0.368,0,0,0,647,,0.558,0.442,0,1046,,0.56,0,0,0.44,0,1044,
Michigan,Berrien,Michigan,210,0.464,0.521,0,0,0.01,5033,0.868,0.474,0.518,0,0,0.008,5016,0.865,0.523,0.477,0,0,0,3953,0.618,0.475,0.525,0,4861,0.695,0.474,0,0,0.526,0,4873,0.697
Michigan,Branch,Michigan,230,0.335,0.661,0,0,0.004,4652,0.834,0.342,0.658,0,0,0,4664,0.836,0.365,0.635,0,0,0,3807,0.628,0.326,0.674,0,4500,0.687,0.327,0,0,0.673,0,4508,0.688
Michigan,Calhoun,Michigan,250,0.371,0.617,0,0,0.007,6604,0.827,0.375,0.622,0,0,0.003,6535,0.819,0.417,0.583,0,0,0,5486,0.637,0.403,0.597,0,6267,0.677,0.403,0,0,0.597,0,6281,0.679
Michigan,Cass,Michigan,270,0.435,0.554,0,0,0.009,3730,0.891,0.443,0.549,0,0,0.007,3738,0.893,0.5,0.5,0,0,0,2900,0.642,0.448,0.552,0,3200,0.66,0.447,0,0,0.552,0,3213,0.662
Michigan,Cheboygan,Michigan,310,0.787,0.213,0,0,0,94,0.862,0.787,0.213,0,0,0,94,0.862,0.826,0.174,0,0,0,46,,0.736,0.264,0,87,,0.545,0,0,0.455,0,44,
Michigan,Chippewa,Michigan,330,0.582,0.418,0,0,0,153,0.416,0.601,0.399,0,0,0,148,0.402,,,,,,0,0,0.729,0.271,0,170,0.429,0.782,0,0,0.218,0,170,0.429
Michigan,Clinton,Michigan,370,0.448,0.552,0,0,0,2842,0.799,0.449,0.55,0,0,0,2848,0.801,0.407,0.593,0,0,0,1459,0.362,0.481,0.519,0,2935,0.652,0.481,0,0,0.519,0,2948,0.655
Michigan,Delta,Michigan,410,,,,,,,,,,,,,,,,,,,,0,,0.564,0.436,0,55,,0.308,0,0,0.692,0,52,
Michigan,Eaton,Michigan,450,0.383,0.615,0,0,0.002,3469,0.842,0.377,0.622,0,0,0,3570,0.867,0.433,0.566,0,0,0,2933,0.637,0.426,0.574,0,3217,0.632,0.426,0,0,0.574,0,3228,0.634
Michigan,Emmet,Michigan,470,0.848,0.152,0,0,0,198,6.187,0.866,0.134,0,0,0,194,6.062,0.582,0.418,0,0,0,225,,0.653,0.347,0,216,,0.382,0,0,0.618,0,110,
Michigan,Genesee,Michigan,490,0.402,0.593,0,0,0,4774,0.809,0.411,0.589,0,0,0,4784,0.81,0.427,0.573,0,0,0,4206,0.648,0.422,0.578,0,4746,0.67,0.42,0,0,0.58,0,4757,0.672
Michigan,Grand Traverse,Michigan,550,0.327,0.673,0,0,0,605,1.41,0.333,0.667,0,0,0,607,1.415,0.174,0.826,0,0,0,619,,0.181,0.819,0,458,,0.194,0,0,0.806,0,454,
Michigan,Gratiot,Michigan,570,0.388,0.612,0,0,0,810,0.827,0.388,0.612,0,0,0,792,0.808,0.361,0.639,0,0,0,840,,0.391,0.609,0,937,,0.396,0,0,0.604,0,943,
Michigan,Hillsdale,Michigan,590,0.312,0.681,0,0,0.005,5505,0.822,0.319,0.681,0,0,0,5503,0.821,0.33,0.669,0,0,0,4819,0.668,0.312,0.688,0,5530,0.716,0.312,0,0,0.688,0,5550,0.718
Michigan,Houghton,Michigan,610,,,,,,,,0.577,0.423,,,0,1427,0.313,0.76,0.238,0,0,0,520,0.096,0.72,0.28,0,1358,0.218,0.721,0,0,0.279,0,1363,0.219
Michigan,Huron,Michigan,630,0.411,0.589,0,0,0,508,0.481,,,0,0,,,,0.427,0.573,0,0,0,506,0.404,0.484,0.516,0,697,0.482,0.484,0,0,0.516,0,698,0.483
Michigan,Ingham,Michigan,650,0.457,0.542,0,0,0.001,4022,0.894,0.46,0.539,0,0,0,4028,0.896,0.497,0.503,0,0,0,3434,0.689,0.5,0.5,0,3585,0.655,0.498,0,0,0.502,0,3599,0.658
Michigan,Ionia,Michigan,670,0.366,0.631,0,0,0.002,3534,0.819,0.369,0.63,0,0,0.001,3541,0.821,0.356,0.643,0,0,0,3043,0.633,0.385,0.615,0,3588,0.676,0.4,0,0,0.6,0,3595,0.678
Michigan,Iosco,Michigan,690,0.672,0.328,0,0,0,61,0.772,0.7,0.3,0,0,0,60,0.759,0.176,0.824,0,0,0,34,,0.43,0.57,0,100,,0.426,0,0,0.574,0,101,
Michigan,Isabella,Michigan,730,0.516,0.484,0,0,0,254,1.578,0.52,0.48,0,0,0,256,1.59,0.261,0.739,0,0,0,264,,0.279,0.721,0,298,,0.29,0,0,0.71,0,303,
Michigan,Jackson,Michigan,750,0.43,0.562,0,0,0.008,6041,0.796,0.435,0.557,0,0,0.008,6043,0.796,0.508,0.491,0,0,0,5294,0.651,0.492,0.508,0,5911,0.681,0.492,0,0,0.508,0,5913,0.681
Michigan,Kalamazoo,Michigan,770,0.383,0.609,0,0,0.001,5303,0.803,0.391,0.608,0,0,0,5324,0.807,0.423,0.577,0,0,0,4776,0.659,0.4,0.6,0,5252,0.666,0.401,0,0,0.599,0,5251,0.666
Michigan,Kent,Michigan,810,0.404,0.581,0,0,0.014,6281,0.77,0.406,0.575,0,0,0.019,6416,0.786,0.461,0.539,0,0,0,5680,0.62,0.466,0.534,0,6364,0.626,0.467,0,0,0.533,0,6379,0.627
Michigan,Keweenaw,Michigan,830,,,,,,,,,,,,,,,0.485,0.515,0,0,0,171,,0.57,0.43,0,686,,0.585,0,0,0.415,0,686,
Michigan,Lapeer,Michigan,870,0.408,0.588,0,0,0.003,2997,0.793,0.414,0.586,0,0,0,2996,0.792,0.462,0.537,0,0,0,2454,0.584,0.46,0.54,0,2711,0.587,0.459,0,0,0.541,0,2719,0.588
Michigan,Leelanau,Michigan,890,,,,,,,,,,,,,,,,,,,,,,0.383,0.617,0,381,,0.384,0,0,0.616,0,378,
Michigan,Lenawee,Michigan,910,0.405,0.586,0,0,0.007,8670,0.847,0.403,0.597,0,0,0,8695,0.849,0.451,0.549,0,0,0,7541,0.686,0.432,0.568,0,8412,0.716,0.43,0,0,0.57,0,8440,0.718
Michigan,Livingston,Michigan,930,0.491,0.508,0,0,0.001,4082,0.92,0.492,0.506,0,0,0.002,4099,0.924,0.534,0.466,0,0,0,3511,0.752,0.553,0.447,0,3587,0.732,0.55,0,0,0.45,0,3609,0.737
Michigan,Mackinac/Michilim,Michigan,970,0.685,0.315,0,0,0,130,0.376,0.692,0.308,0,0,0,133,0.384,0.781,0.219,0,0,0,105,0.861,0.86,0.14,0,215,,0.822,0,0,0.178,0,208,
Michigan,Macomb,Michigan,990,0.458,0.536,0,0,0.003,4730,0.816,0.464,0.536,0,0,0,4734,0.816,0.499,0.501,0,0,0,3823,0.615,0.516,0.484,0,4218,0.636,0.514,0,0,0.485,0,4233,0.638
Michigan,Manistee,Michigan,1010,0.315,0.685,0,0,0,184,0.446,0.337,0.663,0,0,0,178,0.431,0.482,0.518,0,0,0,114,,0.326,0.674,0,215,,0.222,0,0,0.778,0,216,
Michigan,Manitou,Michigan,1015,0.545,0.455,0,0,0,123,0.441,0.537,0.463,0,0,0,121,0.434,,,,,,0,,0.925,0.075,0,146,,0.519,0,0,0.481,0,133,
Michigan,Marquette,Michigan,1030,,,,,,,,0.406,0.594,,,0,448,0.367,0.412,0.588,0,0,0,177,0.122,,,,,,0.735,,,0.265,0,663,0.396
Michigan,Mason,Michigan,1050,0.355,0.645,0,0,0,138,0.648,0.35,0.65,0,0,0,137,0.643,0.169,0.831,0,0,0,124,0.51,0.381,0.619,0,231,0.843,0.3,0,0,0.7,0,210,0.766
Michigan,Mecosta,Michigan,1070,0.335,0.665,0,0,0,164,0.548,0.299,0.579,0,0,0.122,164,0.548,0.254,0.746,0,0,0,134,,0.404,0.596,0,240,,0.395,0,0,0.605,0,243,
Michigan,Menominee,Michigan,1090,,,,,,,,,,,,,,,,,,,,,,0.284,0.716,0,81,,0.329,0,0,0.671,0,73,
Michigan,Midland,Michigan,1110,0.215,0.785,0,0,0,200,0.862,0.32,0.68,0,0,0,219,0.944,0.346,0.654,0,0,0,185,0.67,0.327,0.673,0,309,0.966,0.314,0,0,0.679,0.006,312,0.975
Michigan,Monroe,Michigan,1150,0.486,0.512,0,0,0.002,4457,0.847,0.488,0.512,0,0,0,4461,0.847,0.593,0.407,0,0,0,3536,0.626,0.584,0.416,0,3990,0.662,0.589,0,0,0.411,0,3991,0.662
Michigan,Montcalm,Michigan,1170,0.39,0.61,0,0,0,926,0.873,0.396,0.604,0,0,0,926,0.873,0.433,0.567,0,0,0,794,0.647,0.427,0.573,0,1038,0.744,0.434,0,0,0.566,0,1040,0.746
Michigan,Muskegon,Michigan,1210,0.324,0.675,0,0,0.001,744,0.517,,,0,0,,,,0.301,0.699,0,0,0,662,,0.359,0.641,0,1020,,0.347,0,0,0.653,0,1048,
Michigan,Newaygo,Michigan,1230,0.363,0.637,0,0,0,571,0.72,0.369,0.631,0,0,0,577,0.728,0.324,0.676,0,0,0,537,0.588,0.373,0.627,0,648,0.626,0.376,0,0,0.624,0,652,0.63
Michigan,Oakland,Michigan,1250,0.455,0.533,0,0,0.01,8281,0.811,0.468,0.531,0,0,0,8287,0.811,0.516,0.483,0,0,0,6949,0.647,0.507,0.493,0,7525,0.668,0.504,0,0,0.496,0,7548,0.67
Michigan,Oceana,Michigan,1270,0.451,0.549,0,0,0,350,0.728,0.454,0.546,0,0,0,350,0.728,0.41,0.59,0,0,0,388,0.704,0.332,0.668,0,533,0.86,0.321,0,0,0.679,0,533,0.86
Michigan,Ontonagon,Michigan,1310,0.475,0.525,0,0,0,631,0.296,0.494,0.506,0,0,0,633,0.297,0.576,0.419,0,0,0,236,0.094,0.643,0.357,0,706,0.246,0.454,0,0,0.546,0,678,0.236
Michigan,Ottawa,Michigan,1390,0.463,0.537,0,0,0,2631,0.712,0.466,0.533,0,0,0,2634,0.713,0.558,0.442,0,0,0,2175,0.534,0.533,0.467,0,2881,0.648,0.51,0,0,0.49,0,2895,0.651
Michigan,Saginaw,Michigan,1450,0.447,0.548,0,0,0.003,2701,0.76,0.453,0.547,0,0,0,2701,0.76,0.553,0.447,0,0,0,2465,0.6,0.523,0.477,0,3631,0.778,0.515,0,0,0.485,0,3633,0.778
Michigan,Sanilac,Michigan,1510,0.304,0.689,0,0,0.007,1304,0.641,0.321,0.679,0,0,0,1301,0.64,0.328,0.671,0,0,0,763,0.329,0.297,0.703,0,1071,0.411,0.296,0,0,0.704,0,1072,0.412
Michigan,Shiawassee,Michigan,1550,0.43,0.565,0,0,0.002,2841,0.901,0.439,0.561,0,0,0,2844,0.902,0.487,0.513,0,0,0,2413,0.684,0.476,0.524,0,2695,0.69,0.475,0,0,0.525,0,2716,0.696
Michigan,Soldier Vote,Michigan,9999,,,,,,,,,,,,,,,,,,,,,,0.239,0.761,0,12361,,0.179,0,0,0.821,0,10852,
Michigan,St Clair,Michigan,1470,0.425,0.563,0,0,0.008,4600,0.686,0.438,0.561,0,0,0.001,4583,0.683,0.533,0.467,0,0,0,3637,0.484,0.533,0.467,0,3871,0.465,0.531,0,0,0.469,0,3886,0.467
Michigan,St Joseph,Michigan,1490,0.41,0.586,0,0,0.004,4833,0.853,0.417,0.583,0,0,0,4832,0.852,0.427,0.573,0,0,0,4098,0.664,0.401,0.599,0,4477,0.671,0.402,0,0,0.598,0,4498,0.674
Michigan,Tuscola,Michigan,1570,0.319,0.681,0,0,0,1097,0.83,0.331,0.669,0,0,0,1097,0.83,0.339,0.661,0,0,0,1036,0.662,0.334,0.666,0,1199,0.662,0.329,0,0,0.671,0,1189,0.657
Michigan,Van Buren,Michigan,1590,0.367,0.626,0,0,0.007,3475,0.877,0.379,0.621,0,0,0,3476,0.878,0.421,0.579,0,0,0,3146,0.706,0.414,0.586,0,3385,0.684,0.412,0,0,0.588,0,3396,0.686
Michigan,Washtenaw,Michigan,1610,0.454,0.536,0,0,0.007,7997,0.831,0.457,0.54,0,0,0.002,8015,0.833,0.53,0.47,0,0,0,6661,0.66,0.514,0.486,0,7468,0.706,0.513,0,0,0.487,0,7490,0.708
Michigan,Wayne,Michigan,1630,0.47,0.513,0,0,0.007,14267,0.747,0.486,0.508,0,0,0.006,14211,0.744,0.571,0.429,0,0,0,10720,0.518,0.563,0.437,0,13616,0.611,0.562,0,0,0.437,0.001,13648,0.613
Minnesota,Anoka,Minnesota,30,0.344,0.635,0.021,0,0,436,0.691,0.349,0.633,0.018,0,0,436,0.691,0.191,0.809,0,0,0,298,0.427,0.369,0.631,0,452,0.59,0.377,0,0,0.623,0,451,0.589
Minnesota,Benton,Minnesota,90,,,,,,,,0.269,0.667,0.064,,,164,0.816,0.484,0.516,0,0,0,93,0.378,0.505,0.495,0,105,0.361,0.514,0,0,0.486,0,105,0.361
Minnesota,Blue Earth,Minnesota,130,0.346,0.626,0.022,0,0,1081,0.786,0.361,0.618,0.02,0,0,1114,0.81,0.485,0.515,0,0,0,931,0.457,0.374,0.626,0,1537,0.57,0.38,0,0,0.62,0,1532,0.569
Minnesota,Brown,Minnesota,150,0.179,0.802,0.02,0,0,509,0.677,0.182,0.796,0.022,0,0,510,0.678,0.13,0.87,0,0,0,177,0.193,0.151,0.849,0,384,0.356,0.136,0,0,0.864,0,383,0.355
Minnesota,Carver,Minnesota,190,0.39,0.606,0.001,0,0,831,0.579,0.392,0.607,0.001,0,0,830,0.578,0.54,0.46,0,0,0,719,0.436,0.558,0.442,0,1094,0.588,0.562,0,0,0.438,0,1084,0.582
Minnesota,Cass,Minnesota,210,,,,,,,,,,,,,,,,,,,,,,0.444,0.556,0,9,0.13,0.571,0,0,0.429,0,7,0.101
Minnesota,Chisago,Minnesota,250,0.137,0.812,0.051,0,0,467,0.831,0.137,0.811,0.052,0,0,466,0.829,0.193,0.807,0,0,0,301,0.44,0.191,0.809,0,460,0.57,0.204,0,0,0.796,0,457,0.567
Minnesota,Dakota,Minnesota,370,0.458,0.531,0.011,0,0,1926,0.778,0.457,0.534,0.009,0,0,1914,0.774,0.473,0.527,0,0,0,1608,0.577,0.5,0.5,0,2354,0.76,0.499,0,0,0.501,0,2326,0.751
Minnesota,Dodge,Minnesota,390,0.245,0.692,0.063,0,0,838,0.813,0.237,0.675,0.089,0,0,839,0.814,0.367,0.633,0,0,0,754,0.598,0.3,0.678,0.022,1085,0.729,0.297,0,0,0.703,0,1082,0.727
Minnesota,Faribault,Minnesota,430,0.187,0.804,0.009,0,0,336,0.808,0.191,0.803,0.006,0,0,333,0.8,0.115,0.885,0,0,0,269,0.327,0.2,0.8,0,802,0.652,0.202,0,0,0.798,0,798,0.648
Minnesota,Fillmore,Minnesota,450,0.331,0.659,0.01,0,0,2443,0.76,0.338,0.653,0.009,0,0,2548,0.793,0.415,0.585,0,0,0,2108,0.553,0.386,0.614,0,2673,0.607,0.387,0,0,0.613,0,2670,0.606
Minnesota,Freeborn,Minnesota,470,0.239,0.756,0.003,0,0,787,0.848,0.24,0.757,0.003,0,0,785,0.846,0.131,0.869,0,0,0,474,0.377,0.253,0.747,0,874,0.552,0.256,0,0,0.744,0,872,0.551
Minnesota,Goodhue,Minnesota,490,0.239,0.752,0.009,0,0,1798,0.705,0.24,0.751,0.009,0,0,1796,0.704,0.241,0.759,0,0,0,1646,0.517,0.269,0.731,0,2554,0.67,0.268,0,0,0.732,0,2541,0.667
Minnesota,Hennepin,Minnesota,530,0.279,0.702,0.017,0,0.002,2523,0.679,0.255,0.727,0.018,0,0,2523,0.679,0.389,0.611,0,0,0,2021,0.427,0.416,0.584,0,2932,0.51,0.416,0,0,0.584,0,2924,0.509
Minnesota,Houston,Minnesota,550,0.51,0.487,0.002,0,0,1219,0.691,0.506,0.494,0,0,0,1400,0.794,0.539,0.461,0,0,0,1279,0.595,0.444,0.556,0,1431,0.564,0.445,0,0,0.555,0,1437,0.566
Minnesota,Isanti,Minnesota,590,0.146,0.854,0,0,0,48,0.471,0.146,0.854,0,0,0,48,0.471,0.148,0.852,0,0,0,54,0.289,0.289,0.711,0,83,0.306,0.299,0,0,0.701,0,77,0.284
Minnesota,Kanabec,Minnesota,650,0,1,0,0,0,15,1,0,1,0,0,0,15,1,0,1,0,0,0,8,0.455,,,,,,,,,,,,
Minnesota,Kandiyohi,Minnesota,670,0.187,0.812,0,0,0,16,0.615,0.187,0.812,0,0,0,16,0.615,,,,,,,,,,,,,,,,,,,
Minnesota,Le Sueur,Minnesota,790,0.491,0.5,0.008,0,0.001,1131,0.781,0.494,0.499,0.007,0,0,1128,0.779,0.599,0.401,0,0,0,988,0.596,0.621,0.379,0,1307,0.7,0.618,0,0,0.382,0,1305,0.698
Minnesota,Martin,Minnesota,910,0.13,0.87,0,0,0,46,0.902,0.146,0.854,0,0,0,41,0.804,0.037,0.963,0,0,0,27,0.111,0.082,0.918,0,207,0.477,0.089,0,0,0.911,0,203,0.468
Minnesota,Mcleod,Minnesota,850,0.249,0.738,0,0,0,325,0.829,0,1,0,0,0,47,0.12,0.347,0.653,0,0,0,118,0.204,0.413,0.587,0,344,0.451,0.412,0,0,0.588,0,345,0.452
Minnesota,Meeker,Minnesota,930,0.32,0.641,0.035,0,0.004,259,0.86,0.312,0.648,0.039,0,0,256,0.85,0.397,0.603,0,0,0,63,0.114,0.422,0.578,0,199,0.247,0.419,0,0,0.581,0,198,0.246
Minnesota,Mille Lacs,Minnesota,950,0.053,0.947,0,0,0,19,0.76,0.053,0.947,0,0,0,19,0.76,0.156,0.844,0,0,0,45,0.6,0.286,0.714,0,70,0.56,0.296,0,0,0.704,0,71,0.568
Minnesota,Monongalia,Minnesota,955,0.288,0.712,0,0,0,59,0.522,0.288,0.712,0,0,0,59,0.522,,,,,,,,,,,,,,,,,,,
Minnesota,Morrison,Minnesota,970,0.62,0.353,0.027,0,0,150,0.838,0.583,0.392,0.025,0,0,157,0.877,0.393,0.607,0,0,0,145,0.608,0.588,0.412,0,85,0.285,0.554,0,0,0.446,0,83,0.279
Minnesota,Mower,Minnesota,990,0.279,0.72,0,0,0,696,0.83,0.283,0.717,0,0,0,697,0.831,0.222,0.778,0,0,0,604,0.477,0.251,0.749,0,851,0.502,0.252,0,0,0.748,0,846,0.499
Minnesota,Nicollet,Minnesota,1030,0.373,0.591,0.032,0,0.004,780,0.678,0.371,0.597,0.032,0,0,785,0.683,0.493,0.507,0,0,0,495,0.371,0.454,0.546,0,925,0.61,0.475,0,0,0.525,0,923,0.608
Minnesota,Olmsted,Minnesota,1090,0.227,0.759,0.014,0,0,1776,0.714,0.261,0.721,0.018,0,0,1867,0.751,0.274,0.726,0,0,0,1506,0.502,0.31,0.69,0,2678,0.762,0.307,0,0,0.693,0,2654,0.755
Minnesota,Otter Tail,Minnesota,1110,0.545,0.455,0,0,0,11,0.151,0.545,0.455,0,0,0,11,0.151,,,,,,,,,,,,,,,,,,,
Minnesota,Pine,Minnesota,1150,,,,,,,,0.179,0.795,0.026,,,39,0.975,0.057,0.943,0,0,0,35,0.345,0.182,0.773,0.045,22,0.135,0.056,0,0,0.944,0,18,0.111
Minnesota,Ramsey,Minnesota,1230,0.446,0.497,0.05,0,0.006,2481,0.709,0.453,0.496,0.051,0,0,2477,0.708,0.636,0.364,0,0,0,1836,0.451,0.53,0.47,0,2681,0.578,0.531,0,0,0.469,0,2653,0.572
Minnesota,Renville,Minnesota,1290,0.279,0.605,0.102,0,0.014,147,1.885,0.277,0.615,0.108,0,0,148,1.897,,,,,,,,,,,,,,,,,,,
Minnesota,Rice,Minnesota,1310,0.334,0.661,0.005,0,0,1507,0.732,0.353,0.641,0.005,0,0,1548,0.752,0.409,0.591,0,0,0,1326,0.548,0.343,0.657,0,1942,0.699,0.338,0,0,0.662,0,1907,0.687
Minnesota,Scott,Minnesota,1390,0.531,0.437,0.031,0,0,1210,0.979,0.528,0.44,0.032,0,0,1211,0.98,0.718,0.282,0,0,0,1022,0.691,0.725,0.275,0,1442,0.837,0.735,0,0,0.265,0,1414,0.821
Minnesota,Sherburne,Minnesota,1410,0.322,0.667,0.011,0,0,180,0.9,0.322,0.667,0.011,0,0,180,0.9,0.378,0.622,0,0,0,127,0.465,0.419,0.581,0,186,0.538,0.418,0,0,0.582,0,184,0.532
Minnesota,Sibley,Minnesota,1430,0.481,0.497,0.023,0,0,799,0.801,0.484,0.496,0.02,0,0,796,0.798,0.667,0.333,0,0,0,559,0.513,0.68,0.32,0,822,0.696,0.647,0,0,0.353,0,860,0.728
Minnesota,St Louis,Minnesota,1370,0.324,0.588,0.088,0,0,68,0.63,0.353,0.565,0.082,0,0,85,0.787,0.147,0.853,0,0,0,34,0.053,0.114,0.886,0,44,0.037,0.111,0,0,0.889,0,45,0.038
Minnesota,Stearns,Minnesota,1450,0.517,0.47,0.013,0,0,932,0.693,0.513,0.474,0.013,0,0,938,0.697,0.668,0.332,0,0,0,858,0.479,0.682,0.318,0,1344,0.601,0.696,0,0,0.304,0,1321,0.59
Minnesota,Steele,Minnesota,1470,0.228,0.76,0.012,0,0,688,0.875,0.232,0.756,0.012,0,0,678,0.863,0.16,0.84,0,0,0,394,0.374,0.247,0.752,0.001,846,0.64,0.249,0,0,0.751,0,838,0.634
Minnesota,Todd,Minnesota,1530,,,,,,,,,,,,,,,,,,,,,,0.585,0.415,0,53,0.152,0.54,0,0,0.46,0,50,0.144
Minnesota,Wabasha,Minnesota,1570,0.283,0.633,0.077,0,0.007,1945,0.963,0.285,0.638,0.077,0,0,1946,0.963,0.291,0.709,0,0,0,1072,0.437,0.314,0.686,0,2022,0.7,0.308,0,0,0.692,0,1994,0.69
Minnesota,Waseca,Minnesota,1610,0.32,0.68,0,0,0,447,0.653,0.335,0.665,0,0,0,507,0.74,0.41,0.59,0,0,0,249,0.27,0.405,0.595,0,702,0.605,0.4,0,0,0.6,0,687,0.592
Minnesota,Washington,Minnesota,1630,0.351,0.625,0.016,0,0.007,1203,0.572,0.359,0.626,0.015,0,0,1187,0.564,0.355,0.645,0,0,0,577,0.239,0.391,0.609,0,1283,0.47,0.393,0,0,0.607,0,1276,0.467
Minnesota,Watonwan,Minnesota,1650,,,,,,,,,,,,,,,0.208,0.792,0,0,0,24,,0.116,0.884,0,43,,0.136,0,0,0.864,0,44,
Minnesota,Winona,Minnesota,1690,0.301,0.68,0.019,0,0,1898,0.725,0.3,0.682,0.018,0,0,1895,0.724,0.427,0.573,0,0,0,1900,0.591,0.394,0.606,0,2622,0.689,0.407,0,0,0.593,0,2602,0.683
Minnesota,Wright,Minnesota,1710,0.246,0.749,0.005,0,0,764,0.667,0.246,0.749,0.005,0,0,766,0.668,0.168,0.832,0,0,0,452,0.332,0.403,0.597,0,884,0.56,0.407,0,0,0.593,0,875,0.554
Mississippi,Adams,Mississippi,10,0.161,0,0.383,0.456,0,982,0.567,,,,,,,,,,,,,,,,,,,,,,,,,,
Mississippi,Amite,Mississippi,50,0.004,0,0.525,0.471,0,813,0.785,,,,,,,,,,,,,,,,,,,,,,,,,,
Mississippi,Attala,Mississippi,70,0.003,0,0.66,0.337,0,1560,0.79,,,,,,,,,,,,,,,,,,,,,,,,,,
Mississippi,Bolivar,Mississippi,110,0.024,0,0.43,0.546,0,507,0.977,,,,,,,,,,,,,,,,,,,,,,,,,,
Mississippi,Calhoun,Mississippi,130,0.045,0,0.659,0.296,0,1200,0.74,,,,,,,,,,,,,,,,,,,,,,,,,,
Mississippi,Carroll,Mississippi,150,0.006,0,0.598,0.397,0,1987,1.027,,,,,,,,,,,,,,,,,,,,,,,,,,
Mississippi,Chickasaw,Mississippi,170,0.02,0,0.652,0.328,0,1641,0.96,,,,,,,,,,,,,,,,,,,,,,,,,,
Mississippi,Choctaw,Mississippi,190,0.013,0,0.663,0.325,0,1977,0.778,,,,,,,,,,,,,,,,,,,,,,,,,,
Mississippi,Claiborne,Mississippi,210,0.037,0,0.593,0.37,0,710,0.759,,,,,,,,,,,,,,,,,,,,,,,,,,
Mississippi,Clarke,Mississippi,230,0.057,0,0.683,0.259,0,1323,1.033,,,,,,,,,,,,,,,,,,,,,,,,,,
Mississippi,Coahoma,Mississippi,270,0.1,0,0.382,0.518,0,411,0.874,,,,,,,,,,,,,,,,,,,,,,,,,,
Mississippi,Copiah,Mississippi,290,0.009,0,0.656,0.335,0,1604,0.957,,,,,,,,,,,,,,,,,,,,,,,,,,
Mississippi,Covington,Mississippi,310,0.016,0,0.774,0.21,0,505,0.82,,,,,,,,,,,,,,,,,,,,,,,,,,
Mississippi,De Soto,Mississippi,330,0.201,0,0.374,0.424,0,1991,0.832,,,,,,,,,,,,,,,,,,,,,,,,,,
Mississippi,Franklin,Mississippi,370,0.006,0,0.678,0.316,0,494,0.662,,,,,,,,,,,,,,,,,,,,,,,,,,
Mississippi,Greene,Mississippi,410,0,0,0.816,0.184,0,245,0.756,,,,,,,,,,,,,,,,,,,,,,,,,,
Mississippi,Hancock,Mississippi,450,0,0,0.845,0.155,0,304,,,,,,,,,,,,,,,,,,,,,,,,,,,
Mississippi,Harrison,Mississippi,470,0,0,0.839,0.161,0,548,0.581,,,,,,,,,,,,,,,,,,,,,,,,,,
Mississippi,Hinds,Mississippi,490,0.019,0,0.47,0.511,0,2158,0.869,,,,,,,,,,,,,,,,,,,,,,,,,,
Mississippi,Holmes,Mississippi,510,0.006,0,0.551,0.442,0,1422,1.002,,,,,,,,,,,,,,,,,,,,,,,,,,
Mississippi,Issaquena,Mississippi,550,0.025,0,0.428,0.547,0,243,1.1,,,,,,,,,,,,,,,,,,,,,,,,,,
Mississippi,Itawamba,Mississippi,570,0.025,0,0.681,0.294,0,2474,0.809,,,,,,,,,,,,,,,,,,,,,,,,,,
Mississippi,Jackson,Mississippi,590,0.047,0,0.883,0.07,0,358,0.519,,,,,,,,,,,,,,,,,,,,,,,,,,
Mississippi,Jasper,Mississippi,610,0.016,0,0.653,0.331,0,1091,0.778,,,,,,,,,,,,,,,,,,,,,,,,,,
Mississippi,Jefferson,Mississippi,630,0.076,0,0.514,0.41,0,648,0.767,,,,,,,,,,,,,,,,,,,,,,,,,,
Mississippi,Jones,Mississippi,670,0,0,0.733,0.267,0,359,0.598,,,,,,,,,,,,,,,,,,,,,,,,,,
Mississippi,Kemper,Mississippi,690,0.055,0,0.548,0.397,0,1257,0.933,,,,,,,,,,,,,,,,,,,,,,,,,,
Mississippi,Lafayette,Mississippi,710,0.077,0,0.555,0.368,0,1864,0.871,,,,,,,,,,,,,,,,,,,,,,,,,,
Mississippi,Lauderdale,Mississippi,750,0.098,0,0.658,0.244,0,1446,0.788,,,,,,,,,,,,,,,,,,,,,,,,,,
Mississippi,Lawrence,Mississippi,770,0.005,0,0.847,0.147,0,990,0.804,,,,,,,,,,,,,,,,,,,,,,,,,,
Mississippi,Leake,Mississippi,790,0.002,0,0.651,0.347,0,1060,0.783,,,,,,,,,,,,,,,,,,,,,,,,,,
Mississippi,Lowndes,Mississippi,870,0.022,0,0.566,0.412,0,1641,0.878,,,,,,,,,,,,,,,,,,,,,,,,,,
Mississippi,Madison,Mississippi,890,0.014,0,0.535,0.451,0,1173,0.764,,,,,,,,,,,,,,,,,,,,,,,,,,
Mississippi,Marion,Mississippi,910,0.006,0,0.889,0.105,0,333,0.624,,,,,,,,,,,,,,,,,,,,,,,,,,
Mississippi,Marshall,Mississippi,930,0.107,0,0.457,0.436,0,2516,0.832,,,,,,,,,,,,,,,,,,,,,,,,,,
Mississippi,Monroe,Mississippi,950,0.025,0,0.658,0.316,0,1934,0.934,,,,,,,,,,,,,,,,,,,,,,,,,,
Mississippi,Neshoba,Mississippi,990,0.011,0,0.81,0.179,0,904,0.708,,,,,,,,,,,,,,,,,,,,,,,,,,
Mississippi,Newton,Mississippi,1010,0.031,0,0.735,0.233,0,930,0.715,,,,,,,,,,,,,,,,,,,,,,,,,,
Mississippi,Noxubee,Mississippi,1030,0.047,0,0.584,0.368,0,1200,0.917,,,,,,,,,,,,,,,,,,,,,,,,,,
Mississippi,Oktibbeha,Mississippi,1050,0.02,0,0.728,0.253,0,1025,0.812,,,,,,,,,,,,,,,,,,,,,,,,,,
Mississippi,Panola,Mississippi,1070,0.129,0,0.383,0.487,0,1437,1.011,,,,,,,,,,,,,,,,,,,,,,,,,,
Mississippi,Perry,Mississippi,1110,0.019,0,0.643,0.338,0,311,0.777,,,,,,,,,,,,,,,,,,,,,,,,,,
Mississippi,Pike,Mississippi,1130,0,0,0.79,0.21,0,1052,0.729,,,,,,,,,,,,,,,,,,,,,,,,,,
Mississippi,Pontotoc,Mississippi,1150,0.126,0,0.561,0.313,0,2696,0.847,,,,,,,,,,,,,,,,,,,,,,,,,,
Mississippi,Rankin,Mississippi,1210,0.009,0,0.567,0.424,0,1192,0.78,,,,,,,,,,,,,,,,,,,,,,,,,,
Mississippi,Scott,Mississippi,1230,0.008,0,0.693,0.299,0,1000,0.84,,,,,,,,,,,,,,,,,,,,,,,,,,
Mississippi,Simpson,Mississippi,1270,0.006,0,0.727,0.267,0,509,0.68,,,,,,,,,,,,,,,,,,,,,,,,,,
Mississippi,Smith,Mississippi,1290,0.007,0,0.684,0.31,0,756,0.697,,,,,,,,,,,,,,,,,,,,,,,,,,
Mississippi,Sunflower,Mississippi,1330,0,0,0.556,0.444,0,311,,,,,,,,,,,,,,,,,,,,,,,,,,,
Mississippi,Tallahatchie,Mississippi,1350,0.06,0,0.486,0.454,0,586,0.784,,,,,,,,,,,,,,,,,,,,,,,,,,
Mississippi,Tippah,Mississippi,1390,0.1,0,0.574,0.326,0,2536,0.729,,,,,,,,,,,,,,,,,,,,,,,,,,
Mississippi,Tishomingo,Mississippi,1410,0.087,0,0.505,0.408,0,3463,0.805,,,,,,,,,,,,,,,,,,,,,,,,,,
Mississippi,Tunica,Mississippi,1430,0.033,0,0.45,0.517,0,271,0.906,,,,,,,,,,,,,,,,,,,,,,,,,,
Mississippi,Warren,Mississippi,1490,0.056,0,0.392,0.552,0,1479,0.721,,,,,,,,,,,,,,,,,,,,,,,,,,
Mississippi,Washington,Mississippi,1510,0,0,0.472,0.528,0,381,,,,,,,,,,,,,,,,,,,,,,,,,,,
Mississippi,Wayne,Mississippi,1530,0,0,0.621,0.379,0,290,0.687,,,,,,,,,,,,,,,,,,,,,,,,,,
Mississippi,Wilkinson,Mississippi,1570,0.045,0,0.53,0.425,0,762,1.139,,,,,,,,,,,,,,,,,,,,,,,,,,
Mississippi,Winston,Mississippi,1590,0.003,0,0.726,0.271,0,1102,0.878,,,,,,,,,,,,,,,,,,,,,,,,,,
Mississippi,Yalobusha,Mississippi,1610,0.045,0,0.54,0.415,0,1702,0.844,,,,,,,,,,,,,,,,,,,,,,,,,,
Mississippi,Yazoo,Mississippi,1630,0.003,0,0.481,0.516,0,1431,0.888,,,,,,,,,,,,,,,,,,,,,,,,,,
Missouri,Adair,Missouri,10,0.43,0.129,0.237,0.204,0,1433,0.751,0.66,0,0,0,0.34,1370,0.718,0.294,0,0,0.706,0,934,0.425,0.169,0.831,0,959,0.386,0,0,0.197,0.803,0,975,0.392
Missouri,Andrew,Missouri,30,0.428,0.051,0.167,0.354,0,1912,0.704,0.649,0,0,0,0.351,1847,0.68,0.095,0,0,0.885,0.02,1112,0.383,0.05,0.95,0,1201,0.389,0,0,0,0.954,0.046,1168,0.378
Missouri,Atchison,Missouri,50,0.685,0.072,0.067,0.175,0,941,0.813,0.722,0,0,0,0.278,839,0.725,0.151,0,0,0.735,0.114,675,0.514,0.011,0.989,0,646,0.439,0,0,0,1,0,620,0.421
Missouri,Audrain,Missouri,70,0.269,0.001,0.191,0.539,0,1076,0.627,0.484,0,0,0,0.516,1304,0.76,0,0,0.919,0.081,0,580,0.301,0.757,0.243,0,518,0.241,0.76,0,0,0.24,0,512,0.239
Missouri,Barry,Missouri,90,0.293,0.001,0.326,0.38,0,877,0.584,0.585,0,0,0,0.415,856,0.57,0.484,0,0,0.516,0,122,0.073,0.079,0.921,0,214,0.116,0.083,0,0,0.917,0,204,0.111
Missouri,Barton,Missouri,110,0.352,0.092,0.306,0.25,0,304,0.686,,,0,0,,,,0.392,0,0,0.608,0,51,,0,1,0,23,,0,0,0,1,0,20,
Missouri,Bates,Missouri,130,0.401,0.024,0.273,0.303,0,1275,0.773,0.736,0,0,0,0.264,908,0.55,0.326,0,0,0.674,0,43,0.023,0.325,0.675,0,40,0.02,0.333,0,0,0.667,0,39,0.019
Missouri,Benton,Missouri,150,0.545,0.07,0.095,0.29,0,1054,0.587,0.704,0,0,0,0.296,1078,0.6,0.409,0,0,0.591,0,657,0.334,0.035,0.965,0,595,0.278,0.031,0,0,0.969,0,574,0.268
Missouri,Bollinger,Missouri,170,0.465,0.043,0.184,0.309,0,538,0.378,0.888,0,0,0,0.112,741,0.521,,,,,,,,0.047,0.953,0,255,,0.018,0,0,0.983,0,225,
Missouri,Boone,Missouri,190,0.198,0.004,0.224,0.574,0,2913,0.834,0.412,0,0,0,0.588,2576,0.738,0,0,0.942,0.058,0,1087,0.294,0.756,0.244,0,1075,0.276,0.809,0,0,0.191,0,1003,0.258
Missouri,Buchanan,Missouri,210,0.409,0.114,0.154,0.323,0,3979,0.629,0.551,0,0,0,0.449,3511,0.555,0.28,0,0,0.72,0,2268,0.323,0.297,0.703,0,2724,0.353,,,,,,,
Missouri,Butler,Missouri,230,0.689,0.003,0.05,0.258,0,341,0.503,,,0,0,,,,,,,,,,,,,,,,,,,,,,
Missouri,Caldwell,Missouri,250,0.306,0.05,0.217,0.427,0,859,0.77,0.511,0,0,0,0.489,800,0.717,0.751,0,0.064,0.185,0,503,0.402,0.151,0.849,0,584,0.422,0.167,0,0,0.831,0.002,504,0.364
Missouri,Callaway,Missouri,270,0.319,0.006,0.179,0.496,0,2632,0.826,0.482,0,0,0,0.518,2446,0.767,0,0,0.834,0.166,0,984,0.289,0.779,0.221,0,1239,0.342,0.808,0,0,0.192,0,1035,0.286
Missouri,Camden,Missouri,290,0.426,0.01,0.209,0.355,0,631,0.633,0.669,0,0,0,0.331,540,0.542,0.137,0,0,0.863,0,468,0.422,0.002,0.998,0,469,0.385,0.011,0,0,0.989,0,470,0.386
Missouri,Cape Girardeau,Missouri,310,0.321,0.103,0.192,0.384,0,1694,0.495,0.594,0,0,0,0.406,1449,0.424,0.255,0,0,0.745,0,768,0.213,0.312,0.688,0,1764,0.466,0.294,0,0,0.706,0,1682,0.445
Missouri,Carroll,Missouri,330,0.475,0.002,0.174,0.349,0,1583,0.809,,,0,0,,,,0.983,0,0.011,0.006,0,643,0.3,0.284,0.716,0,398,0.171,0.288,0,0,0.69,0.022,368,0.158
Missouri,Carter,Missouri,350,0.039,0,0.806,0.155,0,103,0.404,0.885,0,0,0,0.115,87,0.341,,,,,,,,,,,,,,,,,,,
Missouri,Cass/Van Buren,Missouri,370,0.152,0.014,0.382,0.451,0,1587,0.716,0.466,0,0,0,0.534,1497,0.675,0.87,0,0,0.13,0,408,0.168,0.58,0.42,0,181,0.069,0.567,0,0,0.433,0,171,0.065
Missouri,Cedar,Missouri,390,0.372,0.005,0.318,0.305,0,871,0.665,0.656,0,0,0,0.344,857,0.655,0.14,0,0,0.86,0,243,0.168,0,1,0,297,0.188,0,0,0,1,0,294,0.186
Missouri,Chariton,Missouri,410,0.434,0.001,0.185,0.381,0,1596,0.668,0.641,0,0,0,0.359,1556,0.651,0.523,0,0.439,0.038,0,631,0.242,0.005,0.995,0,365,0.129,0,0,0,1,0,357,0.126
Missouri,Christian,Missouri,430,0.156,0,0.4,0.444,0,770,0.772,0.451,0,0,0,0.549,652,0.653,0.179,0,0,0.821,0,396,,0.009,0.991,0,562,,0.002,0,0,0.998,0,552,
Missouri,Clark,Missouri,450,0.262,0.134,0.24,0.364,0,2068,0.766,0.47,0,0,0,0.53,1731,0.641,0.128,0,0,0.872,0,702,0.234,0.114,0.886,0,1125,0.342,0,0,0.123,0.877,0,999,0.303
Missouri,Clay,Missouri,470,0.281,0,0.162,0.556,0,1878,0.785,0.421,0,0,0,0.579,1687,0.705,0.215,0,0.785,0,0,741,0.295,0.782,0.218,0,993,0.378,0.696,0,0,0.182,0.122,912,0.347
Missouri,Clinton,Missouri,490,0.269,0.008,0.23,0.493,0,1367,0.834,0.477,0,0,0,0.523,1240,0.757,0.344,0,0.586,0.069,0,793,0.435,0.624,0.376,0,789,0.394,0.57,0,0,0.412,0.018,775,0.387
Missouri,Cole,Missouri,510,0.342,0.091,0.387,0.18,0,1257,0.499,0.566,0,0,0,0.434,1425,0.566,0.465,0,0,0.535,0,1354,0.496,0.286,0.714,0,1758,0.597,0.347,0,0,0.653,0,1379,0.469
Missouri,Cooper,Missouri,530,0.441,0.009,0.125,0.425,0,2241,0.634,0.517,0,0,0,0.483,2115,0.598,0.492,0,0,0.508,0,1412,0.372,0.289,0.711,0,1320,0.325,0.316,0,0,0.684,0,1260,0.31
Missouri,Crawford,Missouri,550,0.226,0.047,0.256,0.471,0,749,0.608,0.434,0,0,0,0.566,576,0.468,0.769,0,0,0.231,0,520,0.419,0.508,0.492,0,604,0.484,0,0,0,0.692,0.308,634,0.508
Missouri,Dade,Missouri,570,0.282,0.008,0.304,0.405,0,1002,0.718,0.57,0,0,0,0.43,909,0.651,0.359,0,0,0.641,0,376,0.248,0.008,0.992,0,511,0.312,0,0,0,1,0,101,0.062
Missouri,Dallas,Missouri,590,0.319,0.028,0.244,0.409,0,705,0.61,0.485,0,0,0,0.515,713,0.617,0.209,0,0,0.791,0,449,0.363,0.047,0.953,0,255,0.193,0,0,0,1,0,549,0.416
Missouri,Daviess,Missouri,610,0.451,0.021,0.173,0.355,0,1535,0.729,0.58,0,0,0,0.42,1430,0.679,0.357,0,0,0.454,0.19,1001,0.432,0.27,0.73,0,1061,0.419,0,0,0,0.83,0.17,906,0.358
Missouri,De Kalb,Missouri,630,0.34,0.01,0.303,0.346,0,702,0.628,0.604,0,0,0,0.396,798,0.714,0.379,0,0,0.595,0.026,506,0.401,0.33,0.67,0,597,0.424,0,0,0,0.64,0.361,527,0.374
Missouri,Dent,Missouri,650,0.26,0.009,0.425,0.306,0,795,0.697,0.711,0,0,0,0.289,266,0.233,0.043,0,0,0.957,0,117,,0.009,0.991,0,108,,0,0,0,1,0,106,
Missouri,Douglas,Missouri,670,,,,,,,,,,,,,,,,,,,,,,0.01,0.99,0,191,,0,0,0,1,0,194,
Missouri,Dunklin,Missouri,690,0.342,0,0.18,0.477,0,438,0.453,,,0,0,,,,,,,,,,,,,,,,,,,,,,
Missouri,Franklin,Missouri,710,0.43,0.239,0.052,0.279,0,2067,0.489,0.615,0,0,0,0.385,1515,0.358,0.275,0,0,0.725,0,1314,0.283,0.189,0.811,0,2118,0.419,0,0,0,0.989,0.011,1717,0.34
Missouri,Gasconade,Missouri,730,0.227,0.522,0.062,0.189,0,829,0.412,0.819,0,0,0,0.181,740,0.368,0.1,0,0,0.9,0,951,0.436,0.177,0.823,0,1047,0.445,0,0,0,0.97,0.03,1019,0.433
Missouri,Gentry,Missouri,750,0.472,0.109,0.14,0.279,0,1850,0.747,0.795,0,0,0,0.205,1731,0.699,0.563,0,0,0.402,0.035,762,0.271,0.349,0.651,0,806,0.256,0,0,0,0.653,0.347,734,0.233
Missouri,Greene,Missouri,770,0.171,0.024,0.238,0.567,0,1740,0.668,0.311,0,0,0,0.689,1694,0.65,0.444,0,0,0.556,0,1014,0.382,0.135,0.865,0,2569,0.949,0.097,0,0,0.903,0,2352,0.869
Missouri,Grundy,Missouri,790,0.335,0.104,0.153,0.408,0,1242,0.757,0.518,0,0,0,0.482,1095,0.667,0.275,0,0,0.274,0.45,904,0.488,0.018,0.982,0,950,0.46,0,0,0,0.975,0.025,877,0.424
Missouri,Harrison,Missouri,810,0.577,0.188,0.032,0.202,0,1576,0.698,0.709,0,0,0,0.291,1270,0.563,0.41,0,0,0.175,0.415,1174,0.449,0.145,0.855,0,1464,0.493,0,0,0,0.81,0.191,1353,0.456
Missouri,Henry/Rives,Missouri,830,0.396,0.01,0.147,0.447,0,1574,0.747,0.531,0,0,0,0.469,1564,0.742,0.431,0,0,0.569,0,443,0.185,0.333,0.667,0,697,0.26,0.334,0,0,0.666,0,689,0.257
Missouri,Hickory,Missouri,850,0.456,0.023,0.219,0.302,0,653,0.689,0.721,0,0,0,0.279,577,0.609,0.736,0,0,0.264,0,246,0.235,0.003,0.997,0,366,0.318,0.003,0,0,0.997,0,311,0.27
Missouri,Holt,Missouri,870,0.386,0.172,0.146,0.296,0,1174,0.776,0.697,0,0,0,0.303,1202,0.795,0.182,0,0,0.804,0.015,606,0.367,0.107,0.893,0,754,0.421,0,0,0,0.807,0.193,782,0.437
Missouri,Howard,Missouri,890,0.446,0,0.117,0.437,0,2107,0.853,0.588,0,0,0,0.412,1795,0.726,0.949,0,0,0.051,0,1107,0.432,0.011,0.989,0,540,0.204,0,0,0.003,0.997,0,385,0.145
Missouri,Howell,Missouri,910,0.337,0,0.226,0.437,0,403,0.623,0.312,0,0,0,0.688,324,0.501,,,,,,,,,,,,,,,,,,,
Missouri,Iron,Missouri,930,0.508,0.157,0.052,0.282,0,687,0.493,0.718,0,0,0,0.282,808,0.58,0.301,0,0,0.553,0.146,342,,0.004,0.996,0,537,,0,0,0,1,0,468,
Missouri,Jackson,Missouri,950,0.296,0.052,0.255,0.398,0,3702,0.697,0.619,0,0,0,0.381,3296,0.62,0.398,0,0.152,0.45,0,840,0.143,0.481,0.519,0,1159,0.181,0.009,0,0,0.649,0.342,1024,0.16
Missouri,Jasper,Missouri,970,0.384,0.036,0.181,0.4,0,1061,0.714,0.459,0,0,0,0.541,944,0.636,,,,,,,,0.042,0.958,0,48,0.028,0,0,0,1,0,52,0.03
Missouri,Jefferson,Missouri,990,0.405,0.123,0.128,0.344,0,1210,0.495,0.699,0,0,0,0.301,1370,0.561,0.469,0,0,0.531,0,932,0.353,0.261,0.739,0,1238,0.436,0,0,0,0.786,0.214,1116,0.393
Missouri,Johnson,Missouri,1010,0.259,0.008,0.221,0.513,0,2386,0.741,0.471,0,0,0,0.529,2205,0.685,0.29,0,0,0.71,0,568,0.158,0.212,0.788,0,1056,0.265,0.228,0,0,0.772,0,981,0.247
Missouri,Knox,Missouri,1030,0.412,0.096,0.18,0.312,0,1669,0.858,0.6,0,0,0,0.4,1408,0.724,0.212,0,0,0.788,0,685,0.308,0.342,0.658,0,1017,0.407,0,0,0.35,0.65,0,1002,0.401
Missouri,Laclede,Missouri,1050,0.234,0.007,0.342,0.416,0,806,0.796,0.453,0,0,0,0.547,744,0.735,0.538,0,0,0.462,0,424,0.378,0.071,0.929,0,709,0.576,0.067,0,0,0.933,0,645,0.524
Missouri,Lafayette,Missouri,1070,0.282,0.009,0.135,0.574,0,2746,0.733,0.412,0,0,0,0.588,2401,0.641,0.941,0,0.029,0.029,0,478,0.118,0.533,0.467,0,741,0.169,0.51,0,0,0.421,0.07,618,0.141
Missouri,Lawrence,Missouri,1090,0.119,0.051,0.446,0.384,0,1158,0.652,0.397,0,0,0,0.603,1106,0.623,0.231,0,0,0.769,0,385,0.197,0,1,0,833,0.392,0,0,0,1,0,801,0.377
Missouri,Lewis,Missouri,1110,0.241,0.022,0.308,0.429,0,1941,0.698,0.45,0,0,0,0.55,1963,0.706,0.406,0,0,0.594,0,1164,0.375,0.408,0.592,0,1307,0.38,0,0,0.419,0.581,0,1301,0.379
Missouri,Lincoln,Missouri,1130,0.418,0.002,0.205,0.376,0,1930,0.68,0.562,0,0,0,0.438,1748,0.616,0,0,0.857,0.143,0,1014,0.329,0.397,0.603,0,899,0.27,0.39,0,0,0.61,0,896,0.269
Missouri,Linn,Missouri,1150,0.375,0.075,0.157,0.393,0,1391,0.702,0.546,0,0,0,0.454,1476,0.745,0.528,0,0,0.472,0,928,0.415,0.13,0.87,0,1042,0.419,0,0,0.094,0.906,0,832,0.335
Missouri,Livingston,Missouri,1170,0.273,0.014,0.32,0.393,0,1469,0.895,0.555,0,0,0,0.445,1452,0.885,0.551,0,0,0.262,0.186,682,0.378,0.529,0.471,0,939,0.477,0,0,0,0.487,0.513,924,0.469
Missouri,Macon,Missouri,1210,0.494,0.056,0.174,0.275,0,2379,0.742,0.785,0,0,0,0.215,1958,0.61,0.698,0,0,0.302,0,1694,0.471,0.013,0.987,0,1780,0.446,0,0,0.011,0.989,0,1633,0.409
Missouri,Madison,Missouri,1230,0.478,0.014,0.154,0.354,0,638,0.572,0.902,0,0,0,0.098,559,0.501,0.692,0,0,0.308,0,419,0.377,0.055,0.945,0,254,0.229,0.153,0,0,0.847,0,287,0.259
Missouri,Maries,Missouri,1250,0.193,0.014,0.607,0.187,0,509,0.487,0.928,0,0,0,0.072,470,0.45,0.774,0,0,0.226,0,235,,0.532,0.468,0,459,,0,0,0,1,0,138,
Missouri,Marion,Missouri,1270,0.377,0.071,0.131,0.421,0,3293,0.725,0.52,0,0,0,0.48,2899,0.638,0.49,0,0,0.51,0,1475,0.294,0.312,0.688,0,1203,0.22,0,0,0.317,0.683,0,1352,0.247
Missouri,Mcdonald,Missouri,1190,0.381,0.006,0.359,0.255,0,541,0.671,0.696,0,0,0,0.304,504,0.625,,,,,,,,0,1,0,26,0.028,0,0,0,1,0,26,0.028
Missouri,Mercer,Missouri,1290,0.48,0.056,0.119,0.345,0,1422,0.724,0.568,0,0,0,0.432,1446,0.736,0.323,0,0,0.319,0.358,1015,0.45,0.003,0.997,0,1161,0.456,0,0,0,0.99,0.01,1031,0.405
Missouri,Miller,Missouri,1310,0.117,0.029,0.615,0.24,0,805,0.599,0.629,0,0,0,0.371,868,0.646,0.394,0,0,0.606,0,695,0.472,0.167,0.833,0,666,0.416,0.169,0,0,0.831,0,645,0.403
Missouri,Mississippi,Missouri,1330,0.322,0.001,0.256,0.421,0,724,0.656,1,0,0,0,0,488,0.442,0.856,0,0,0.072,0.072,360,0.299,0.704,0.296,0,365,0.28,0.691,0,0,0.309,0,369,0.283
Missouri,Moniteau,Missouri,1350,0.33,0.06,0.23,0.379,0,1441,0.65,0.435,0,0,0,0.565,1523,0.687,0.482,0,0,0.518,0,1281,0.524,0.334,0.666,0,1300,0.487,0.36,0,0,0.64,0,1210,0.453
Missouri,Monroe,Missouri,1370,0.312,0.004,0.187,0.498,0,2182,0.775,0.492,0,0,0,0.508,2213,0.786,0,0,0.995,0.005,0,747,0.247,0.791,0.209,0,755,0.234,0.846,0,0,0.154,0,719,0.223
Missouri,Montgomery,Missouri,1390,0.438,0.032,0.059,0.471,0,1398,0.704,0.506,0,0,0,0.494,1338,0.673,0,0,0.49,0.51,0,753,0.343,0.298,0.702,0,755,0.314,0.3,0,0,0.7,0,719,0.299
Missouri,Morgan,Missouri,1410,0.503,0.016,0.187,0.294,0,1093,0.597,0.7,0,0,0,0.3,1039,0.568,0.496,0,0,0.504,0,686,0.34,0.431,0.569,0,612,0.278,0.493,0,0,0.507,0,536,0.243
Missouri,New Madrid,Missouri,1430,0.234,0,0.32,0.446,0,500,0.48,,,0,0,,,,1,0,0,0,0,17,0.016,0.083,0.917,0,108,0.102,0.591,0,0,0.409,0,154,0.146
Missouri,Newton,Missouri,1450,0.489,0.016,0.191,0.304,0,1337,0.654,0.544,0,0,0,0.456,1355,0.663,0.783,0,0,0.217,0,23,0.01,0.005,0.995,0,213,0.084,0,0,0,1,0,150,0.059
Missouri,Nodaway,Missouri,1470,0.443,0.119,0.222,0.215,0,1232,1.06,0.818,0,0,0,0.182,1325,1.14,0.312,0,0,0.682,0.006,864,0.654,0.011,0.989,0,838,0.566,0,0,0,0.994,0.006,719,0.486
Missouri,Oregon,Missouri,1490,0.184,0.006,0.684,0.126,0,358,0.564,0.837,0,0,0,0.163,295,0.465,,,,,,,,,,,,,,,,,,,
Missouri,Osage,Missouri,1510,0.237,0.26,0.311,0.192,0,991,0.542,0.752,0,0,0,0.248,880,0.481,0.567,0,0,0.433,0,942,0.49,0.471,0.529,0,1443,0.714,0,0,0,0.998,0.002,656,0.325
Missouri,Ozark,Missouri,1530,0.266,0,0.508,0.226,0,305,0.695,0.547,0,0,0,0.453,519,1.182,,,,,,,,0,1,0,38,0.085,0,0,0,1,0,34,0.076
Missouri,Pemiscot,Missouri,1550,0.345,0,0.205,0.45,0,342,0.503,0.912,0,0,0,0.088,294,0.432,,,,,,,,,,,,,,,,,,,
Missouri,Perry,Missouri,1570,0.527,0.157,0.071,0.245,0,886,0.451,0.903,0,0,0,0.097,975,0.496,0.322,0,0,0.678,0,1101,0.533,0.186,0.814,0,625,0.288,0.274,0,0,0.726,0,939,0.433
Missouri,Pettis,Missouri,1590,0.306,0.007,0.175,0.511,0,1204,0.643,0.448,0,0,0,0.552,1178,0.629,0.597,0,0,0.403,0,852,0.413,0.311,0.689,0,1275,0.565,0.336,0,0,0.664,0,1147,0.508
Missouri,Phelps,Missouri,1610,0.276,0.04,0.467,0.216,0,920,0.556,0.786,0,0,0,0.214,700,0.423,0.043,0,0,0.957,0,253,,0.211,0.789,0,1248,,0,0,0,0.761,0.239,850,
Missouri,Pike,Missouri,1630,0.392,0.005,0.147,0.456,0,2852,0.805,0.527,0,0,0,0.473,2970,0.839,0,0,0.981,0.019,0,1886,0.498,0.449,0.551,0,2073,0.515,0.453,0,0,0.547,0,1992,0.495
Missouri,Platte,Missouri,1650,0.288,0.002,0.299,0.411,0,2936,0.722,0.688,0,0,0,0.312,2600,0.639,0.397,0,0.597,0.005,0,1468,0.347,0.64,0.36,0,1378,0.314,0.643,0,0,0.322,0.035,1412,0.322
Missouri,Polk,Missouri,1670,0.094,0.003,0.357,0.546,0,1336,0.669,0.203,0,0,0,0.797,970,0.486,0.332,0,0,0.668,0,572,0.263,0.006,0.994,0,875,0.371,0,0,0,1,0,904,0.384
Missouri,Pulaski,Missouri,1690,0.234,0.015,0.615,0.136,0,457,0.549,0.76,0,0,0,0.24,354,0.425,0.543,0,0,0.457,0,162,0.192,0.211,0.789,0,133,0.156,0,0,0,0.699,0.301,93,0.109
Missouri,Putnam,Missouri,1710,0.448,0.084,0.187,0.28,0,1316,0.684,0.675,0,0,0,0.325,1262,0.656,0.35,0,0,0.057,0.593,706,0.314,0.035,0.965,0,1339,0.521,0,0,0,0.998,0.002,1071,0.416
Missouri,Ralls,Missouri,1730,0.347,0.001,0.132,0.52,0,1126,0.648,0.494,0,0,0,0.506,1298,0.747,0,0,0.993,0.007,0,679,0.36,0.399,0.601,0,486,0.239,0.424,0,0,0.576,0,462,0.227
Missouri,Randolph,Missouri,1750,0.212,0,0.306,0.483,0,1701,0.821,0.506,0,0,0,0.494,1779,0.858,0.992,0,0,0.008,0,1217,0.555,0.403,0.597,0,811,0.351,0,0,0.478,0.522,0,678,0.294
Missouri,Ray,Missouri,1770,0.414,0.004,0.109,0.473,0,2129,0.759,0.561,0,0,0,0.439,1867,0.666,0.668,0,0.307,0.025,0,1378,0.462,0.6,0.4,0,1329,0.42,0.543,0,0,0.362,0.095,1233,0.39
Missouri,Reynolds,Missouri,1790,0.492,0.016,0.34,0.152,0,250,0.39,0.872,0,0,0,0.128,296,0.462,,,,,,,,0.741,0.259,0,27,0.036,0.333,0,0,0.666,0,3,0.004
Missouri,Ripley,Missouri,1810,0.203,0,0.604,0.193,0,384,0.514,0.965,0,0,0,0.035,260,0.348,,,,,,,,,,,,,,,,,,,
Missouri,Saline,Missouri,1950,0.287,0,0.186,0.527,0,1964,0.769,0.503,0,0,0,0.497,1932,0.757,0.68,0,0.193,0.126,0,269,0.097,0.366,0.634,0,268,0.089,0.264,0,0,0.727,0.009,216,0.072
Missouri,Schuyler,Missouri,1970,0.461,0.014,0.254,0.271,0,987,0.717,0.752,0,0,0,0.248,919,0.667,0.373,0,0,0.627,0,450,0.295,0.259,0.741,0,737,0.441,0,0,0.271,0.729,0,719,0.43
Missouri,Scotland,Missouri,1990,0.475,0.126,0.12,0.279,0,1561,0.813,0.591,0,0,0,0.409,1374,0.716,0.248,0,0,0.752,0,645,0.301,0.466,0.534,0,1145,0.483,0,0,0.497,0.503,0,1049,0.443
Missouri,Scott,Missouri,2010,0.328,0.009,0.293,0.37,0,656,0.59,0.26,0,0,0,0.74,416,0.374,0.01,0,0,0.869,0.121,99,0.082,0.545,0.455,0,341,0.259,0.559,0,0,0.44,0,513,0.39
Missouri,Shannon,Missouri,2030,0.139,0.01,0.655,0.196,0,194,0.429,0.772,0,0,0,0.228,136,0.301,,,,,,,,,,,,,,,,,,,
Missouri,Shelby,Missouri,2050,0.305,0.058,0.188,0.45,0,1561,0.891,0.581,0,0,0,0.419,1365,0.779,0.359,0,0,0.641,0,777,0.401,0.371,0.629,0,582,0.275,0,0,0.341,0.659,0,589,0.278
Missouri,Soldier Vote,Missouri,9999,,,,,,,,,,,,,,,0.032,0,0,0.574,0.394,94,,,,,,,,,,,,,
Missouri,St Charles,Missouri,1830,0.406,0.261,0.031,0.302,0,2049,0.511,0.417,0,0,0,0.583,2188,0.546,0,0,0.188,0.812,0,1726,0.4,0.215,0.785,0,1832,0.396,0.201,0,0,0.799,0,1884,0.408
Missouri,St Clair,Missouri,1850,0.352,0.001,0.301,0.346,0,977,0.717,0.688,0,0,0,0.312,789,0.579,0.2,0,0,0.8,0,150,0.099,0.004,0.996,0,224,0.135,0,0,0,1,0,223,0.134
Missouri,St Francois,Missouri,1870,0.505,0.016,0.12,0.359,0,1173,0.815,0.781,0,0,0,0.219,1055,0.733,0.753,0,0,0.246,0.001,691,0.449,0.353,0.647,0,380,0.231,,,,,,,
Missouri,St Louis,Missouri,1890,0.374,0.402,0.025,0.199,0,24750,0.424,0.384,0.441,0,0,0,25962,0.444,0.202,0.281,0,0.507,0.009,16861,0.268,0.388,0.612,0,22909,0.339,0.293,0,0,0.681,0.026,20574,0.305
Missouri,Ste Genevieve,Missouri,1930,0.51,0.07,0.105,0.315,0,688,0.416,0.96,0,0,0,0.04,783,0.473,0.571,0,0,0.425,0.004,758,0.427,0.339,0.661,0,640,0.338,0.322,0,0,0.678,0,653,0.345
Missouri,Stoddard,Missouri,2070,0.283,0,0.244,0.474,0,813,0.511,0.745,0,0,0,0.255,498,0.313,,,,,,,,0.051,0.949,0,117,0.061,0.018,0,0,0.983,0,114,0.06
Missouri,Stone,Missouri,2090,0.367,0,0.496,0.137,0,226,0.462,0.883,0,0,0,0.117,248,0.507,,,,,,,,0,1,0,100,,0,0,0,1,0,98,
Missouri,Sullivan,Missouri,2110,0.351,0.052,0.362,0.235,0,1588,0.829,0.641,0,0,0,0.359,1149,0.6,0.546,0,0,0.126,0.329,922,0.422,0.046,0.954,0,1126,0.458,0,0,0,0.927,0.073,1158,0.471
Missouri,Taney,Missouri,2130,0.227,0,0.672,0.101,0,427,0.628,0.684,0,0,0,0.316,307,0.451,,,,,,,,0,1,0,29,0.046,0,0,0,1,0,29,0.046
Missouri,Texas,Missouri,2150,0.079,0.008,0.662,0.251,0,772,0.621,0.485,0,0,0,0.515,654,0.526,,,,,,,,0.213,0.787,0,47,0.031,0.04,0,0,0.96,0,25,0.016
Missouri,Vernon,Missouri,2170,0.204,0,0.516,0.28,0,739,0.655,0.635,0,0,0,0.365,477,0.423,,,,,,,,,,,,,,,,,,,
Missouri,Warren,Missouri,2190,0.509,0.095,0.089,0.307,0,1001,0.496,0.606,0,0,0,0.394,1089,0.54,0,0,0.476,0.524,0,1036,0.473,0.222,0.778,0,1219,0.515,0.249,0,0,0.751,0,1057,0.447
Missouri,Washington,Missouri,2210,0.521,0.023,0.051,0.405,0,1218,0.576,0.603,0,0,0,0.397,1254,0.593,0.611,0,0,0.297,0.091,679,0.309,0.233,0.767,0,1027,0.449,0.243,0,0,0.757,0,916,0.401
Missouri,Wayne,Missouri,2230,0.256,0.004,0.402,0.338,0,724,0.645,0.851,0,0,0,0.149,672,0.598,0.418,0,0,0.582,0,268,0.227,0.355,0.645,0,532,0.431,0,0,0,1,0,173,0.14
Missouri,Webster,Missouri,2250,0.193,0.008,0.422,0.376,0,890,0.634,0.345,0,0,0,0.655,821,0.585,0.419,0,0,0.581,0,661,,0.265,0.735,0,725,,0.162,0,0,0.838,0,680,
Missouri,Worth,Missouri,2270,,,,,,,,,,,,,,,0.42,0,0,0.54,0.04,402,,0.259,0.741,0,467,,0,0,0,0.944,0.056,284,
Missouri,Wright,Missouri,2290,0.081,0,0.682,0.237,0,541,0.622,0.431,0,0,0,0.569,457,0.525,0.893,0,0,0.107,0,196,0.213,0.03,0.97,0,67,0.069,0,0,0,1,0,79,0.082
Nevada,Churchill,Nevada,10,,,,,,,,,,,,,,,,,,,,,,,,,,,0.627,0.373,0,0,0,110,
Nevada,Douglas,Nevada,50,,,,,,,,,,,,,,,,,,,,,,,,,,,0.147,0.853,0,0,0,218,
Nevada,Esmeralda,Nevada,90,,,,,,,,,,,,,,,,,,,,,,,,,,,0.323,0.677,0,0,0,223,
Nevada,Humboldt,Nevada,130,,,,,,,,,,,,,,,,,,,,,,,,,,,0.162,0.838,0,0,0,142,
Nevada,Lander,Nevada,150,,,,,,,,,,,,,,,,,,,,,,,,,,,0.428,0.572,0,0,0,873,
Nevada,Lyon,Nevada,190,,,,,,,,,,,,,,,,,,,,,,,,,,,0.267,0.733,0,0,0,435,
Nevada,Nye,Nevada,230,,,,,,,,,,,,,,,,,,,,,,,,,,,0.25,0.75,0,0,0,104,
Nevada,Ormsby,Nevada,250,,,,,,,,,,,,,,,,,,,,,,,,,,,0.281,0.719,0,0,0,508,
Nevada,Storey,Nevada,290,,,,,,,,,,,,,,,,,,,,,,,,,,,0.428,0.572,0,0,0,2858,
Nevada,Washoe-Roop,Nevada,320,,,,,,,,,,,,,,,,,,,,,,,,,,,0.314,0.686,0,0,0,436,
New Hampshire,Belknap,New Hampshire,10,0.468,0.519,0.013,0,0.001,3820,0.712,,,,,,,,0.542,0.458,0,0,0,3867,0.702,0.537,0.463,0,4212,0.758,0.498,0,0,0.502,0,3875,0.692
New Hampshire,Carroll,New Hampshire,30,0.476,0.513,0.01,0,0.002,4191,0.741,,,,,,,,0.575,0.425,0,0,0,4485,0.779,0.569,0.431,0,4480,0.774,0.54,0,0,0.46,0,4172,0.716
New Hampshire,Cheshire,New Hampshire,50,0.322,0.647,0.028,0,0.004,5942,0.758,,,,,,,,0.426,0.574,0,0,0,5623,0.76,0.403,0.597,0,6185,0.852,0.369,0,0,0.631,0,5521,0.776
New Hampshire,Coos,New Hampshire,70,0.488,0.495,0.016,0,0.001,2724,0.701,,,,,,,,0.573,0.427,0,0,0,2724,0.663,0.556,0.444,0,2752,0.659,0.504,0,0,0.496,0,2554,0.601
New Hampshire,Grafton,New Hampshire,90,0.402,0.554,0.039,0,0.005,8713,0.708,,,,,,,,0.526,0.474,0,0,0,9031,0.724,0.502,0.498,0,9250,0.738,0.466,0,0,0.534,0,8598,0.683
New Hampshire,Hillsborough,New Hampshire,110,0.388,0.586,0.019,0,0.007,11755,0.688,,,,,,,,0.469,0.531,0,0,0,11607,0.661,0.445,0.555,0,12227,0.69,0.421,0,0,0.579,0,11085,0.62
New Hampshire,Merrimack,New Hampshire,130,0.427,0.536,0.031,0,0.006,8943,0.747,,,,,,,,0.52,0.48,0,0,0,8757,0.719,0.511,0.489,0,9517,0.776,0.48,0,0,0.52,0,8793,0.713
New Hampshire,Rockingham,New Hampshire,150,0.333,0.59,0.065,0,0.012,9696,0.693,,,,,,,,0.47,0.53,0,0,0,10188,0.724,0.429,0.571,0,10649,0.755,0.399,0,0,0.601,0,9746,0.689
New Hampshire,Strafford,New Hampshire,170,0.342,0.606,0.044,0,0.007,5832,0.695,,,,,,,,0.472,0.528,0,0,0,5498,0.631,0.445,0.555,0,5882,0.667,0.401,0,0,0.599,0,5303,0.594
New Hampshire,Sullivan,New Hampshire,190,0.407,0.563,0.022,0,0.007,4327,0.794,,,,,,,,0.461,0.539,0,0,0,4040,0.735,0.461,0.539,0,4476,0.811,0.43,0,0,0.57,0,4113,0.743
New Jersey,Atlantic,New Jersey,10,0,0.583,0.417,0,0,1903,0.643,0.426,0.574,0,0,0,1903,0.643,0.497,0,0,0.503,0,1882,0.6,0.487,0.513,0,2179,0.657,0.49,0,0,0.51,0,2182,0.658
New Jersey,Bergen,New Jersey,30,0,0.41,0.59,0,0,3545,0.627,0.588,0.412,0,0,0,3552,0.628,0.645,0,0,0.355,0,3303,0.543,0.61,0.39,0,3985,0.612,0.61,0,0,0.39,0,3984,0.612
New Jersey,Burlington,New Jersey,50,0,0.566,0.434,0,0,9305,0.787,0.426,0.574,0,0,0,9334,0.79,0.492,0,0,0.508,0,7800,0.641,0.442,0.558,0,9456,0.756,0.418,0,0,0.582,0,9989,0.798
New Jersey,Camden,New Jersey,70,0,0.484,0.516,0,0,5126,0.646,0.535,0.465,0,0,0,5498,0.692,0.49,0,0,0.51,0,4986,0.594,0.453,0.547,0,6090,0.689,0.45,0,0,0.55,0,6115,0.692
New Jersey,Cape May,New Jersey,90,0,0.567,0.433,0,0,1200,0.687,0.456,0.544,0,0,0,1164,0.667,0.401,0,0,0.599,0,1016,0.57,0.423,0.577,0,1318,0.725,0.426,0,0,0.574,0,1327,0.73
New Jersey,Cumberland,New Jersey,110,0,0.586,0.414,0,0,3935,0.719,0.457,0.543,0,0,0,4296,0.785,0.464,0,0,0.536,0,3680,0.639,0.432,0.568,0,4703,0.778,0.433,0,0,0.567,0,4705,0.779
New Jersey,Essex,New Jersey,130,0,0.476,0.524,0,0,18523,0.729,0.483,0.517,0,0,0,18436,0.725,0.54,0,0,0.46,0,15325,0.572,0.496,0.504,0,18641,0.661,0.492,0,0,0.508,0,18666,0.662
New Jersey,Gloucester,New Jersey,150,0,0.57,0.43,0,0,3429,0.747,0.431,0.569,0,0,0,3443,0.75,0.453,0,0,0.547,0,3061,0.638,0.428,0.572,0,3492,0.697,0.433,0,0,0.567,0,3491,0.697
New Jersey,Hudson,New Jersey,170,0,0.404,0.596,0,0,8641,0.517,0.546,0.454,0,0,0,8601,0.514,0.628,0,0,0.372,0,7288,0.385,0.588,0.412,0,11213,0.53,0.579,0,0,0.421,0,11162,0.527
New Jersey,Hunterdon,New Jersey,190,0,0.418,0.582,0,0,6761,0.788,0.568,0.432,0,0,0,6791,0.791,0.663,0,0,0.337,0,6155,0.693,0.623,0.377,0,6986,0.761,0.62,0,0,0.38,0,7027,0.765
New Jersey,Mercer,New Jersey,210,0,0.523,0.477,0,0,7030,0.763,0.481,0.519,0,0,0,7098,0.77,0.512,0,0,0.488,0,6540,0.674,0.504,0.496,0,7518,0.738,0.502,0,0,0.498,0,7535,0.739
New Jersey,Middlesex,New Jersey,230,0,0.448,0.552,0,0,6529,0.745,0.546,0.454,0,0,0,6535,0.746,0.599,0,0,0.401,0,5569,0.611,0.552,0.448,0,6777,0.715,0.55,0,0,0.45,0,6782,0.716
New Jersey,Monmouth,New Jersey,250,0,0.431,0.569,0,0,7185,0.764,0.566,0.434,0,0,0,7206,0.766,0.605,0,0,0.395,0,6707,0.677,0.595,0.405,0,7411,0.713,0.583,0,0,0.417,0,7426,0.714
New Jersey,Morris,New Jersey,270,0,0.513,0.487,0,0,6796,0.782,0.488,0.512,0,0,0,6795,0.782,0.525,0,0,0.475,0,6273,0.7,0.527,0.473,0,6809,0.738,0.519,0,0,0.481,0,6794,0.737
New Jersey,Ocean,New Jersey,290,0,0.666,0.334,0,0,2099,0.781,0.33,0.67,0,0,0,2098,0.781,0.479,0,0,0.521,0,1969,0.717,0.38,0.62,0,2083,0.742,0.382,0,0,0.618,0,2094,0.746
New Jersey,Passaic,New Jersey,310,0,0.538,0.462,0,0,5229,0.738,0.466,0.534,0,0,0,5278,0.745,0.549,0,0,0.451,0,4357,0.588,0.486,0.514,0,5707,0.737,0.486,0,0,0.514,0,5709,0.738
New Jersey,Salem,New Jersey,330,0,0.53,0.47,0,0,4199,0.835,0.47,0.53,0,0,0,4276,0.85,0.545,0,0,0.455,0,3827,0.739,0.494,0.506,0,4385,0.823,0.498,0,0,0.502,0,4397,0.825
New Jersey,Somerset,New Jersey,350,0,0.46,0.54,0,0,4256,0.782,0.553,0.447,0,0,0,4287,0.787,0.62,0,0,0.38,0,3767,0.673,0.547,0.453,0,4247,0.739,0.548,0,0,0.452,0,4251,0.74
New Jersey,Sussex,New Jersey,370,0,0.364,0.636,0,0,4855,0.813,0.6,0.4,0,0,0,4875,0.816,0.622,0,0,0.378,0,4670,0.767,0.661,0.339,0,4785,0.771,0.646,0,0,0.354,0,4755,0.766
New Jersey,Union,New Jersey,390,0,0.444,0.556,0,0,4953,0.709,0.524,0.476,0,0,0,4965,0.711,0.602,0,0,0.398,0,4403,,0.546,0.454,0,5247,,0.545,0,0,0.455,0,5262,
New Jersey,Warren,New Jersey,410,0,0.427,0.573,0,0,5626,0.777,0.537,0.463,0,0,0,5668,0.783,0.673,0,0,0.327,0,4907,0.645,0.649,0.351,0,5712,0.717,0.641,0,0,0.359,0,5700,0.715
New York,Albany,New York,10,0.531,0.469,0,0,0,20980,0.717,0.518,0.481,0,0,0,20857,0.712,0.575,0,0,0.425,0,19231,0.635,0.559,0.441,0,23140,0.739,0.558,0.442,0,0,0,22932,0.732
New York,Allegany,New York,30,0.282,0.718,0,0,0,8973,0.796,0.284,0.716,0,0,0,8962,0.795,0.302,0,0,0.698,0,8290,0.715,0.291,0.709,0,8801,0.738,0.297,0.703,0,0,0,8450,0.709
New York,Broome,New York,70,0.387,0.613,0,0,0,7430,0.777,0.122,0.878,0,0,0,5064,0.529,0.387,0,0,0.613,0,7015,0.711,0.385,0.614,0,8142,0.8,0.384,0.616,0,0,0,8002,0.787
New York,Cattaraugus,New York,90,0.364,0.636,0,0,0,9364,0.783,0.367,0.633,0,0,0,9346,0.781,0.4,0,0,0.6,0,8063,0.66,0.394,0.606,0,9081,0.729,0.39,0.61,0,0,0,8816,0.707
New York,Cayuga,New York,110,0.333,0.667,0,0,0,11876,0.751,0.338,0.662,0,0,0,11840,0.748,0.39,0,0,0.61,0,10484,0.66,0.369,0.631,0,11942,0.749,0.369,0.631,0,0,0,11698,0.734
New York,Chautauqua,New York,130,0.302,0.698,0,0,0,12154,0.747,0.305,0.695,0,0,0,12068,0.742,0.346,0,0,0.654,0,10869,0.645,0.314,0.685,0,12692,0.727,0.314,0.686,0,0,0,12554,0.719
New York,Chemung,New York,150,0.457,0.543,0,0,0,5427,0.783,0.452,0.548,0,0,0,5393,0.778,0.532,0,0,0.468,0,5213,0.766,0.486,0.514,0,6401,0.959,0.487,0.513,0,0,0,6298,0.944
New York,Chenango,New York,170,0.393,0.607,0,0,0,9371,0.817,0.354,0.646,0,0,0,8774,0.765,0.428,0,0,0.572,0,8838,0.761,0.421,0.579,0,9585,0.814,0.416,0.584,0,0,0,9412,0.799
New York,Clinton,New York,190,0.452,0.548,0,0,0,7231,0.662,0.448,0.552,0,0,0,7215,0.66,0.535,0,0,0.465,0,6058,0.544,0.505,0.495,0,7017,0.618,0.503,0.497,0,0,0,6910,0.609
New York,Columbia,New York,210,0.48,0.52,0,0,0,9830,0.801,0.464,0.536,0,0,0,9468,0.772,0.54,0,0,0.46,0,8841,0.709,0.518,0.482,0,10116,0.799,0.515,0.485,0,0,0,10053,0.794
New York,Cortland,New York,230,0.305,0.694,0,0,0,5605,0.778,0.238,0.762,0,0,0,5045,0.7,0.326,0,0,0.674,0,5234,0.713,0.341,0.659,0,6046,0.808,0.338,0.662,0,0,0,6000,0.802
New York,Delaware,New York,250,0.391,0.609,0,0,0,8213,0.724,0.408,0.592,0,0,0,8341,0.736,0.491,0,0,0.509,0,8390,0.729,0.445,0.555,0,9546,0.816,0.446,0.554,0,0,0,9368,0.801
New York,Dutchess,New York,270,0.473,0.527,0,0,0,12834,0.751,0.477,0.523,0,0,0,12841,0.751,0.521,0,0,0.479,0,11383,0.651,0.48,0.52,0,13844,0.775,0.465,0.535,0,0,0,13735,0.769
New York,Erie,New York,290,0.467,0.533,0,0,0,23315,0.641,0.472,0.528,0,0,0,23203,0.638,0.58,0,0,0.42,0,21385,0.56,0.506,0.494,0,26431,0.66,0.507,0.493,0,0,0,26092,0.651
New York,Essex,New York,310,0.342,0.658,0,0,0,5247,0.722,0.352,0.648,0,0,0,5257,0.723,0.394,0,0,0.606,0,4466,0.628,0.402,0.598,0,5388,0.776,0.389,0.611,0,0,0,5279,0.761
New York,Franklin,New York,330,0.311,0.689,0,0,0,4505,0.607,0.424,0.576,0,0,0,5526,0.745,0.489,0,0,0.511,0,4579,0.602,0.393,0.607,0,4676,0.599,0.397,0.603,0,0,0,4491,0.576
New York,Fulton,New York,350,,,,,,,,0.463,0.537,0,0,,5324,0.852,,,,,,,,,,,,,,,,,,,
New York,Fulton-Hamilton,New York,360,0.482,0.518,0,0,0,6008,,,,,,0,,,0.495,0,0,0.505,0,5356,,0.493,0.507,0,5859,,0.492,0.508,0,0,0,5711,
New York,Genesee,New York,370,0.355,0.645,0,0,0,6920,0.759,0.36,0.64,0,0,0,6945,0.762,0.454,0,0,0.545,0,6026,0.643,0.407,0.592,0,6802,0.707,0.416,0.584,0,0,0,6713,0.698
New York,Greene,New York,390,0.53,0.47,0,0,0,6671,0.802,0.521,0.479,0,0,0,6675,0.802,0.587,0,0,0.413,0,6342,0.768,0.558,0.442,0,6984,0.852,0.556,0.444,0,0,0,6917,0.844
New York,Hamilton,New York,410,,,,,,,,0.637,0.363,0,0,,620,0.718,,,,,,,,,,,,,,,,,,,
New York,Herkimer,New York,430,0.388,0.612,0,0,0,8664,0.762,0.387,0.613,0,0,0,8646,0.761,0.425,0,0,0.575,0,7979,0.692,0.453,0.547,0,9294,0.794,0.448,0.552,0,0,0,9171,0.783
New York,Jefferson,New York,450,0.386,0.614,0,0,0,14327,0.767,0.375,0.625,0,0,0,13917,0.745,0.406,0,0,0.594,0,12749,0.676,0.405,0.595,0,14434,0.758,0.407,0.593,0,0,0,14047,0.738
New York,Kings,New York,470,0.564,0.435,0,0,0,36466,0.522,0,0.455,0.545,0,0,27509,0.394,0.602,0,0,0.398,0,32388,0.422,0.552,0.447,0,46564,0.557,0.546,0.454,0,0,0,45379,0.543
New York,Lewis,New York,490,0.411,0.589,0,0,0,5531,0.719,0.425,0.574,0,0,0,5516,0.717,0.482,0,0,0.518,0,5129,0.645,0.486,0.514,0,5989,0.728,0.485,0.515,0,0,0,5927,0.721
New York,Livingston,New York,510,0.386,0.613,0,0,0,8439,0.773,0.389,0.611,0,0,0,8428,0.772,0.417,0,0,0.583,0,7433,0.683,0.437,0.563,0,8133,0.75,0.434,0.566,0,0,0,7869,0.726
New York,Madison,New York,530,0.338,0.662,0,0,0,9505,0.785,0.338,0.662,0,0,0,9479,0.783,0.377,0,0,0.622,0,8843,0.728,0.377,0.622,0,9930,0.814,0.374,0.626,0,0,0,9767,0.8
New York,Monroe,New York,550,0.403,0.597,0,0,0,18099,0.684,0.406,0.594,0,0,0,18018,0.681,0.479,0,0,0.52,0,15694,0.583,0.472,0.528,0,19310,0.705,0.5,0.5,0,0,0,18839,0.687
New York,Montgomery,New York,570,0.48,0.52,0,0,0,6781,0.814,0.492,0.508,0,0,0,6773,0.813,0.511,0,0,0.489,0,6561,0.788,0.526,0.474,0,7427,0.893,0.532,0.468,0,0,0,7291,0.877
New York,New York,New York,610,0.652,0.348,0,0,0,95583,0.442,0.462,0.387,0,0.151,0,101227,0.468,0.65,0,0,0.336,0.013,75670,0.328,0.668,0.332,0,110390,0.451,0.135,0.368,0.484,0.013,0,105199,0.43
New York,Niagara,New York,630,0.428,0.572,0,0,0,8733,0.675,0.431,0.569,0,0,0,8486,0.656,0.521,0,0,0.479,0,8055,0.604,0.47,0.53,0,9126,0.665,0.471,0.529,0,0,0,8913,0.65
New York,Oneida,New York,650,0.419,0.581,0,0,0,21519,0.768,0.417,0.583,0,0,0,21509,0.767,0.502,0,0,0.497,0,19788,0.701,0.475,0.525,0,22964,0.807,0.475,0.525,0,0,0,22782,0.801
New York,Onondaga,New York,670,0.391,0.609,0,0,0,18465,0.753,0.329,0.604,0.067,0,0,18496,0.755,0.443,0,0,0.557,0,17055,0.696,0.442,0.558,0,19709,0.804,0.438,0.562,0,0,0,19264,0.786
New York,Ontario,New York,690,0.387,0.613,0,0,0,9398,0.762,0.394,0.606,0,0,0,9387,0.761,0.432,0,0,0.567,0,8201,0.661,0.424,0.575,0,9398,0.754,0.423,0.577,0,0,0,9186,0.737
New York,Orange,New York,710,0.505,0.495,0,0,0,11909,0.724,0,0.52,0.48,0,0,11076,0.673,0.54,0,0,0.46,0,11151,0.661,0.494,0.506,0,13417,0.777,0.489,0.511,0,0,0,13267,0.768
New York,Orleans,New York,730,0.368,0.632,0,0,0,6105,0.758,0.367,0.633,0,0,0,6058,0.753,0.433,0,0,0.567,0,5332,0.655,0.396,0.604,0,6213,0.756,0.398,0.602,0,0,0,6083,0.74
New York,Oswego,New York,750,0.374,0.626,0,0,0,14490,0.729,0.379,0.621,0,0,0,14456,0.727,0.417,0,0,0.583,0,12277,0.597,0.415,0.585,0,15031,0.706,0.418,0.582,0,0,0,14652,0.688
New York,Otsego,New York,770,0.436,0.564,0,0,0,11604,0.826,0.447,0.553,0,0,0,11511,0.82,0.501,0,0,0.499,0,11213,0.786,0.496,0.504,0,12198,0.841,0.484,0.516,0,0,0,12365,0.853
New York,Putnam,New York,790,0.516,0.484,0,0,0,2568,0.68,0.497,0.503,0,0,0,2575,0.682,0.546,0,0,0.416,0.037,2592,0.687,0.528,0.471,0,3061,0.811,0.532,0.468,0,0,0,3030,0.803
New York,Queens,New York,810,0.539,0.46,0,0,0,8141,0.556,0,0.465,0.535,0,0,8145,0.556,0.568,0,0,0.432,0,7406,0.471,0.558,0.442,0,9684,0.575,0.562,0.438,0,0,0,9604,0.571
New York,Rensselaer,New York,830,0.499,0.501,0,0,0,16885,0.749,0.489,0.511,0,0,0,16918,0.75,0.588,0,0,0.412,0,14890,0.642,0.506,0.494,0,18536,0.778,0.504,0.496,0,0,0,18401,0.772
New York,Richmond,New York,850,0.627,0.373,0,0,0,3778,0.565,0,0.385,0.615,0,0,3782,0.565,0.669,0,0,0.331,0,3522,0.486,0.647,0.352,0,4438,0.569,0.643,0.357,0,0,0,4395,0.563
New York,Rockland,New York,870,0.627,0.373,0,0,0,3779,0.59,0.614,0.386,0,0,0,3786,0.591,0.081,0,0,0.313,0.606,3388,0.504,0.613,0.387,0,3732,0.53,0.62,0.38,0,0,0,3653,0.519
New York,Saratoga,New York,910,0.435,0.564,0,0,0,10452,0.753,0.435,0.565,0,0,0,10492,0.756,0.464,0,0,0.536,0,9733,0.685,0.444,0.556,0,10624,0.73,0.428,0.572,0,0,0,10481,0.72
New York,Schenectady,New York,930,0.481,0.519,0,0,0,4148,0.778,0.52,0.48,0,0,0,4052,0.76,0.512,0,0,0.488,0,4028,0.761,0.505,0.495,0,4572,0.87,0.526,0.474,0,0,0,4542,0.864
New York,Schoharie,New York,950,0.562,0.438,0,0,0,7492,0.852,0.551,0.449,0,0,0,7472,0.849,0.651,0,0,0.349,0,7149,0.801,0.626,0.374,0,7671,0.847,0.627,0.373,0,0,0,7507,0.829
New York,Schuyler,New York,970,0.401,0.599,0,0,0,4259,0.818,0.414,0.586,0,0,0,4268,0.82,0.428,0,0,0.572,0,4008,,0.423,0.576,0,4469,,0.427,0.573,0,0,0,4295,
New York,Seneca,New York,990,0.497,0.503,0,0,0,6015,0.791,0.497,0.503,0,0,0,5982,0.787,0.57,0,0,0.429,0,5211,0.667,0.549,0.451,0,5947,0.74,0.55,0.45,0,0,0,5829,0.726
New York,St Lawrence,New York,890,0.261,0.739,0,0,0,15331,0.718,0.275,0.725,0,0,0,14944,0.699,0.273,0,0,0.727,0,13303,0.597,0.271,0.728,0,14912,0.643,0.27,0.73,0,0,0,14351,0.619
New York,Steuben,New York,1010,0.378,0.621,0,0,0,13273,0.767,0.395,0.605,0,0,0,13246,0.765,0.452,0,0,0.548,0,12158,0.698,0.418,0.582,0,13912,0.794,0.419,0.581,0,0,0,13373,0.763
New York,Suffolk,New York,1030,0.484,0.516,0,0,0,7275,0.645,0,0.515,0.485,0,0,7269,0.644,0.497,0,0,0.503,0,6739,0.576,0.483,0.517,0,8332,0.688,0.486,0.514,0,0,0,8256,0.681
New York,Sullivan,New York,1050,0.518,0.481,0,0,0,6114,0.746,0,0.473,0.527,0,0,5398,0.659,0.575,0,0,0.425,0,5747,0.678,0.545,0.455,0,6508,0.743,0.542,0.458,0,0,0,6444,0.736
New York,Tioga,New York,1070,0.422,0.578,0,0,0,6503,0.826,0.427,0.573,0,0,0,6512,0.827,0.453,0,0,0.547,0,6015,0.736,0.444,0.556,0,6798,0.803,0.442,0.558,0,0,0,6657,0.786
New York,Tompkins,New York,1090,0.41,0.59,0,0,0,7374,0.855,0.42,0.58,0,0,0,7397,0.857,0.396,0,0,0.604,0,6632,0.799,0.399,0.601,0,7514,0.943,0.399,0.601,0,0,0,7395,0.928
New York,Ulster,New York,1110,0.48,0.52,0,0,0,13027,0.667,0.495,0.505,0,0,0,13052,0.669,0.53,0,0,0.47,0,12343,0.609,0.529,0.47,0,14666,0.698,0.519,0.481,0,0,0,14484,0.69
New York,Warren,New York,1130,0.42,0.58,0,0,0,4689,0.823,0.423,0.577,0,0,0,4675,0.82,0.482,0,0,0.518,0,4117,0.694,0.475,0.525,0,4568,0.74,0.481,0.519,0,0,0,4474,0.725
New York,Washington,New York,1150,0.361,0.639,0,0,0,9655,0.758,0.368,0.632,0,0,0,9611,0.754,0.42,0,0,0.58,0,8275,0.645,0.369,0.631,0,9863,0.763,0.373,0.627,0,0,0,9778,0.757
New York,Wayne,New York,1170,0.371,0.629,0,0,0,10606,0.8,0.375,0.625,0,0,0,10558,0.796,0.443,0,0,0.557,0,9335,0.691,0.418,0.582,0,10514,0.764,0.418,0.582,0,0,0,10332,0.751
New York,Westchester,New York,1190,0.544,0.456,0,0,0,14852,0.543,0.522,0.478,0,0,0,14910,0.545,0.537,0,0,0.432,0.032,13395,0.452,0.551,0.448,0,16962,0.532,0.553,0.447,0,0,0,16568,0.519
New York,Wyoming,New York,1210,0.347,0.653,0,0,0,6888,0.793,0.343,0.657,0,0,0,6824,0.786,0.447,0,0,0.552,0,6016,0.687,0.384,0.616,0,6691,0.758,0.386,0.614,0,0,0,6578,0.746
New York,Yates,New York,1230,0.327,0.673,0,0,0,4480,0.798,0.339,0.661,0,0,0,4365,0.778,0.365,0,0,0.635,0,4138,0.735,0.358,0.642,0,4729,0.837,0.356,0.644,0,0,0,4670,0.826
North Carolina,Alamance,North Carolina,10,0.029,0,0.435,0.536,0,1233,0.67,,,,,,,,,,,,,,,,,,,,,,,,,,
North Carolina,Alexander,North Carolina,30,0.002,0,0.46,0.538,0,876,0.725,,,,,,,,,,,,,,,,,,,,,,,,,,
North Carolina,Anson,North Carolina,70,0.006,0,0.218,0.776,0,1123,0.743,,,,,,,,,,,,,,,,,,,,,,,,,,
North Carolina,Ashe,North Carolina,90,0.001,0,0.242,0.757,0,947,0.616,,,,,,,,,,,,,,,,,,,,,,,,,,
North Carolina,Beaufort,North Carolina,130,0.025,0,0.328,0.647,0,1673,0.877,,,,,,,,,,,,,,,,,,,,,,,,,,
North Carolina,Bertie,North Carolina,150,0.017,0,0.394,0.589,0,1013,0.77,,,,,,,,,,,,,,,,,,,,,,,,,,
North Carolina,Brunswick,North Carolina,190,0.001,0,0.457,0.541,0,713,0.714,,,,,,,,,,,,,,,,,,,,,,,,,,
North Carolina,Buncombe,North Carolina,210,0.035,0,0.468,0.498,0,1416,0.635,,,,,,,,,,,,,,,,,,,,,,,,,,
North Carolina,Burke,North Carolina,230,0.004,0,0.51,0.485,0,921,0.626,,,,,,,,,,,,,,,,,,,,,,,,,,
North Carolina,Cabarrus,North Carolina,250,0.014,0,0.35,0.636,0,1273,0.761,,,,,,,,,,,,,,,,,,,,,,,,,,
North Carolina,Caldwell,North Carolina,270,0.012,0,0.311,0.677,0,737,0.591,,,,,,,,,,,,,,,,,,,,,,,,,,
North Carolina,Camden,North Carolina,290,0.013,0,0.14,0.847,0,594,0.818,,,,,,,,,,,,,,,,,,,,,,,,,,
North Carolina,Carteret,North Carolina,310,0.049,0,0.434,0.517,0,853,0.599,,,,,,,,,,,,,,,,,,,,,,,,,,
North Carolina,Caswell,North Carolina,330,0.01,0,0.799,0.191,0,1244,0.769,,,,,,,,,,,,,,,,,,,,,,,,,,
North Carolina,Catawba,North Carolina,350,0.003,0,0.742,0.255,0,1183,0.639,,,,,,,,,,,,,,,,,,,,,,,,,,
North Carolina,Chatham,North Carolina,370,0.11,0,0.342,0.549,0,1768,0.606,,,,,,,,,,,,,,,,,,,,,,,,,,
North Carolina,Cherokee,North Carolina,390,0.013,0,0.399,0.588,0,1151,0.665,,,,,,,,,,,,,,,,,,,,,,,,,,
North Carolina,Chowan,North Carolina,410,0.081,0,0.412,0.507,0,471,0.695,,,,,,,,,,,,,,,,,,,,,,,,,,
North Carolina,Cleveland,North Carolina,450,0,0,0.848,0.152,0,1287,0.601,,,,,,,,,,,,,,,,,,,,,,,,,,
North Carolina,Columbus,North Carolina,470,0.006,0,0.688,0.306,0,1051,0.772,,,,,,,,,,,,,,,,,,,,,,,,,,
North Carolina,Craven,North Carolina,490,0.093,0,0.376,0.53,0,1307,0.661,,,,,,,,,,,,,,,,,,,,,,,,,,
North Carolina,Cumberland,North Carolina,510,0.022,0,0.555,0.423,0,1584,0.708,,,,,,,,,,,,,,,,,,,,,,,,,,
North Carolina,Currituck,North Carolina,530,0,0,0.897,0.103,0,663,0.625,,,,,,,,,,,,,,,,,,,,,,,,,,
North Carolina,Davidson,North Carolina,570,0.008,0,0.377,0.615,0,1929,0.624,,,,,,,,,,,,,,,,,,,,,,,,,,
North Carolina,Davie,North Carolina,590,0.031,0,0.329,0.64,0,1001,0.719,,,,,,,,,,,,,,,,,,,,,,,,,,
North Carolina,Duplin,North Carolina,610,0.002,0,0.901,0.097,0,1532,0.798,,,,,,,,,,,,,,,,,,,,,,,,,,
North Carolina,Edgecombe,North Carolina,650,0.008,0,0.894,0.098,0,2002,1.256,,,,,,,,,,,,,,,,,,,,,,,,,,
North Carolina,Forsyth,North Carolina,670,0.038,0,0.444,0.519,0,1860,0.729,,,,,,,,,,,,,,,,,,,,,,,,,,
North Carolina,Franklin,North Carolina,690,0.013,0,0.696,0.291,0,1091,0.714,,,,,,,,,,,,,,,,,,,,,,,,,,
North Carolina,Gaston,North Carolina,710,0.055,0,0.815,0.129,0,1013,0.663,,,,,,,,,,,,,,,,,,,,,,,,,,
North Carolina,Gates,North Carolina,730,0.016,0,0.454,0.53,0,744,0.763,,,,,,,,,,,,,,,,,,,,,,,,,,
North Carolina,Granville,North Carolina,770,0.046,0,0.477,0.477,0,1820,0.71,,,,,,,,,,,,,,,,,,,,,,,,,,
North Carolina,Greene,North Carolina,790,0,0,0.539,0.461,0,707,0.812,,,,,,,,,,,,,,,,,,,,,,,,,,
North Carolina,Guilford,North Carolina,810,0.052,0,0.135,0.813,0,2260,0.578,,,,,,,,,,,,,,,,,,,,,,,,,,
North Carolina,Halifax,North Carolina,830,0.017,0,0.571,0.412,0,1325,0.835,,,,,,,,,,,,,,,,,,,,,,,,,,
North Carolina,Harnett,North Carolina,850,0.105,0,0.71,0.185,0,744,0.615,,,,,,,,,,,,,,,,,,,,,,,,,,
North Carolina,Haywood,North Carolina,870,0.021,0,0.584,0.395,0,628,0.564,,,,,,,,,,,,,,,,,,,,,,,,,,
North Carolina,Henderson,North Carolina,890,0.004,0,0.465,0.53,0,935,0.49,,,,,,,,,,,,,,,,,,,,,,,,,,
North Carolina,Hertford,North Carolina,910,0.029,0,0.36,0.611,0,684,0.755,,,,,,,,,,,,,,,,,,,,,,,,,,
North Carolina,Hyde,North Carolina,950,0.004,0,0.461,0.536,0,857,0.749,,,,,,,,,,,,,,,,,,,,,,,,,,
North Carolina,Iredell,North Carolina,970,0.016,0,0.165,0.819,0,1984,0.76,,,,,,,,,,,,,,,,,,,,,,,,,,
North Carolina,Jackson,North Carolina,990,0,0,0.739,0.261,0,545,0.654,,,,,,,,,,,,,,,,,,,,,,,,,,
North Carolina,Johnston,North Carolina,1010,0.024,0,0.592,0.383,0,1644,0.726,,,,,,,,,,,,,,,,,,,,,,,,,,
North Carolina,Jones,North Carolina,1030,0.027,0,0.53,0.444,0,372,0.703,,,,,,,,,,,,,,,,,,,,,,,,,,
North Carolina,Lenoir,North Carolina,1070,0.024,0,0.612,0.364,0,871,0.785,,,,,,,,,,,,,,,,,,,,,,,,,,
North Carolina,Lincoln,North Carolina,1090,0.007,0,0.656,0.337,0,721,0.531,,,,,,,,,,,,,,,,,,,,,,,,,,
North Carolina,Macon,North Carolina,1130,0.018,0,0.314,0.667,0,703,0.619,,,,,,,,,,,,,,,,,,,,,,,,,,
North Carolina,Madison,North Carolina,1150,0.059,0,0.562,0.379,0,575,0.537,,,,,,,,,,,,,,,,,,,,,,,,,,
North Carolina,Martin,North Carolina,1170,0.02,0,0.679,0.301,0,1106,0.916,,,,,,,,,,,,,,,,,,,,,,,,,,
North Carolina,Mcdowell,North Carolina,1110,0.002,0,0.442,0.556,0,624,0.511,,,,,,,,,,,,,,,,,,,,,,,,,,
North Carolina,Mecklenburg,North Carolina,1190,0.065,0,0.534,0.401,0,2062,0.734,,,,,,,,,,,,,,,,,,,,,,,,,,
North Carolina,Montgomery,North Carolina,1230,0.004,0,0.123,0.873,0,830,0.646,,,,,,,,,,,,,,,,,,,,,,,,,,
North Carolina,Moore,North Carolina,1250,0.168,0,0.28,0.552,0,1066,0.505,,,,,,,,,,,,,,,,,,,,,,,,,,
North Carolina,Nash,North Carolina,1270,0.003,0,0.951,0.046,0,1391,0.995,,,,,,,,,,,,,,,,,,,,,,,,,,
North Carolina,New Hanover,North Carolina,1290,0.002,0,0.714,0.284,0,2266,1.022,,,,,,,,,,,,,,,,,,,,,,,,,,
North Carolina,Northampton,North Carolina,1310,0.036,0,0.544,0.421,0,1203,0.842,,,,,,,,,,,,,,,,,,,,,,,,,,
North Carolina,Onslow,North Carolina,1330,0.025,0,0.815,0.16,0,958,0.788,,,,,,,,,,,,,,,,,,,,,,,,,,
North Carolina,Orange,North Carolina,1350,0.04,0,0.434,0.527,0,1815,0.682,,,,,,,,,,,,,,,,,,,,,,,,,,
North Carolina,Pasquotank,North Carolina,1390,0.071,0,0.31,0.619,0,771,0.704,,,,,,,,,,,,,,,,,,,,,,,,,,
North Carolina,Perquimans,North Carolina,1430,0.007,0,0.404,0.589,0,579,0.732,,,,,,,,,,,,,,,,,,,,,,,,,,
North Carolina,Person,North Carolina,1450,0.01,0,0.461,0.53,0,912,0.703,,,,,,,,,,,,,,,,,,,,,,,,,,
North Carolina,Pitt,North Carolina,1470,0.006,0,0.504,0.49,0,1449,0.857,,,,,,,,,,,,,,,,,,,,,,,,,,
North Carolina,Polk,North Carolina,1490,0.003,0,0.694,0.303,0,389,0.561,,,,,,,,,,,,,,,,,,,,,,,,,,
North Carolina,Randolph,North Carolina,1510,0.028,0,0.202,0.77,0,1589,0.475,,,,,,,,,,,,,,,,,,,,,,,,,,
North Carolina,Richmond,North Carolina,1530,0.005,0,0.329,0.666,0,817,0.685,,,,,,,,,,,,,,,,,,,,,,,,,,
North Carolina,Robeson,North Carolina,1550,0.089,0,0.479,0.431,0,1502,0.731,,,,,,,,,,,,,,,,,,,,,,,,,,
North Carolina,Rockingham,North Carolina,1570,0.097,0,0.611,0.291,0,1664,0.733,,,,,,,,,,,,,,,,,,,,,,,,,,
North Carolina,Rowan,North Carolina,1590,0.006,0,0.498,0.496,0,2062,0.802,,,,,,,,,,,,,,,,,,,,,,,,,,
North Carolina,Rutherford,North Carolina,1610,0.003,0,0.583,0.415,0,1193,0.585,,,,,,,,,,,,,,,,,,,,,,,,,,
North Carolina,Sampson,North Carolina,1630,0.004,0,0.65,0.346,0,1503,0.739,,,,,,,,,,,,,,,,,,,,,,,,,,
North Carolina,Stanly,North Carolina,1670,0.009,0,0.053,0.938,0,996,0.717,,,,,,,,,,,,,,,,,,,,,,,,,,
North Carolina,Stokes,North Carolina,1690,0.004,0,0.63,0.365,0,1182,0.658,,,,,,,,,,,,,,,,,,,,,,,,,,
North Carolina,Surry,North Carolina,1710,0.021,0,0.605,0.374,0,1341,0.674,,,,,,,,,,,,,,,,,,,,,,,,,,
North Carolina,Tyrrell,North Carolina,1770,0.055,0,0.193,0.752,0,399,0.556,,,,,,,,,,,,,,,,,,,,,,,,,,
North Carolina,Union,North Carolina,1790,0,0,0.694,0.306,0,1237,0.652,,,,,,,,,,,,,,,,,,,,,,,,,,
North Carolina,Wake,North Carolina,1830,0.105,0,0.464,0.431,0,2622,0.679,,,,,,,,,,,,,,,,,,,,,,,,,,
North Carolina,Warren,North Carolina,1850,0.006,0,0.861,0.133,0,1034,0.837,,,,,,,,,,,,,,,,,,,,,,,,,,
North Carolina,Washington,North Carolina,1870,0.071,0,0.258,0.67,0,616,0.751,,,,,,,,,,,,,,,,,,,,,,,,,,
North Carolina,Watauga,North Carolina,1890,0,0,0.313,0.687,0,469,0.483,,,,,,,,,,,,,,,,,,,,,,,,,,
North Carolina,Wayne,North Carolina,1910,0.007,0,0.845,0.149,0,1609,0.848,,,,,,,,,,,,,,,,,,,,,,,,,,
North Carolina,Wilkes,North Carolina,1930,0.002,0,0.215,0.783,0,1689,0.618,,,,,,,,,,,,,,,,,,,,,,,,,,
North Carolina,Yadkin,North Carolina,1970,0.017,0,0.364,0.619,0,1360,0.708,,,,,,,,,,,,,,,,,,,,,,,,,,
North Carolina,Yancey,North Carolina,1990,0.005,0,0.642,0.353,0,779,0.492,,,,,,,,,,,,,,,,,,,,,,,,,,
Ohio,Adams,Ohio,10,0.522,0.433,0.01,0.034,0,3847,0.834,0.545,0.455,0,0,0,3308,0.717,0.599,0,0,0.401,0,2960,0.631,0.48,0.52,0,4028,0.845,0.494,0,0,0.506,0,3477,0.73
Ohio,Allen,Ohio,30,0.505,0.482,0.008,0.006,0,3728,0.868,0.505,0.495,0,0,0,3551,0.827,0.608,0,0,0.392,0,2888,0.625,0.544,0.456,0,4126,0.834,0.533,0,0,0.467,0,3477,0.703
Ohio,Ashland,Ohio,50,0.389,0.49,0.112,0.008,0,4416,0.834,0.513,0.487,0,0,0,4271,0.806,0.571,0,0,0.429,0,3748,0.711,0.666,0.334,0,3424,0.653,0.511,0,0,0.489,0,4129,0.787
Ohio,Ashtabula,Ohio,70,0.125,0.811,0.05,0.011,0.002,6859,0.808,0.135,0.865,0,0,0,5342,0.63,0.185,0,0,0.815,0,4122,0.472,0.147,0.853,0,7087,0.79,0.143,0,0,0.857,0,6145,0.685
Ohio,Athens,Ohio,90,0.364,0.617,0.01,0.009,0,4097,0.842,0.349,0.651,0,0,0,3966,0.815,0.376,0,0,0.624,0,3150,0.624,0.302,0.698,0,4354,0.832,0.305,0,0,0.695,0,3907,0.747
Ohio,Auglaize,Ohio,110,0.609,0.361,0.023,0.007,0,3015,0.78,0.659,0.341,0,0,0,2814,0.728,0.777,0,0,0.223,0,2176,0.528,0.668,0.332,0,3561,0.813,0.691,0,0,0.309,0,2752,0.629
Ohio,Belmont,Ohio,130,0.222,0.41,0.198,0.17,0,6525,0.796,0.529,0.471,0,0,0,5911,0.721,0.589,0,0,0.411,0,6067,0.733,0.509,0.491,0,6882,0.823,0.516,0,0,0.484,0,6395,0.765
Ohio,Brown,Ohio,150,0.553,0.387,0.017,0.044,0,5440,0.817,0.55,0.45,0,0,0,4754,0.714,0.608,0,0,0.392,0,4105,0.601,0.52,0.48,0,5631,0.804,0.496,0,0,0.504,0,5103,0.729
Ohio,Butler,Ohio,170,0.562,0.392,0.021,0.025,0,7316,0.794,0.586,0.414,0,0,0,7071,0.767,0.573,0,0,0.427,0,6557,0.69,0.57,0.43,0,7566,0.772,0.551,0,0,0.449,0,6910,0.705
Ohio,Carroll,Ohio,190,0.35,0.593,0.048,0.009,0,2981,0.802,0.432,0.568,0,0,0,2601,0.7,0.469,0,0,0.531,0,2576,0.703,0.402,0.598,0,3054,0.845,0.406,0,0,0.594,0,2720,0.752
Ohio,Champaign,Ohio,210,0.406,0.521,0.014,0.059,0,4461,0.826,0.461,0.539,0,0,0,3814,0.706,0.488,0,0,0.512,0,3843,0.688,0.389,0.611,0,4530,0.785,0.378,0,0,0.622,0,4157,0.72
Ohio,Clark,Ohio,230,0.345,0.601,0.021,0.033,0,5016,0.818,0.382,0.618,0,0,0,4335,0.707,0.393,0,0,0.607,0,4628,0.738,0.314,0.686,0,5422,0.847,0.322,0,0,0.678,0,4985,0.779
Ohio,Clermont,Ohio,250,0.498,0.461,0.009,0.032,0,6437,0.832,0.529,0.471,0,0,0,6186,0.8,0.553,0,0,0.447,0,5199,0.66,0.5,0.5,0,6630,0.826,0.49,0,0,0.51,0,6130,0.763
Ohio,Clinton,Ohio,270,0.363,0.616,0.004,0.017,0,4032,0.815,0,1,0,0,0,2183,0.441,0.408,0,0,0.592,0,3131,0.612,0.335,0.665,0,4164,0.787,0.327,0,0,0.673,0,3703,0.7
Ohio,Columbiana,Ohio,290,0.333,0.604,0.048,0.015,0.001,6401,0.819,0.4,0.6,0,0,0,5386,0.689,0.425,0,0,0.575,0,5552,0.714,0.355,0.645,0,7054,0.911,0.366,0,0,0.634,0,6239,0.806
Ohio,Coshocton,Ohio,310,0.476,0.478,0.045,0,0,4807,0.849,0.521,0.479,0,0,0,4772,0.842,0.609,0,0,0.391,0,4072,0.716,0.536,0.464,0,4573,0.8,0.518,0,0,0.482,0,4187,0.733
Ohio,Crawford,Ohio,330,0.556,0.417,0.024,0.004,0,4951,0.842,0.553,0.447,0,0,0,4605,0.783,0.669,0,0,0.331,0,3955,0.634,0.617,0.383,0,5099,0.773,0.61,0,0,0.39,0,4368,0.662
Ohio,Cuyahoga,Ohio,350,0.346,0.625,0.024,0.005,0,13908,0.696,0.365,0.635,0,0,0,11477,0.574,0.334,0,0,0.666,0,7640,0.356,0.369,0.631,0,15873,0.694,0.362,0,0,0.638,0,13228,0.578
Ohio,Darke,Ohio,370,0.496,0.492,0.003,0.008,0,4997,0.86,0.521,0.479,0,0,0,4915,0.846,0.631,0,0,0.369,0,4460,0.731,0.511,0.489,0,5284,0.826,0.518,0,0,0.482,0,4834,0.756
Ohio,Defiance,Ohio,390,0.551,0.439,0.006,0.003,0.001,2366,0.875,0.558,0.442,0,0,0,2148,0.795,0,0,0,0.269,0.731,2035,0.698,0.579,0.421,0,2719,0.868,0.624,0,0,0.376,0,2346,0.749
Ohio,Delaware,Ohio,410,0.415,0.569,0.01,0.006,0,4740,0.809,0.418,0.582,0,0,0,4213,0.719,0.437,0,0,0.563,0,3718,0.615,0.397,0.603,0,4811,0.771,0.392,0,0,0.608,0,4280,0.686
Ohio,Erie,Ohio,430,0.339,0.636,0.019,0.006,0,4540,0.727,0.384,0.616,0,0,0,4108,0.657,0.406,0,0,0.594,0,3310,0.509,0.377,0.623,0,4870,0.72,0.383,0,0,0.617,0,4099,0.606
Ohio,Fairfield,Ohio,450,0.562,0.377,0.035,0.027,0,5783,0.829,0.61,0.39,0,0,0,5613,0.804,0.677,0,0,0.323,0,5072,0.723,0.591,0.409,0,5939,0.843,0.577,0,0,0.423,0,5341,0.758
Ohio,Fayette,Ohio,470,0.389,0.506,0.016,0.089,0,2882,0.803,0.12,0.88,0,0,0,1498,0.418,0.406,0,0,0.594,0,2340,0.624,0.402,0.598,0,3089,0.789,0.41,0,0,0.59,0,2747,0.701
Ohio,Franklin,Ohio,490,0.519,0.46,0.008,0.013,0,9338,0.727,0.514,0.486,0,0,0,9193,0.716,0.625,0,0,0.375,0,8824,0.667,0.543,0.457,0,10538,0.774,0.547,0,0,0.453,0,9956,0.731
Ohio,Fulton,Ohio,510,0.372,0.616,0.01,0.001,0,2643,0.787,0.404,0.596,0,0,0,2537,0.755,0,0,0,0.511,0.489,2245,0.611,0.331,0.669,0,2921,0.731,0.368,0,0,0.632,0,2763,0.691
Ohio,Gallia,Ohio,530,0.411,0.525,0.01,0.053,0,3580,0.824,0.449,0.551,0,0,0,3446,0.793,0.442,0,0,0.558,0,2371,0.524,0.292,0.708,0,3997,0.848,0.284,0,0,0.716,0,3368,0.715
Ohio,Geauga,Ohio,550,0.188,0.797,0.009,0.005,0.002,3610,0.843,0.192,0.808,0,0,0,2991,0.698,0.16,0,0,0.84,0,2312,0.547,0.143,0.857,0,3469,0.832,0.045,0,0,0.955,0,2726,0.654
Ohio,Greene,Ohio,570,0.339,0.631,0.007,0.024,0,5170,0.851,0,1,0,0,0,2959,0.487,0.394,0,0,0.606,0,4543,0.725,0.286,0.714,0,5444,0.843,0.297,0,0,0.703,0,4827,0.748
Ohio,Guernsey,Ohio,590,0.425,0.552,0.007,0.012,0.004,4549,0.832,0.441,0.559,0,0,0,4400,0.804,0.49,0,0,0.51,0,4361,0.83,0.425,0.575,0,4654,0.923,0.423,0,0,0.577,0,4415,0.875
Ohio,Hamilton,Ohio,610,0.433,0.454,0.01,0.103,0,35664,0.605,0.458,0.457,0,0,0.085,32927,0.558,0.522,0,0,0.478,0,28256,0.458,0.421,0.579,0,39439,0.612,0.421,0,0,0.579,0,35109,0.545
Ohio,Hancock,Ohio,630,0.514,0.477,0.005,0.004,0,4476,0.884,0.513,0.487,0,0,0,4418,0.873,0.579,0,0,0.421,0,3597,0.67,0.514,0.486,0,4478,0.789,0.516,0,0,0.484,0,3852,0.679
Ohio,Hardin,Ohio,650,0.441,0.527,0.012,0.02,0,2716,0.878,0.457,0.543,0,0,0,2641,0.854,0.552,0,0,0.448,0,2009,0.6,0.471,0.529,0,3099,0.861,0.463,0,0,0.537,0,2654,0.737
Ohio,Harrison,Ohio,670,0.209,0.6,0.176,0.012,0.002,3625,0.817,0.336,0.664,0,0,0,3064,0.691,0.471,0,0,0.529,0,3386,0.766,0.412,0.588,0,3802,0.863,0.422,0,0,0.578,0,3476,0.789
Ohio,Henry,Ohio,690,0.561,0.436,0.002,0.002,0,1853,0.853,0.564,0.436,0,0,0,1772,0.816,0,0,0,0.246,0.754,1469,0.603,0.599,0.401,0,2072,0.768,0.604,0,0,0.396,0,1951,0.723
Ohio,Highland,Ohio,710,0.428,0.453,0.03,0.089,0,5313,0.844,0.51,0.49,0,0,0,4626,0.735,0.538,0,0,0.462,0,4632,0.719,0.454,0.546,0,5713,0.868,0.451,0,0,0.549,0,5115,0.777
Ohio,Hocking,Ohio,730,0.569,0.424,0.002,0.004,0,3133,0.849,0.56,0.44,0,0,0,3028,0.82,0.708,0,0,0.292,0,2304,0.595,0.577,0.423,0,3265,0.806,0.569,0,0,0.431,0,2840,0.701
Ohio,Holmes,Ohio,750,0.63,0.357,0.012,0.001,0,3621,0.784,0.623,0.377,0,0,0,3529,0.764,0.764,0,0,0.236,0,3350,0.722,0.716,0.284,0,3747,0.804,0.697,0,0,0.303,0,3302,0.708
Ohio,Huron,Ohio,770,0.332,0.654,0.008,0.006,0,6281,0.803,0.336,0.664,0,0,0,5678,0.726,0.367,0,0,0.633,0,5166,0.642,0.32,0.68,0,6516,0.789,0.331,0,0,0.669,0,5496,0.665
Ohio,Jackson,Ohio,790,0.439,0.532,0.005,0.024,0,3269,0.85,0.487,0.513,0,0,0,3208,0.834,0.518,0,0,0.482,0,2581,0.631,0.402,0.598,0,3274,0.756,0.386,0,0,0.614,0,2893,0.668
Ohio,Jefferson,Ohio,810,0.251,0.58,0.152,0.017,0,4627,0.776,0.235,0.765,0,0,0,3172,0.532,0.415,0,0,0.585,0,4050,0.693,0.337,0.663,0,5137,0.897,0.342,0,0,0.658,0,4497,0.785
Ohio,Knox,Ohio,830,0.371,0.515,0.094,0.018,0.003,5556,0.834,0.478,0.522,0,0,0,5351,0.803,0.545,0,0,0.455,0,4862,0.726,0.467,0.533,0,5444,0.809,0.471,0,0,0.529,0,5180,0.77
Ohio,Lake,Ohio,850,0.192,0.777,0.027,0.004,0,3243,0.763,0.208,0.792,0,0,0,2802,0.66,0.18,0,0,0.82,0,2018,0.464,0.174,0.826,0,3373,0.759,0.152,0,0,0.848,0,2913,0.655
Ohio,Lawrence,Ohio,870,0.356,0.559,0.024,0.061,0,3222,0.64,0.407,0.593,0,0,0,2949,0.586,0.525,0,0,0.475,0,2170,0.405,0.273,0.727,0,4107,0.723,0.291,0,0,0.709,0,3135,0.552
Ohio,Licking,Ohio,890,0.424,0.471,0.085,0.02,0,7442,0.83,0.511,0.489,0,0,0,7377,0.823,0.587,0,0,0.413,0,6533,0.736,0.538,0.462,0,7165,0.815,0.533,0,0,0.467,0,6644,0.755
Ohio,Logan,Ohio,910,0.378,0.593,0.004,0.025,0,4074,0.849,0.412,0.588,0,0,0,3765,0.785,0.445,0,0,0.555,0,3558,0.727,0.38,0.62,0,4283,0.858,0.386,0,0,0.614,0,3901,0.782
Ohio,Lorain,Ohio,930,0.292,0.669,0.028,0.008,0.003,6047,0.8,0.321,0.679,0,0,0,5778,0.765,0.271,0,0,0.729,0,4631,0.599,0.264,0.736,0,6246,0.791,0.24,0,0,0.76,0,5616,0.711
Ohio,Lucas,Ohio,950,0.371,0.589,0.016,0.025,0,4909,0.705,0.415,0.585,0,0,0,4583,0.658,0,0,0,0.33,0.67,4163,0.542,0.356,0.644,0,5885,0.7,0.472,0,0,0.528,0,5216,0.621
Ohio,Madison,Ohio,970,0.38,0.53,0.025,0.064,0,2672,0.81,0.458,0.542,0,0,0,2431,0.737,0.502,0,0,0.498,0,2477,0.709,0.411,0.589,0,2864,0.775,0.429,0,0,0.571,0,2575,0.697
Ohio,Mahoning,Ohio,990,0.394,0.575,0.026,0.005,0,5055,0.782,0.434,0.566,0,0,0,4503,0.697,0.487,0,0,0.513,0,4262,0.644,0.443,0.557,0,5464,0.808,0.426,0,0,0.574,0,4673,0.691
Ohio,Marion,Ohio,1010,0.504,0.49,0.004,0.001,0,3253,0.866,0.517,0.483,0,0,0,3122,0.831,0.572,0,0,0.428,0,2574,0.651,0.531,0.469,0,3240,0.781,0.533,0,0,0.467,0,2910,0.701
Ohio,Medina,Ohio,1030,0.36,0.626,0.012,0.001,0,4898,0.855,0.371,0.629,0,0,0,4593,0.801,0.387,0,0,0.613,0,4027,0.706,0.358,0.642,0,4557,0.804,0.355,0,0,0.645,0,4107,0.724
Ohio,Meigs,Ohio,1050,0.368,0.583,0.002,0.047,0,4612,0.771,0.356,0.644,0,0,0,4556,0.762,0.456,0,0,0.544,0,3623,0.568,0.293,0.707,0,4983,0.734,0.324,0,0,0.676,0,4312,0.635
Ohio,Mercer,Ohio,1070,0.657,0.34,0.002,0.001,0,2446,0.799,0.657,0.343,0,0,0,2361,0.771,0.783,0,0,0.217,0,1938,0.576,0.698,0.302,0,2761,0.753,0.717,0,0,0.283,0,2031,0.554
Ohio,Miami,Ohio,1090,0.4,0.587,0.007,0.007,0,5846,0.813,0.399,0.601,0,0,0,5729,0.796,0.464,0,0,0.536,0,4887,0.655,0.381,0.619,0,6169,0.798,0.389,0,0,0.611,0,5630,0.728
Ohio,Monroe,Ohio,1110,0.674,0.286,0.01,0.03,0,4672,0.823,0.693,0.307,0,0,0,4370,0.77,0.79,0,0,0.21,0,3342,0.595,0.69,0.31,0,4641,0.836,0.685,0,0,0.315,0,3922,0.706
Ohio,Montgomery,Ohio,1130,0.474,0.501,0.007,0.018,0,9935,0.782,0.492,0.508,0,0,0,10407,0.819,0.519,0,0,0.481,0,9579,0.717,0.488,0.512,0,10845,0.774,0.492,0,0,0.508,0,10223,0.73
Ohio,Morgan,Ohio,1150,0.41,0.57,0.015,0.005,0,4287,0.852,0.432,0.568,0,0,0,3812,0.757,0.484,0,0,0.516,0,3744,0.777,0.399,0.601,0,4325,0.94,0.412,0,0,0.588,0,3961,0.861
Ohio,Morrow,Ohio,1170,0.454,0.532,0.009,0.005,0,4250,0.869,0.471,0.529,0,0,0,4132,0.845,0.489,0,0,0.511,0,3565,0.717,0.412,0.588,0,4022,0.796,0.416,0,0,0.584,0,3694,0.731
Ohio,Muskingum,Ohio,1190,0.438,0.494,0.019,0.049,0,8107,0.823,0.528,0.472,0,0,0,7622,0.774,0.543,0,0,0.457,0,6995,0.712,0.468,0.532,0,8318,0.849,0.466,0,0,0.534,0,7516,0.767
Ohio,Noble,Ohio,1210,0.441,0.52,0.024,0.014,0.001,3737,0.823,0.439,0.561,0,0,0,3438,0.757,0.549,0,0,0.451,0,3309,,0.438,0.562,0,3932,,0.439,0,0,0.561,0,3579,
Ohio,Ottawa,Ohio,1230,0.538,0.444,0.018,0.001,0,1287,0.7,0.569,0.431,0,0,0,1141,0.621,0.646,0,0,0.354,0,1168,0.575,0.507,0.493,0,1669,0.749,0.491,0,0,0.509,0,1467,0.658
Ohio,Paulding,Ohio,1250,0.41,0.581,0.009,0,0,954,0.856,0.383,0.617,0,0,0,798,0.716,0,0,0,0.511,0.489,664,0.531,0.309,0.691,0,1165,0.841,0.374,0,0,0.626,0,850,0.613
Ohio,Perry,Ohio,1270,0.529,0.435,0.006,0.03,0,3689,0.843,0.532,0.468,0,0,0,3544,0.81,0.605,0,0,0.395,0,3192,0.731,0.505,0.495,0,3683,0.846,0.491,0,0,0.509,0,3395,0.78
Ohio,Pickaway,Ohio,1290,0.517,0.427,0.011,0.045,0,4688,0.858,0.55,0.45,0,0,0,4575,0.838,0.576,0,0,0.424,0,3878,0.691,0.533,0.467,0,4746,0.824,0.517,0,0,0.483,0,4437,0.771
Ohio,Pike,Ohio,1310,0.561,0.384,0.004,0.051,0,2492,0.873,0.586,0.414,0,0,0,2394,0.839,0.696,0,0,0.304,0,1880,0.637,0.588,0.412,0,2541,0.833,0.605,0,0,0.395,0,2337,0.766
Ohio,Portage,Ohio,1330,0.381,0.593,0.023,0.001,0.001,5165,0.805,0.395,0.605,0,0,0,4793,0.747,0.42,0,0,0.58,0,4173,0.646,0.356,0.644,0,5396,0.83,0.352,0,0,0.648,0,4867,0.749
Ohio,Preble,Ohio,1350,0.395,0.592,0.005,0.007,0,4382,0.819,0.397,0.603,0,0,0,4492,0.84,0.416,0,0,0.584,0,3951,0.732,0.388,0.612,0,4387,0.806,0.373,0,0,0.627,0,3989,0.733
Ohio,Putnam,Ohio,1370,0.592,0.405,0.001,0.002,0,2495,0.839,0.599,0.401,0,0,0,2362,0.794,0,0,0,0.256,0.744,2061,0.636,0.605,0.395,0,2833,0.806,0.644,0,0,0.356,0,2528,0.72
Ohio,Richland,Ohio,1390,0.494,0.476,0.018,0.012,0,6351,0.842,0.516,0.484,0,0,0,6074,0.805,0.584,0,0,0.416,0,5211,0.686,0.516,0.484,0,6598,0.863,0.524,0,0,0.476,0,5909,0.773
Ohio,Ross,Ohio,1410,0.437,0.474,0.042,0.047,0,6426,0.833,0.506,0.494,0,0,0,6263,0.812,0.574,0,0,0.426,0,5392,0.687,0.487,0.513,0,6584,0.826,0.485,0,0,0.515,0,5964,0.748
Ohio,Sandusky,Ohio,1430,0.542,0.453,0.003,0.002,0,4280,0.815,0.536,0.464,0,0,0,3941,0.75,0.574,0,0,0.426,0,3464,0.612,0.509,0.491,0,4673,0.771,0.483,0,0,0.517,0,3937,0.649
Ohio,Scioto,Ohio,1450,0.404,0.505,0.009,0.081,0,4328,0.762,0.493,0.507,0,0,0,4358,0.767,0.632,0,0,0.368,0,3169,0.538,0.422,0.578,0,4856,0.795,0.44,0,0,0.56,0,4270,0.699
Ohio,Seneca,Ohio,1470,0.501,0.481,0.011,0.007,0,6340,0.842,0.501,0.499,0,0,0,6097,0.81,0.599,0,0,0.401,0,5225,0.673,0.519,0.481,0,6327,0.79,0.519,0,0,0.481,0,5861,0.732
Ohio,Shelby,Ohio,1490,0.505,0.483,0.005,0.007,0,3307,0.822,0.511,0.489,0,0,0,3354,0.834,0.575,0,0,0.425,0,2905,0.691,0.558,0.442,0,3626,0.825,0.548,0,0,0.452,0,3298,0.751
Ohio,Stark,Ohio,1510,0.368,0.53,0.101,0.002,0,7671,0.762,0.48,0.52,0,0,0,6965,0.691,0.554,0,0,0.446,0,6925,0.677,0.472,0.528,0,9079,0.874,0.475,0,0,0.525,0,8048,0.775
Ohio,Summit,Ohio,1530,0.324,0.655,0.018,0.002,0.001,5505,0.805,0.35,0.65,0,0,0,4918,0.719,0.331,0,0,0.669,0,3818,0.558,0.301,0.699,0,6016,0.879,0.286,0,0,0.714,0,4992,0.729
Ohio,Trumbull,Ohio,1550,0.266,0.692,0.039,0.003,0.001,6287,0.809,0.297,0.703,0,0,0,5217,0.672,0.347,0,0,0.653,0,5182,0.66,0.273,0.727,0,7002,0.881,0.269,0,0,0.731,0,5990,0.754
Ohio,Tuscarawas,Ohio,1570,0.469,0.517,0.012,0.001,0,6064,0.841,0.5,0.5,0,0,0,6068,0.842,0.614,0,0,0.386,0,5175,0.713,0.505,0.495,0,6163,0.844,0.518,0,0,0.482,0,5631,0.771
Ohio,Union,Ohio,1590,0.355,0.555,0.042,0.047,0,3226,0.854,0.419,0.581,0,0,0,2635,0.698,0.437,0,0,0.563,0,2586,0.645,0.361,0.639,0,3496,0.825,0.362,0,0,0.638,0,3093,0.73
Ohio,Van Wert,Ohio,1610,0.481,0.509,0.008,0.002,0,1993,0.878,0.502,0.498,0,0,0,1928,0.849,0.55,0,0,0.45,0,1568,0.625,0.496,0.504,0,2407,0.878,0.496,0,0,0.504,0,2061,0.751
Ohio,Vinton,Ohio,1630,0.488,0.494,0.009,0.009,0,2523,0.84,0.497,0.503,0,0,0,2533,0.843,0.633,0,0,0.367,0,2056,0.637,0.526,0.474,0,2556,0.74,0.542,0,0,0.458,0,2231,0.646
Ohio,Warren,Ohio,1650,0.368,0.606,0.004,0.022,0,5470,0.816,0.38,0.62,0,0,0,4704,0.702,0.297,0,0,0.703,0,4710,0.694,0.292,0.708,0,5521,0.802,0.264,0,0,0.736,0,4854,0.705
Ohio,Washington,Ohio,1670,0.477,0.494,0.002,0.027,0,6417,0.782,0.503,0.497,0,0,0,5622,0.685,0.538,0,0,0.462,0,5656,0.66,0.374,0.626,0,8152,0.912,0.421,0,0,0.579,0,6309,0.706
Ohio,Wayne,Ohio,1690,0.494,0.487,0.017,0.001,0,6575,0.85,0.513,0.487,0,0,0,6451,0.834,0.574,0,0,0.426,0,5188,0.67,0.519,0.481,0,6555,0.845,0.516,0,0,0.484,0,6003,0.774
Ohio,Williams,Ohio,1710,0.389,0.565,0.031,0.01,0.005,3031,0.786,0.442,0.558,0,0,0,2718,0.705,0,0,0,0.485,0.515,2515,0.588,0.397,0.603,0,3574,0.762,0.411,0,0,0.589,0,3347,0.713
Ohio,Wood,Ohio,1730,0.396,0.599,0.004,0.001,0,3360,0.765,0.418,0.582,0,0,0,3044,0.693,0,0,0,0.503,0.497,2769,0.57,0.364,0.636,0,4110,0.773,0.403,0,0,0.597,0,3636,0.684
Ohio,Wyandot,Ohio,1750,0.509,0.477,0.006,0.008,0,3284,0.866,0.457,0.543,0,0,0,3199,0.843,0.596,0,0,0.404,0,2587,0.641,0.521,0.479,0,3609,0.843,0.503,0,0,0.497,0,3178,0.743
Oregon,Baker,Oregon,10,,,,,,,,,,,,,,,,,,,,,,0.533,0.467,0,465,,0.452,0,0,0.548,0,1077,
Oregon,Benton,Oregon,30,0.193,0.279,0.523,0.004,0,724,0.75,0.605,0.395,0,0,0,665,0.689,0.473,0,0,0.527,0,471,,0.507,0.493,0,700,,0.444,0,0,0.556,0,572,
Oregon,Clackamas,Oregon,50,0.197,0.441,0.358,0.003,0,902,0.947,0.478,0.522,0,0,0,846,0.889,0.29,0,0,0.71,0,901,,0.382,0.618,0,952,,0.339,0,0,0.661,0,790,
Oregon,Clatsop,Oregon,70,0.304,0.464,0.232,0,0,125,0.638,0.508,0.492,0,0,0,128,0.653,0.156,0,0,0.844,0,64,,0.227,0.773,0,181,,0.238,0,0,0.762,0,189,
Oregon,Columbia,Oregon,90,0.264,0.457,0.279,0,0,129,0.672,0.592,0.408,0,0,0,147,0.766,0.431,0,0,0.569,0,116,,0.445,0.555,0,128,,0.516,0,0,0.484,0,126,
Oregon,Coos,Oregon,110,0.484,0.382,0.118,0.016,0,186,0.756,0.529,0.471,0,0,0,138,0.561,0.01,0,0,0.99,0,97,,0.381,0.619,0,168,,0.491,0,0,0.509,0,116,
Oregon,Curry,Oregon,150,0.406,0.247,0.312,0.035,0,170,0.736,0.583,0.417,0,0,0,115,0.498,0.08,0,0,0.92,0,112,,0.26,0.69,0,100,,0.261,0,0,0.739,0,92,
Oregon,Douglas,Oregon,190,0.253,0.282,0.441,0.025,0,1139,1.048,0.57,0.43,0,0,0,970,0.892,0.441,0,0,0.559,0,622,,0.444,0.556,0,1015,,0.393,0,0,0.607,0,837,
Oregon,Jackson,Oregon,290,0.26,0.251,0.432,0.056,0,1563,0.713,0.641,0.359,0,0,0,1294,0.59,0.463,0,0,0.537,0,956,,0.549,0.451,0,1036,,0.53,0,0,0.47,0,951,
Oregon,Josephine,Oregon,330,0.25,0.295,0.419,0.036,0,885,0.783,0.642,0.358,0,0,0,774,0.685,0.523,0,0,0.477,0,484,,0.557,0.443,0,348,,0.536,0,0,0.464,0,375,
Oregon,Lane,Oregon,390,0.137,0.403,0.454,0.007,0,1222,0.962,0.533,0.467,0,0,0,1179,0.928,0.439,0,0,0.561,0,809,,0.506,0.494,0,1186,,0.483,0,0,0.517,0,1019,
Oregon,Linn,Oregon,430,0.199,0.37,0.428,0.003,0,1567,0.874,0.519,0.481,0,0,0,1419,0.791,0.441,0,0,0.559,0,1144,,0.532,0.468,0,1756,,0.488,0,0,0.512,0,1560,
Oregon,Marion,Oregon,470,0.489,0.339,0.162,0.01,0,1761,0.864,0.26,0.74,0,0,0,1409,0.691,0.234,0,0,0.766,0,1199,,0.357,0.643,0,1901,,0.255,0,0,0.745,0,1435,
Oregon,Multnomah,Oregon,510,0.304,0.474,0.218,0.004,0,1197,0.767,0.487,0.513,0,0,0,1223,0.783,0.285,0,0,0.715,0,841,,0.386,0.614,0,1995,,0.292,0,0,0.708,0,1342,
Oregon,Polk,Oregon,530,0.494,0.228,0.272,0.006,0,790,0.819,0.522,0.478,0,0,0,523,0.542,0.269,0,0,0.731,0,480,,0.454,0.546,0,864,,0.417,0,0,0.583,0,792,
Oregon,Tillamook,Oregon,570,0.25,0.344,0.406,0,0,32,0.914,0.565,0.435,0,0,0,23,0.657,0,0,0,1,0,22,,0.312,0.687,0,48,,0.088,0,0,0.912,0,34,
Oregon,Umatilla,Oregon,590,,,,,,,,,,,,,,,,,,,,,,0.565,0.435,0,911,,0.529,0,0,0.471,0,748,
Oregon,Umpqua,Oregon,605,0.239,0.502,0.249,0.01,0,301,0.724,0.378,0.619,0,0,0.003,323,0.776,0.172,0,0,0.828,0,186,,,,,,,,,,,,,
Oregon,Union,Oregon,610,,,,,,,,,,,,,,,,,,,,,,0.556,0.444,0,728,,,0,0,,0,,
Oregon,Wasco,Oregon,650,0.258,0.293,0.445,0.003,0,573,0.665,0.611,0.389,0,0,0,560,0.65,0.31,0,0,0.69,0,981,,0.513,0.487,0,2356,,0.398,0,0,0.602,0,1466,
Oregon,Washington,Oregon,670,0.211,0.564,0.22,0.005,0,635,0.834,0.389,0.611,0,0,0,619,0.813,0.237,0,0,0.763,0,392,,0.326,0.674,0,678,,0.278,0,0,0.722,0,515,
Oregon,Yamhill,Oregon,710,0.25,0.49,0.252,0.008,0,857,1.019,0.418,0.582,0,0,0,807,0.96,0.3,0,0,0.7,0,564,,0.417,0.583,0,834,,0.412,0,0,0.588,0,719,
Pennsylvania,Adams,Pennsylvania,10,0.007,0.501,0.486,0.007,0,5442,0.805,0.493,0.507,0,0,0,5618,0.831,0.541,0,0,0.459,0,5486,0.791,0.536,0.464,0,5628,0.79,0.542,0,0,0.458,0,4877,0.685
Pennsylvania,Allegheny,Pennsylvania,30,0.021,0.681,0.274,0.023,0,24543,0.564,0.32,0.68,0,0,0,22069,0.507,0.396,0,0,0.604,0,20105,0.445,0.366,0.634,0,33933,0.725,0.363,0,0,0.637,0,26946,0.575
Pennsylvania,Armstrong,Pennsylvania,50,0.001,0.608,0.382,0.009,0,5518,0.688,0.455,0.545,0,0,0,6092,0.76,0.531,0,0,0.469,0,4774,0.579,0.477,0.523,0,6737,0.795,0.509,0,0,0.491,0,5216,0.616
Pennsylvania,Beaver,Pennsylvania,70,0.001,0.627,0.36,0.013,0,4507,0.659,0.393,0.607,0,0,0,4258,0.623,0.429,0,0,0.571,0,4042,0.583,0.416,0.584,0,5541,0.789,0.405,0,0,0.595,0,4718,0.672
Pennsylvania,Bedford,Pennsylvania,90,0.003,0.519,0.461,0.018,0,4829,0.828,0.521,0.479,0,0,0,5522,0.947,0.58,0,0,0.42,0,4018,0.672,0.541,0.459,0,5088,0.829,0.581,0,0,0.419,0,4150,0.677
Pennsylvania,Berks,Pennsylvania,110,0.026,0.416,0.549,0.008,0,16111,0.733,0.584,0.416,0,0,0,17104,0.778,0.672,0,0,0.328,0,14920,0.655,0.664,0.336,0,19976,0.847,0.681,0,0,0.319,0,17494,0.742
Pennsylvania,Blair,Pennsylvania,130,0.048,0.615,0.257,0.08,0,4961,0.771,0.441,0.559,0,0,0,5185,0.805,0.476,0,0,0.524,0,4422,0.659,0.449,0.551,0,5978,0.856,0.466,0,0,0.534,0,4743,0.679
Pennsylvania,Bradford,Pennsylvania,150,0.001,0.762,0.235,0.002,0,9310,0.75,0.256,0.744,0,0,0,8919,0.719,0.53,0,0,0.47,0,7610,0.596,0.305,0.695,0,9872,0.752,0.311,0,0,0.689,0,8416,0.641
Pennsylvania,Bucks,Pennsylvania,170,0.04,0.528,0.424,0.008,0,12199,0.746,0.495,0.505,0,0,0,12686,0.776,0.522,0,0,0.478,0,12407,0.74,0.533,0.467,0,13771,0.801,0.539,0,0,0.461,0,12883,0.749
Pennsylvania,Butler,Pennsylvania,190,0.002,0.606,0.388,0.004,0,6007,0.752,0.422,0.578,0,0,0,6026,0.754,0.515,0,0,0.485,0,5460,0.664,0.459,0.541,0,6422,0.76,0.496,0,0,0.504,0,5264,0.623
Pennsylvania,Cambria,Pennsylvania,210,0.026,0.548,0.396,0.03,0,4154,0.588,0.52,0.48,0,0,0,4715,0.667,0.668,0,0,0.332,0,4273,0.564,0.575,0.425,0,5280,0.654,0.623,0,0,0.377,0,4227,0.524
Pennsylvania,Cameron,Pennsylvania,230,,,,,,,,,,,,,,,0.423,0,0,0.577,0,338,,0.417,0.583,0,557,,0.411,0,0,0.589,0,470,
Pennsylvania,Carbon,Pennsylvania,250,0.107,0.51,0.377,0.006,0,3449,0.648,0.522,0.478,0,0,0,3638,0.683,0.633,0,0,0.367,0,2682,0.492,0.567,0.433,0,3972,0.712,0.57,0,0,0.43,0,3410,0.612
Pennsylvania,Centre,Pennsylvania,270,0.005,0.551,0.442,0.003,0,5486,0.853,0.473,0.527,0,0,0,5996,0.932,0.662,0,0,0.338,0,4201,0.632,0.547,0.453,0,6216,0.905,0.561,0,0,0.439,0,5595,0.815
Pennsylvania,Chester,Pennsylvania,290,0.02,0.587,0.378,0.015,0,13244,0.733,0.441,0.559,0,0,0,12863,0.712,0.411,0,0,0.589,0,12112,0.651,0.415,0.585,0,14433,0.754,0.42,0,0,0.58,0,12803,0.669
Pennsylvania,Clarion,Pennsylvania,310,0,0.467,0.53,0.003,0,3919,0.718,0.558,0.442,0,0,0,4062,0.744,0.632,0,0,0.368,0,3715,0.682,0.614,0.386,0,4613,0.848,0.624,0,0,0.376,0,3888,0.715
Pennsylvania,Clearfield,Pennsylvania,330,0,0.478,0.516,0.006,0,3561,0.775,0.492,0.508,0,0,0,3794,0.825,0.628,0,0,0.372,0,3502,0.713,0.649,0.351,0,4317,0.826,0.655,0,0,0.345,0,3778,0.723
Pennsylvania,Clinton,Pennsylvania,350,0.024,0.569,0.408,0,0,3052,0.677,0.497,0.503,0,0,0,3433,0.761,0.55,0,0,0.45,0,2309,0.472,0.562,0.438,0,3801,0.722,0.597,0,0,0.403,0,3314,0.629
Pennsylvania,Columbia,Pennsylvania,370,0.02,0.432,0.545,0.003,0,4339,0.729,0.559,0.441,0,0,0,4429,0.744,0.342,0,0,0.658,0,4287,0.678,0.644,0.356,0,5381,0.804,0.654,0,0,0.346,0,4441,0.664
Pennsylvania,Crawford,Pennsylvania,390,0.007,0.655,0.336,0.002,0,8824,0.742,0.372,0.628,0,0,0,8384,0.705,0.42,0,0,0.58,0,8698,0.698,0.413,0.587,0,10967,0.841,0.421,0,0,0.579,0,8848,0.678
Pennsylvania,Cumberland,Pennsylvania,410,0.004,0.517,0.458,0.021,0,6949,0.742,0.501,0.499,0,0,0,7334,0.783,0.324,0,0,0.676,0,6142,0.634,0.547,0.453,0,7958,0.795,0.528,0,0,0.472,0,7212,0.721
Pennsylvania,Dauphin,Pennsylvania,430,0.027,0.622,0.328,0.023,0,7287,0.662,0.414,0.586,0,0,0,7798,0.708,0.465,0,0,0.535,0,7383,0.639,0.437,0.563,0,9664,0.8,0.446,0,0,0.554,0,8407,0.696
Pennsylvania,Delaware,Pennsylvania,450,0.03,0.621,0.293,0.056,0,5121,0.69,0.408,0.592,0,0,0,4978,0.671,0.348,0,0,0.652,0,4224,0.546,0.369,0.631,0,5809,0.722,0.347,0,0,0.653,0,5336,0.664
Pennsylvania,Elk,Pennsylvania,470,0,0.438,0.562,0,0,930,0.556,0.601,0.399,0,0,0,1045,0.624,0.687,0,0,0.313,0,883,0.486,0.706,0.294,0,1183,0.603,0.732,0,0,0.268,0,896,0.456
Pennsylvania,Erie,Pennsylvania,490,0.002,0.7,0.288,0.01,0,8798,0.701,0.309,0.691,0,0,0,7872,0.627,0.433,0,0,0.567,0,7255,0.552,0.35,0.65,0,10633,0.774,0.354,0,0,0.646,0,8629,0.629
Pennsylvania,Fayette,Pennsylvania,510,0.003,0.498,0.477,0.021,0,6933,0.812,0.488,0.512,0,0,0,6901,0.808,0.573,0,0,0.427,0,6370,0.742,0.562,0.438,0,7347,0.852,0.565,0,0,0.435,0,6292,0.73
Pennsylvania,Forest,Pennsylvania,530,0,0.695,0.305,0,0,154,0.599,,,0,,0,,,0.418,0,0,0.582,0,141,,0.422,0.578,0,147,,0.427,0,0,0.573,0,124,
Pennsylvania,Franklin,Pennsylvania,550,0.084,0.564,0.342,0.01,0,7364,0.79,0.451,0.549,0,0,0,7434,0.797,0.502,0,0,0.498,0,6272,0.664,0.497,0.503,0,7683,0.802,0.496,0,0,0.504,0,6965,0.727
Pennsylvania,Fulton,Pennsylvania,570,0.001,0.451,0.521,0.028,0,1749,0.826,0.541,0.459,0,0,0,1782,0.842,0.584,0,0,0.416,0,1730,0.784,0.566,0.434,0,1600,0.697,0.61,0,0,0.39,0,1316,0.573
Pennsylvania,Greene,Pennsylvania,590,0.006,0.373,0.617,0.004,0,4322,0.811,0.696,0.304,0,0,0,4215,0.791,0.771,0,0,0.229,0,3939,0.724,0.66,0.34,0,4657,0.839,0.672,0,0,0.328,0,4118,0.742
Pennsylvania,Huntingdon,Pennsylvania,610,0.011,0.645,0.339,0.005,0,4788,0.722,0.411,0.589,0,0,0,5163,0.779,0.458,0,0,0.542,0,4360,0.644,0.427,0.573,0,5798,0.839,0.443,0,0,0.557,0,4561,0.66
Pennsylvania,Indiana,Pennsylvania,630,0,0.741,0.255,0.004,0,5279,0.701,0.342,0.658,0,0,0,5443,0.722,0.302,0,0,0.698,0,5109,0.652,0.337,0.663,0,6517,0.802,0.34,0,0,0.66,0,5031,0.619
Pennsylvania,Jefferson,Pennsylvania,650,0.002,0.598,0.398,0.002,0,2849,0.672,0.496,0.504,0,0,0,3712,0.875,0.513,0,0,0.487,0,2927,0.659,0.508,0.492,0,3697,0.796,0.517,0,0,0.483,0,3135,0.675
Pennsylvania,Juniata,Pennsylvania,670,0.001,0.552,0.424,0.023,0,2705,0.721,0.476,0.524,0,0,0,2961,0.789,0.645,0,0,0.355,0,2611,0.666,0.55,0.45,0,3190,0.78,0.564,0,0,0.436,0,2848,0.697
Pennsylvania,Lancaster,Pennsylvania,710,0.037,0.679,0.261,0.022,0,19656,0.701,0,0.965,0,0,0,13434,0.479,0.373,0,0,0.627,0,17824,0.617,0.37,0.63,0,22957,0.771,0.39,0,0,0.61,0,18362,0.616
Pennsylvania,Lawrence,Pennsylvania,730,0.004,0.779,0.209,0.008,0,3772,0.726,0.413,0.587,0,0,0,3260,0.628,0.275,0,0,0.725,0,3653,0.695,0.29,0.71,0,4797,0.901,0.288,0,0,0.712,0,4205,0.79
Pennsylvania,Lebanon,Pennsylvania,750,0.002,0.656,0.325,0.017,0,5898,0.764,0.352,0.648,0,0,0,6006,0.778,0.42,0,0,0.58,0,5243,0.653,0.424,0.576,0,6559,0.786,0.424,0,0,0.576,0,5920,0.709
Pennsylvania,Lehigh,Pennsylvania,770,0.017,0.493,0.484,0.006,0,8461,0.758,0.515,0.485,0,0,0,8696,0.779,0.621,0,0,0.379,0,7530,0.638,0.602,0.398,0,9828,0.79,0.613,0,0,0.387,0,8647,0.695
Pennsylvania,Luzerne,Pennsylvania,790,0,0.518,0.482,0,0,14103,0.622,0.451,0.549,0,0,0,13577,0.599,0.601,0,0,0.399,0,14300,0.589,0.568,0.432,0,17690,0.685,0.575,0,0,0.425,0,13679,0.529
Pennsylvania,Lycoming,Pennsylvania,810,0.03,0.566,0.389,0.015,0,6174,0.671,0.473,0.527,0,0,0,6607,0.718,0.593,0,0,0.407,0,6211,0.632,0.553,0.447,0,7608,0.728,0.565,0,0,0.435,0,6533,0.625
Pennsylvania,Mckean,Pennsylvania,830,0,0.645,0.354,0.001,0,1670,0.693,0.397,0.603,0,0,0,1727,0.717,0.457,0,0,0.543,0,1235,0.47,0.459,0.541,0,1419,0.499,0.474,0,0,0.526,0,1223,0.43
Pennsylvania,Mercer,Pennsylvania,850,0,0.597,0.395,0.008,0,6452,0.766,0.495,0.505,0,0,0,6220,0.738,0.476,0,0,0.524,0,6495,0.756,0.458,0.542,0,7789,0.89,0.453,0,0,0.547,0,6850,0.783
Pennsylvania,Mifflin,Pennsylvania,870,0.028,0.565,0.395,0.012,0,3009,0.805,0.454,0.546,0,0,0,3210,0.859,0.483,0,0,0.517,0,2829,0.746,0.511,0.489,0,3361,0.875,0.5,0,0,0.5,0,2813,0.732
Pennsylvania,Monroe,Pennsylvania,890,0.121,0.352,0.526,0,0,2397,0.61,0.717,0.283,0,0,0,2900,0.738,0.817,0,0,0.183,0,2524,0.614,0.798,0.202,0,3383,0.788,0.833,0,0,0.167,0,2476,0.577
Pennsylvania,Montgomery,Pennsylvania,910,0.04,0.462,0.443,0.055,0,12615,0.691,0.529,0.471,0,0,0,12323,0.675,0.559,0,0,0.441,0,11878,0.628,0.536,0.464,0,14815,0.757,0.544,0,0,0.456,0,13861,0.709
Pennsylvania,Montour,Pennsylvania,930,0.145,0.486,0.367,0.002,0,2144,0.65,0.519,0.481,0,0,0,2186,0.663,0.406,0,0,0.594,0,1990,0.6,0.57,0.43,0,2626,0.787,0.589,0,0,0.411,0,2220,0.665
Pennsylvania,Northampton,Pennsylvania,950,0.013,0.44,0.527,0.02,0,8722,0.738,0.576,0.424,0,0,0,8509,0.72,0.835,0,0,0.165,0,5246,0.43,0.651,0.349,0,10670,0.849,0.667,0,0,0.333,0,8477,0.675
Pennsylvania,Northumberland,Pennsylvania,970,0.02,0.495,0.471,0.015,0,4897,0.703,0.525,0.475,0,0,0,5356,0.769,0.596,0,0,0.404,0,5174,0.707,0.553,0.447,0,6523,0.85,0.571,0,0,0.429,0,5703,0.743
Pennsylvania,Perry,Pennsylvania,990,0.002,0.57,0.419,0.009,0,4160,0.781,0.413,0.587,0,0,0,4510,0.847,0.149,0,0,0.851,0,3880,0.706,0.504,0.496,0,4852,0.857,0.489,0,0,0.511,0,4384,0.775
Pennsylvania,Philadelphia,Pennsylvania,1010,0.12,0.508,0.28,0.092,0,77247,0.552,0.443,0.485,0,0.072,0,81548,0.583,0.481,0,0,0.519,0,69008,0.467,0.441,0.559,0,99829,0.643,0.451,0,0,0.549,0,88833,0.572
Pennsylvania,Pike,Pennsylvania,1030,0,0.314,0.685,0.001,0,1213,0.666,0.719,0.281,0,0,0,1116,0.613,0.953,0,0,0.047,0,809,0.435,0.819,0.181,0,1440,0.759,0.856,0,0,0.144,0,1044,0.55
Pennsylvania,Potter,Pennsylvania,1050,0,0.748,0.252,0,0,2066,0.697,0.29,0.71,0,0,0,1973,0.666,0.28,0,0,0.72,0,1503,0.462,0.329,0.671,0,2070,0.583,0.372,0,0,0.628,0,1566,0.441
Pennsylvania,Schuylkill,Pennsylvania,1070,0.032,0.578,0.379,0.011,0,13097,0.628,0.472,0.528,0,0,0,14319,0.687,0.562,0,0,0.438,0,12514,0.568,0.549,0.451,0,17391,0.748,0.545,0,0,0.455,0,15863,0.682
Pennsylvania,Snyder,Pennsylvania,1090,0.023,0.632,0.343,0.002,0,2653,0.784,0.395,0.605,0,0,0,2830,0.837,0.444,0,0,0.556,0,2846,,0.449,0.551,0,3047,,0.457,0,0,0.543,0,2682,
Pennsylvania,Soldier Vote,Pennsylvania,9999,,,,,,,,,,,,,,,,,,,,,,,,,,,0.245,,,0.755,,7537,
Pennsylvania,Somerset,Pennsylvania,1110,0,0.731,0.267,0.002,0,4404,0.762,0.314,0.686,0,0,0,4342,0.751,0.387,0,0,0.613,0,3883,0.664,0.381,0.619,0,4507,0.761,0.388,0,0,0.612,0,4104,0.693
Pennsylvania,Sullivan,Pennsylvania,1130,0,0.463,0.536,0.001,0,927,0.68,0.585,0.415,0,0,0,931,0.683,0.316,0,0,0.684,0,890,0.608,0.641,0.359,0,1029,0.658,0.661,0,0,0.339,0,941,0.602
Pennsylvania,Susquehanna,Pennsylvania,1150,0,0.636,0.363,0.001,0,7026,0.758,0.365,0.635,0,0,0,6546,0.706,0.417,0,0,0.583,0,6749,0.698,0.413,0.587,0,7162,0.711,0.431,0,0,0.569,0,5832,0.579
Pennsylvania,Tioga,Pennsylvania,1170,0.002,0.786,0.211,0.001,0,6051,0.77,0.241,0.759,0,0,0,5441,0.692,0.286,0,0,0.714,0,3903,0.473,0.253,0.747,0,6257,0.725,0.248,0,0,0.752,0,5206,0.603
Pennsylvania,Union,Pennsylvania,1190,0.01,0.683,0.304,0.002,0,2670,0.781,0.347,0.653,0,0,0,2810,0.822,0.428,0,0,0.572,0,2725,0.927,0.41,0.59,0,3297,1.338,0.409,0,0,0.591,0,3071,1.246
Pennsylvania,Venango,Pennsylvania,1210,0.001,0.58,0.418,0.001,0,4624,0.759,0.453,0.547,0,0,0,4738,0.777,0.491,0,0,0.509,0,5082,0.784,0.465,0.535,0,7190,1.046,0.472,0,0,0.528,0,5706,0.83
Pennsylvania,Warren,Pennsylvania,1230,0.001,0.677,0.322,0,0,3375,0.65,0.355,0.645,0,0,0,3249,0.626,0.397,0,0,0.603,0,3135,0.567,0.372,0.628,0,4046,0.69,0.389,0,0,0.611,0,3290,0.561
Pennsylvania,Washington,Pennsylvania,1250,0.001,0.537,0.452,0.01,0,8798,0.813,0.482,0.518,0,0,0,8934,0.826,0.533,0,0,0.467,0,7897,0.726,0.48,0.52,0,9530,0.871,0.48,0,0,0.52,0,8798,0.804
Pennsylvania,Wayne,Pennsylvania,1270,0,0.522,0.478,0,0,5477,0.666,0.493,0.507,0,0,0,5141,0.625,0.921,0,0,0.079,0,3007,0.349,0.637,0.363,0,6263,0.696,0.616,0,0,0.384,0,3984,0.442
Pennsylvania,Westmoreland,Pennsylvania,1290,0.001,0.503,0.494,0.001,0,9709,0.772,0.513,0.487,0,0,0,9995,0.795,0.575,0,0,0.425,0,8764,0.709,0.562,0.438,0,10627,0.875,0.583,0,0,0.417,0,8883,0.732
Pennsylvania,Wyoming,Pennsylvania,1310,0.003,0.508,0.489,0,0,2531,0.828,0.508,0.492,0,0,0,2551,0.835,0.455,0,0,0.545,0,2446,0.784,0.512,0.488,0,2739,0.86,0.522,0,0,0.478,0,2432,0.764
Pennsylvania,York,Pennsylvania,1330,0.048,0.436,0.467,0.049,0,11761,0.718,0.547,0.453,0,0,0,11937,0.729,0.614,0,0,0.386,0,11689,0.689,0.604,0.396,0,14068,0.802,0.601,0,0,0.399,0,12362,0.704
Rhode Island,Bristol,Rhode Island,10,0,0.591,0.409,0,0,1129,0.465,0,0.514,0,0.484,0.002,1254,0.517,0.433,0.566,0,0,0.001,1055,0.436,0.365,0.635,0,1229,0.509,0,0.996,0,0,0.004,525,0.218
Rhode Island,Kent,Rhode Island,30,0,0.655,0.345,0,0,1903,0.423,0,0.479,0,0.521,0,2322,0.51,0.369,0.631,0,0,0,2040,0.438,0.374,0.626,0,2180,0.463,0,0.531,0,0,0.006,162,0.034
Rhode Island,Newport,Rhode Island,50,0,0.647,0.353,0,0,2489,0.437,0,0.498,0,0.502,0,2647,0.46,0.47,0.527,0,0,0.003,2027,0.346,0.323,0.677,0,2617,0.442,0,0.971,0,0,0.014,1191,0.199
Rhode Island,Providence,Rhode Island,70,0,0.596,0.404,0,0,12077,0.417,0,0.462,0,0.537,0.001,13165,0.447,0.428,0.563,0,0,0.008,10957,0.359,0.397,0.603,0,13521,0.435,0,0.859,0,0,0.006,5844,0.185
Rhode Island,Soldier Vote,Rhode Island,9999,,,,,,,,,,,,,,,,,,,,,,0.274,0.726,0,905,,0,,0,0,,,
Rhode Island,Washington,Rhode Island,90,0,0.646,0.354,0,0,2353,0.485,0,0.531,0,0.469,0.001,2557,0.521,0.372,0.626,0,0,0.002,2370,0.473,0.38,0.62,0,2615,0.516,0,0.761,0,0,0,1686,0.329
South Carolina,Barnwell,South Carolina,110,,,,,,,,0,0,0,0,1,2304,0.822,,,,,,,,,,,,,,,,,,,
South Carolina,Beaufort,South Carolina,130,,,,,,,,0,0,0,0,1,504,0.32,,,,,,,,,,,,,,,,,,,
South Carolina,Colleton,South Carolina,290,,,,,,,,0,0,0,0,1,1047,0.496,,,,,,,,,,,,,,,,,,,
Tennessee,Anderson,Tennessee,10,0.031,0,0.345,0.625,0,983,0.75,,,,,,,,,,,,,,,0,1,0,1100,0.825,0,0,0.034,0.337,0.63,713,0.533
Tennessee,Bedford,Tennessee,30,0.012,0,0.474,0.514,0,2930,0.9,,,,,,,,,,,,,,,,,,,,,,0.897,0.103,0,1690,0.515
Tennessee,Benton,Tennessee,50,0.004,0,0.609,0.386,0,1170,0.608,,,,,,,,,,,,,,,,,,,,,,0.44,0.56,0,282,0.122
Tennessee,Bledsoe,Tennessee,70,0.066,0,0.307,0.627,0,576,0.759,,,,,,,,,,,,,,,,,,,,,,0.043,0.957,0,301,0.468
Tennessee,Blount,Tennessee,90,0.025,0,0.309,0.666,0,1894,0.756,,,,,,,,,,,,,,,0,1,0,1200,0.467,0,0,0.508,0.244,0.248,1457,0.564
Tennessee,Bradley,Tennessee,110,0.17,0,0.429,0.401,0,1770,0.811,,,,,,,,,,,,,,,0,1,0,1478,0.697,0,0,0.642,0.245,0.113,1009,0.479
Tennessee,Campbell,Tennessee,130,0.03,0,0.427,0.543,0,635,0.551,,,,,,,,,,,,,,,0,1,0,649,0.536,0,0,0.078,0.747,0.175,739,0.604
Tennessee,Cannon,Tennessee,150,0.014,0,0.665,0.321,0,1387,0.786,,,,,,,,,,,,,,,,,,,,,,0.971,0.029,0,416,0.227
Tennessee,Carroll,Tennessee,170,0.053,0,0.302,0.645,0,2436,0.813,,,,,,,,,,,,,,,,,,,,,,0.024,0.976,0,1028,0.326
Tennessee,Carter,Tennessee,190,0.014,0,0.19,0.796,0,1079,0.778,,,,,,,,,,,,,,,,,,,,,,0.231,0.743,0.026,853,0.575
Tennessee,Cheatham,Tennessee,210,,,,,,,,,,,,,,,,,,,,,,,,,,,,,0.699,0.301,0,405,
Tennessee,Claiborne,Tennessee,250,0.007,0,0.535,0.458,0,1342,0.741,,,,,,,,,,,,,,,,,,,,,,0,0.748,0.252,803,0.424
Tennessee,Cocke,Tennessee,290,0.01,0,0.333,0.657,0,1420,0.714,,,,,,,,,,,,,,,,,,,,,,0.124,0.171,0.705,760,0.338
Tennessee,Coffee,Tennessee,310,0.005,0,0.749,0.246,0,1469,0.858,,,,,,,,,,,,,,,0,1,0,124,0.068,0,0,0.984,0.016,0,833,0.447
Tennessee,Cumberland,Tennessee,350,0.008,0,0.471,0.521,0,501,0.698,,,,,,,,,,,,,,,0.072,0.928,0,663,,0,0,0,1,0,124,
Tennessee,Davidson,Tennessee,370,0.057,0,0.365,0.578,0,6665,0.74,,,,,,,,,,,,,,,0.019,0.981,0,1342,0.133,0,0,0.662,0.338,0,3318,0.32
Tennessee,De Kalb,Tennessee,410,0.008,0,0.561,0.431,0,1572,0.805,,,,,,,,,,,,,,,,,,,,,,0.443,0.553,0.003,920,0.434
Tennessee,Decatur,Tennessee,390,0.088,0,0.395,0.516,0,916,0.761,,,,,,,,,,,,,,,,,,,,,,,,,,
Tennessee,Dickson,Tennessee,430,0.067,0,0.6,0.333,0,1281,0.729,,,,,,,,,,,,,,,,,,,,,,0.624,0.376,0,396,0.202
Tennessee,Dyer,Tennessee,450,0.11,0,0.321,0.569,0,1402,0.781,,,,,,,,,,,,,,,,,,,,,,0.27,0.73,0,366,0.169
Tennessee,Fayette,Tennessee,470,0.309,0,0.191,0.5,0,1905,0.841,,,,,,,,,,,,,,,,,,,,,,,,,,
Tennessee,Fentress,Tennessee,490,0.023,0,0.76,0.218,0,708,0.749,,,,,,,,,,,,,,,,,,,,,,0,0.994,0.006,164,0.163
Tennessee,Franklin,Tennessee,510,0.013,0,0.787,0.2,0,1940,0.9,,,,,,,,,,,,,,,,,,,,,,1,0,0,524,0.248
Tennessee,Gibson,Tennessee,530,0.076,0,0.326,0.599,0,3189,0.886,,,,,,,,,,,,,,,,,,,,,,0.307,0.693,0,784,0.206
Tennessee,Giles,Tennessee,550,0.03,0,0.519,0.451,0,2910,0.846,,,,,,,,,,,,,,,,,,,,,,1,0,0,1063,0.307
Tennessee,Grainger,Tennessee,570,0.01,0,0.385,0.605,0,1731,0.849,,,,,,,,,,,,,,,,,,,,,,0.421,0.236,0.344,815,0.412
Tennessee,Greene,Tennessee,590,0.012,0,0.654,0.334,0,3140,0.851,,,,,,,,,,,,,,,0,1,0,800,0.21,0,0,0.568,0.426,0.006,1736,0.453
Tennessee,Grundy,Tennessee,610,0,0,0.853,0.147,0,505,0.832,,,,,,,,,,,,,,,,,,,,,,0.724,0.276,0,250,0.378
Tennessee,Hamilton,Tennessee,650,0.08,0,0.398,0.521,0,2058,0.799,,,,,,,,,,,,,,,0,1,0,761,0.267,0,0,0.004,0.859,0.137,990,0.338
Tennessee,Hancock,Tennessee,670,0.022,0,0.601,0.377,0,820,0.635,,,,,,,,,,,,,,,,,,,,,,0.581,0.28,0.14,422,0.3
Tennessee,Hardeman,Tennessee,690,0.363,0,0.267,0.369,0,2076,0.829,,,,,,,,,,,,,,,,,,,,,,0.235,0.009,0.755,319,0.121
Tennessee,Hardin,Tennessee,710,0.093,0,0.469,0.438,0,1531,0.785,,,,,,,,,,,,,,,,,,,,,,0.145,0.855,0,571,0.285
Tennessee,Hawkins,Tennessee,730,0.038,0,0.5,0.462,0,2309,0.78,,,,,,,,,,,,,,,,,,,,,,0.774,0.188,0.038,956,0.289
Tennessee,Haywood,Tennessee,750,0.267,0,0.211,0.522,0,1696,0.835,,,,,,,,,,,,,,,,,,,,,,0.544,0.024,0.432,588,0.282
Tennessee,Henderson,Tennessee,770,0.038,0,0.316,0.645,0,1931,0.826,,,,,,,,,,,,,,,,,,,,,,,,,,
Tennessee,Henry,Tennessee,790,0.009,0,0.665,0.326,0,2720,0.888,,,,,,,,,,,,,,,,,,,,,,0.54,0.46,0,667,0.207
Tennessee,Hickman,Tennessee,810,0.012,0,0.787,0.201,0,1356,0.878,,,,,,,,,,,,,,,,,,,,,,0.43,0.57,0,251,0.161
Tennessee,Humphreys,Tennessee,850,0.014,0,0.642,0.344,0,1018,0.485,,,,,,,,,,,,,,,,,,,,,,0.997,0.003,0,392,0.149
Tennessee,Jackson,Tennessee,870,0.015,0,0.464,0.522,0,2265,1.065,,,,,,,,,,,,,,,,,,,,,,0.096,0.255,0.649,795,0.429
Tennessee,Jefferson,Tennessee,890,0.015,0,0.291,0.694,0,2341,0.793,,,,,,,,,,,,,,,0,1,0,566,0.176,0,0,0.235,0.688,0.077,1421,0.433
Tennessee,Johnson,Tennessee,910,0.006,0,0.215,0.779,0,652,0.667,,,,,,,,,,,,,,,,,,,,,,0.453,0.547,0,490,0.439
Tennessee,Knox,Tennessee,930,0.037,0,0.244,0.719,0,3438,0.712,,,,,,,,,,,,,,,0,1,0,2537,0.469,0,0,0.175,0.724,0.1,2354,0.424
Tennessee,Lauderdale,Tennessee,970,0.289,0,0.184,0.527,0,935,0.839,,,,,,,,,,,,,,,,,,,,,,0.803,0.197,0,229,0.177
Tennessee,Lawrence,Tennessee,990,0.048,0,0.567,0.386,0,1218,0.748,,,,,,,,,,,,,,,,,,,,,,0.232,0.768,0,436,0.265
Tennessee,Lewis,Tennessee,1010,0.026,0,0.842,0.132,0,303,0.748,,,,,,,,,,,,,,,,,,,,,,0.078,0.922,0,64,0.252
Tennessee,Lincoln,Tennessee,1030,0.09,0,0.751,0.159,0,3252,0.932,,,,,,,,,,,,,,,,,,,,,,1,0,0,1504,0.439
Tennessee,Loudon,Tennessee,1050,,,,,,,,,,,,,,,,,,,,,,0,1,0,142,,0,0,,,,,
Tennessee,Macon,Tennessee,1110,0.026,0,0.422,0.552,0,1020,0.739,,,,,,,,,,,,,,,,,,,,,,0.092,0.905,0.003,391,0.275
Tennessee,Madison,Tennessee,1130,0.184,0,0.197,0.618,0,2330,0.814,,,,,,,,,,,,,,,,,,,,,,0.757,0.007,0.236,403,0.142
Tennessee,Marion,Tennessee,1150,0.062,0,0.385,0.553,0,901,0.75,,,,,,,,,,,,,,,,,,,,,,0.007,0.993,0,299,0.24
Tennessee,Marshall,Tennessee,1170,0.021,0,0.653,0.326,0,2031,0.897,,,,,,,,,,,,,,,,,,,,,,0.997,0.003,0,1025,0.478
Tennessee,Maury,Tennessee,1190,0.02,0,0.536,0.444,0,3228,0.788,,,,,,,,,,,,,,,,,,,,,,0.603,0.397,0,1042,0.24
Tennessee,Mcminn,Tennessee,1070,0.067,0,0.465,0.468,0,2105,0.865,,,,,,,,,,,,,,,0,1,0,1000,0.42,0,0,0.114,0.74,0.146,1257,0.531
Tennessee,Mcnairy,Tennessee,1090,0.248,0,0.238,0.514,0,2071,0.763,,,,,,,,,,,,,,,,,,,,,,0.968,0.01,0.022,405,0.142
Tennessee,Meigs,Tennessee,1210,0.116,0,0.686,0.198,0,759,0.891,,,,,,,,,,,,,,,,,,,,,,0.133,0.864,0.003,324,0.392
Tennessee,Monroe,Tennessee,1230,0.025,0,0.532,0.443,0,2066,0.895,,,,,,,,,,,,,,,,,,,,,,0.088,0.556,0.356,1127,0.471
Tennessee,Montgomery,Tennessee,1250,0.037,0,0.407,0.556,0,2563,0.862,,,,,,,,,,,,,,,0,1,0,45,0.015,0,0,0.899,0.101,0,486,0.159
Tennessee,Morgan,Tennessee,1290,0.106,0,0.505,0.389,0,432,0.643,,,,,,,,,,,,,,,,,,,,,,0.112,0.241,0.647,249,0.377
Tennessee,Obion,Tennessee,1310,0.095,0,0.51,0.395,0,1736,0.724,,,,,,,,,,,,,,,,,,,,,,0.508,0.492,0,433,0.148
Tennessee,Overton,Tennessee,1330,0.022,0,0.766,0.213,0,1851,0.801,,,,,,,,,,,,,,,,,,,,,,,,,,
Tennessee,Perry,Tennessee,1350,0.02,0,0.559,0.42,0,930,0.83,,,,,,,,,,,,,,,,,,,,,,0.038,0.962,0,159,0.138
Tennessee,Polk,Tennessee,1390,0.049,0,0.643,0.308,0,1284,0.701,,,,,,,,,,,,,,,,,,,,,,0.346,0.143,0.511,231,0.108
Tennessee,Putnam,Tennessee,1410,,,,,,,,,,,,,,,,,,,,,,,,,,,,,0.404,0.523,0.072,621,
Tennessee,Rhea,Tennessee,1430,0.034,0,0.552,0.413,0,699,0.782,,,,,,,,,,,,,,,,,,,,,,,,,,
Tennessee,Roane,Tennessee,1450,0.022,0,0.422,0.556,0,1987,0.801,,,,,,,,,,,,,,,0,1,0,900,0.345,0,0,0.047,0.762,0.191,1202,0.455
Tennessee,Robertson,Tennessee,1470,0.034,0,0.401,0.565,0,2318,0.943,,,,,,,,,,,,,,,,,,,,,,0.969,0.031,0,807,0.328
Tennessee,Rutherford,Tennessee,1490,0.007,0,0.491,0.502,0,3065,0.892,,,,,,,,,,,,,,,,,,,,,,0.995,0.005,0,832,0.251
Tennessee,Scott,Tennessee,1510,0.002,0,0.378,0.619,0,407,0.62,,,,,,,,,,,,,,,,,,,,,,0,0.39,0.61,295,0.369
Tennessee,Sequatchie,Tennessee,1530,0.091,0,0.339,0.57,0,307,0.779,,,,,,,,,,,,,,,,,,,,,,0,1,0,45,
Tennessee,Sevier,Tennessee,1550,0.006,0,0.15,0.844,0,1226,0.729,,,,,,,,,,,,,,,0,1,0,700,0.374,0,0,0.271,0.35,0.379,1061,0.552
Tennessee,Shelby,Tennessee,1570,0.438,0,0.11,0.451,0,6751,0.606,,,,,,,,,,,,,,,0.015,0.985,0,1603,0.116,0,0,0.39,0.391,0.219,1420,0.098
Tennessee,Smith,Tennessee,1590,0.028,0,0.287,0.685,0,2153,0.809,,,,,,,,,,,,,,,,,,,,,,0.315,0.567,0.118,839,0.324
Tennessee,Soldier Vote,Tennessee,9999,,,,,,,,,,,,,,,,,,,,,,0.013,0.987,0,1535,,0,0,0.267,0.551,0.182,2383,
Tennessee,Stewart,Tennessee,1610,0.031,0,0.545,0.424,0,1442,0.806,,,,,,,,,,,,,,,,,,,,,,0.993,0.007,0,732,0.384
Tennessee,Sullivan,Tennessee,1630,0.032,0,0.714,0.253,0,2124,0.795,,,,,,,,,,,,,,,,,,,,,,0.424,0.494,0.082,622,0.214
Tennessee,Sumner,Tennessee,1650,0.056,0,0.618,0.325,0,2713,0.783,,,,,,,,,,,,,,,0.101,0.899,0,119,0.033,0,0,0.919,0.081,0,1085,0.299
Tennessee,Tipton,Tennessee,1670,0.524,0,0.085,0.391,0,1074,0.827,,,,,,,,,,,,,,,,,,,,,,0.132,0.102,0.766,205,0.143
Tennessee,Union,Tennessee,1730,,,,,,,,,,,,,,,,,,,,,,,,,,,,,0,0.842,0.158,715,
Tennessee,Van Buren,Tennessee,1750,0.038,0,0.594,0.368,0,315,0.686,,,,,,,,,,,,,,,,,,,,,,0.819,0.181,0,160,0.352
Tennessee,Warren,Tennessee,1770,0.009,0,0.757,0.234,0,1612,0.852,,,,,,,,,,,,,,,,,,,,,,0.824,0.176,0,700,0.352
Tennessee,Washington,Tennessee,1790,0.026,0,0.564,0.41,0,2360,0.806,,,,,,,,,,,,,,,,,,,,,,0.193,0.801,0.006,973,0.311
Tennessee,Wayne,Tennessee,1810,0.063,0,0.336,0.601,0,1166,0.721,,,,,,,,,,,,,,,,,,,,,,0.134,0.866,0,553,0.32
Tennessee,Weakley,Tennessee,1830,0.053,0,0.565,0.381,0,2361,0.711,,,,,,,,,,,,,,,,,,,,,,0.527,0.473,0,1074,0.284
Tennessee,White,Tennessee,1850,0.019,0,0.464,0.517,0,1477,0.84,,,,,,,,,,,,,,,,,,,,,,0.818,0.179,0.003,664,0.414
Tennessee,Williamson,Tennessee,1870,0.013,0,0.33,0.657,0,2416,0.898,,,,,,,,,,,,,,,,,,,,,,0.824,0.176,0,952,0.382
Tennessee,Wilson,Tennessee,1890,0.018,0,0.338,0.644,0,3451,0.836,,,,,,,,,,,,,,,,,,,,,,0.879,0.121,0,1490,0.363
Texas,Anderson,Texas,10,0,0,0.117,0.883,0,966,0.612,,,,,,,,,,,,,,,,,,,,,,,,,,
Texas,Angelina,Texas,50,0,0,0.364,0.636,0,335,0.421,,,,,,,,,,,,,,,,,,,,,,,,,,
Texas,Atascosa,Texas,130,0,0,0.098,0.902,0,215,0.546,,,,,,,,,,,,,,,,,,,,,,,,,,
Texas,Austin,Texas,150,0,0,0.301,0.699,0,827,0.478,,,,,,,,,,,,,,,,,,,,,,,,,,
Texas,Bandera,Texas,190,0,0,0.842,0.158,0,38,0.38,,,,,,,,,,,,,,,,,,,,,,,,,,
Texas,Bastrop,Texas,210,0,0,0.315,0.685,0,632,0.583,,,,,,,,,,,,,,,,,,,,,,,,,,
Texas,Bell,Texas,270,0,0,0.283,0.717,0,678,0.762,,,,,,,,,,,,,,,,,,,,,,,,,,
Texas,Bexar,Texas,290,0,0,0.229,0.771,0,1279,0.326,,,,,,,,,,,,,,,,,,,,,,,,,,
Texas,Blanco,Texas,310,0,0,0.171,0.829,0,164,,,,,,,,,,,,,,,,,,,,,,,,,,,
Texas,Bosque,Texas,350,0,0,0.174,0.826,0,264,0.618,,,,,,,,,,,,,,,,,,,,,,,,,,
Texas,Bowie,Texas,370,0,0,0.28,0.72,0,450,0.723,,,,,,,,,,,,,,,,,,,,,,,,,,
Texas,Brazoria,Texas,390,0,0,0.143,0.857,0,455,0.704,,,,,,,,,,,,,,,,,,,,,,,,,,
Texas,Brazos,Texas,410,0,0,0.044,0.956,0,296,0.623,,,,,,,,,,,,,,,,,,,,,,,,,,
Texas,Brown,Texas,490,0,0,0.187,0.812,0,48,0.727,,,,,,,,,,,,,,,,,,,,,,,,,,
Texas,Burleson,Texas,510,0,0,0.179,0.821,0,616,0.691,,,,,,,,,,,,,,,,,,,,,,,,,,
Texas,Burnet,Texas,530,0,0,0.479,0.521,0,284,0.576,,,,,,,,,,,,,,,,,,,,,,,,,,
Texas,Caldwell,Texas,550,0,0,0.231,0.762,0.007,555,0.799,,,,,,,,,,,,,,,,,,,,,,,,,,
Texas,Calhoun,Texas,570,0,0,0.258,0.742,0,472,0.616,,,,,,,,,,,,,,,,,,,,,,,,,,
Texas,Cameron,Texas,610,0,0,0.197,0.803,0,417,0.212,,,,,,,,,,,,,,,,,,,,,,,,,,
Texas,Cass/Davis,Texas,670,0,0,0.304,0.696,0,770,0.675,,,,,,,,,,,,,,,,,,,,,,,,,,
Texas,Cherokee,Texas,730,0,0,0.148,0.852,0,1066,0.559,,,,,,,,,,,,,,,,,,,,,,,,,,
Texas,Collin,Texas,850,0,0,0.398,0.602,0,1009,0.517,,,,,,,,,,,,,,,,,,,,,,,,,,
Texas,Colorado,Texas,890,0,0,0.409,0.591,0,963,0.764,,,,,,,,,,,,,,,,,,,,,,,,,,
Texas,Comal,Texas,910,0,0,0.099,0.901,0,223,0.236,,,,,,,,,,,,,,,,,,,,,,,,,,
Texas,Comanche,Texas,930,0,0,0.08,0.92,0,113,0.769,,,,,,,,,,,,,,,,,,,,,,,,,,
Texas,Cooke,Texas,970,0,0,0.339,0.661,0,401,0.499,,,,,,,,,,,,,,,,,,,,,,,,,,
Texas,Coryell,Texas,990,0,0,0.254,0.746,0,335,0.619,,,,,,,,,,,,,,,,,,,,,,,,,,
Texas,Dallas,Texas,1130,0,0,0.24,0.76,0,1143,0.593,,,,,,,,,,,,,,,,,,,,,,,,,,
Texas,De Witt,Texas,1230,0,0,0.145,0.855,0,574,0.655,,,,,,,,,,,,,,,,,,,,,,,,,,
Texas,Denton,Texas,1210,0,0,0.244,0.756,0,775,0.672,,,,,,,,,,,,,,,,,,,,,,,,,,
Texas,El Paso,Texas,1410,0,0,0.01,0.99,0,1053,0.736,,,,,,,,,,,,,,,,,,,,,,,,,,
Texas,Ellis,Texas,1390,0,0,0.331,0.669,0,622,0.594,,,,,,,,,,,,,,,,,,,,,,,,,,
Texas,Erath,Texas,1430,0,0,0.082,0.918,0,233,0.454,,,,,,,,,,,,,,,,,,,,,,,,,,
Texas,Falls,Texas,1450,0,0,0.346,0.654,0,246,0.517,,,,,,,,,,,,,,,,,,,,,,,,,,
Texas,Fannin,Texas,1470,0,0,0.326,0.674,0,1155,0.662,,,,,,,,,,,,,,,,,,,,,,,,,,
Texas,Fayette,Texas,1490,0,0,0.372,0.628,0,1187,0.596,,,,,,,,,,,,,,,,,,,,,,,,,,
Texas,Fort Bend,Texas,1570,0,0,0.095,0.905,0,400,0.621,,,,,,,,,,,,,,,,,,,,,,,,,,
Texas,Freestone,Texas,1610,0,0,0.11,0.89,0,638,0.804,,,,,,,,,,,,,,,,,,,,,,,,,,
Texas,Galveston,Texas,1670,0,0,0.28,0.72,0,1015,0.437,,,,,,,,,,,,,,,,,,,,,,,,,,
Texas,Gillespie,Texas,1710,0,0,0.515,0.485,0,136,0.199,,,,,,,,,,,,,,,,,,,,,,,,,,
Texas,Goliad,Texas,1750,0,0,0.359,0.641,0,379,0.574,,,,,,,,,,,,,,,,,,,,,,,,,,
Texas,Gonzales,Texas,1770,0,0,0.249,0.751,0,862,0.664,,,,,,,,,,,,,,,,,,,,,,,,,,
Texas,Grayson,Texas,1810,0,0,0.362,0.638,0,1217,0.718,,,,,,,,,,,,,,,,,,,,,,,,,,
Texas,Grimes,Texas,1850,0,0,0.251,0.749,0,808,0.614,,,,,,,,,,,,,,,,,,,,,,,,,,
Texas,Guadalupe,Texas,1870,0,0,0.364,0.636,0,385,0.431,,,,,,,,,,,,,,,,,,,,,,,,,,
Texas,Hamilton,Texas,1930,0,0,0.069,0.931,0,116,1.036,,,,,,,,,,,,,,,,,,,,,,,,,,
Texas,Hardin,Texas,1990,0,0,0.065,0.935,0,247,0.895,,,,,,,,,,,,,,,,,,,,,,,,,,
Texas,Harris,Texas,2010,0,0,0.274,0.726,0,1393,0.596,,,,,,,,,,,,,,,,,,,,,,,,,,
Texas,Harrison,Texas,2030,0,0,0.363,0.637,0,1069,0.687,,,,,,,,,,,,,,,,,,,,,,,,,,
Texas,Hays,Texas,2090,0,0,0.446,0.554,0,296,0.884,,,,,,,,,,,,,,,,,,,,,,,,,,
Texas,Henderson,Texas,2130,0,0,0.205,0.795,0,584,0.728,,,,,,,,,,,,,,,,,,,,,,,,,,
Texas,Hidalgo,Texas,2150,0,0,0,1,0,64,0.185,,,,,,,,,,,,,,,,,,,,,,,,,,
Texas,Hill,Texas,2170,0,0,0.246,0.741,0.013,528,0.722,,,,,,,,,,,,,,,,,,,,,,,,,,
Texas,Hopkins,Texas,2230,0,0,0.249,0.747,0.004,1087,0.716,,,,,,,,,,,,,,,,,,,,,,,,,,
Texas,Houston,Texas,2250,0,0,0.223,0.777,0,574,0.457,,,,,,,,,,,,,,,,,,,,,,,,,,
Texas,Hunt,Texas,2310,0,0,0.248,0.752,0,947,0.703,,,,,,,,,,,,,,,,,,,,,,,,,,
Texas,Jack,Texas,2370,0,0,0.257,0.743,0,136,0.564,,,,,,,,,,,,,,,,,,,,,,,,,,
Texas,Jackson,Texas,2390,0,0,0.389,0.611,0,296,0.715,,,,,,,,,,,,,,,,,,,,,,,,,,
Texas,Jasper,Texas,2410,0,0,0.247,0.753,0,356,0.674,,,,,,,,,,,,,,,,,,,,,,,,,,
Texas,Jefferson,Texas,2450,0,0,0.249,0.751,0,342,0.631,,,,,,,,,,,,,,,,,,,,,,,,,,
Texas,Johnson,Texas,2510,0,0,0.08,0.92,0,485,0.528,,,,,,,,,,,,,,,,,,,,,,,,,,
Texas,Karnes,Texas,2550,0,0,0.283,0.717,0,223,0.432,,,,,,,,,,,,,,,,,,,,,,,,,,
Texas,Kaufman,Texas,2570,0,0,0.203,0.797,0,832,1.032,,,,,,,,,,,,,,,,,,,,,,,,,,
Texas,Kerr,Texas,2650,0,0,0.265,0.735,0,117,0.568,,,,,,,,,,,,,,,,,,,,,,,,,,
Texas,Lamar,Texas,2770,0,0,0.296,0.704,0,1123,0.641,,,,,,,,,,,,,,,,,,,,,,,,,,
Texas,Lampasas,Texas,2810,0,0,0.474,0.526,0,152,0.714,,,,,,,,,,,,,,,,,,,,,,,,,,
Texas,Lavaca,Texas,2850,0,0,0.156,0.844,0,706,0.698,,,,,,,,,,,,,,,,,,,,,,,,,,
Texas,Leon,Texas,2890,0,0,0.193,0.807,0,714,0.689,,,,,,,,,,,,,,,,,,,,,,,,,,
Texas,Liberty,Texas,2910,0,0,0.017,0.983,0,351,0.601,,,,,,,,,,,,,,,,,,,,,,,,,,
Texas,Limestone,Texas,2930,0,0,0.077,0.923,0,522,0.63,,,,,,,,,,,,,,,,,,,,,,,,,,
Texas,Live Oak,Texas,2970,0,0,0.075,0.925,0,147,0.98,,,,,,,,,,,,,,,,,,,,,,,,,,
Texas,Llano,Texas,2990,0,0,0.239,0.761,0,201,0.788,,,,,,,,,,,,,,,,,,,,,,,,,,
Texas,Madison,Texas,3130,0,0,0.101,0.899,0,258,0.681,,,,,,,,,,,,,,,,,,,,,,,,,,
Texas,Marion,Texas,3150,0,0,0.292,0.708,0,630,1.038,,,,,,,,,,,,,,,,,,,,,,,,,,
Texas,Mason,Texas,3190,0,0,0.056,0.944,0,18,0.084,,,,,,,,,,,,,,,,,,,,,,,,,,
Texas,Matagorda,Texas,3210,0,0,0.039,0.961,0,203,0.487,,,,,,,,,,,,,,,,,,,,,,,,,,
Texas,Mclennan,Texas,3090,0,0,0.278,0.722,0,726,0.719,,,,,,,,,,,,,,,,,,,,,,,,,,
Texas,Medina,Texas,3250,0,0,0.232,0.768,0,190,0.402,,,,,,,,,,,,,,,,,,,,,,,,,,
Texas,Montague,Texas,3370,0,0,0.211,0.789,0,152,0.8,,,,,,,,,,,,,,,,,,,,,,,,,,
Texas,Montgomery,Texas,3390,0,0,0.301,0.699,0,376,0.58,,,,,,,,,,,,,,,,,,,,,,,,,,
Texas,Nacogdoches,Texas,3470,0,0,0.334,0.666,0,572,0.407,,,,,,,,,,,,,,,,,,,,,,,,,,
Texas,Navarro,Texas,3490,0,0,0.262,0.738,0,668,0.637,,,,,,,,,,,,,,,,,,,,,,,,,,
Texas,Newton,Texas,3510,0,0,0.107,0.893,0,112,0.243,,,,,,,,,,,,,,,,,,,,,,,,,,
Texas,Nueces,Texas,3550,0,0,0.26,0.74,0,169,0.216,,,,,,,,,,,,,,,,,,,,,,,,,,
Texas,Orange,Texas,3610,0,0,0.044,0.956,0,135,0.278,,,,,,,,,,,,,,,,,,,,,,,,,,
Texas,Palo Pinto,Texas,3630,0,0,0.038,0.962,0,158,0.461,,,,,,,,,,,,,,,,,,,,,,,,,,
Texas,Panola,Texas,3650,0,0,0.2,0.8,0,649,0.525,,,,,,,,,,,,,,,,,,,,,,,,,,
Texas,Parker,Texas,3670,0,0,0.176,0.824,0,941,1.061,,,,,,,,,,,,,,,,,,,,,,,,,,
Texas,Polk,Texas,3730,0,0,0.099,0.901,0,624,0.636,,,,,,,,,,,,,,,,,,,,,,,,,,
Texas,Red River,Texas,3870,0,0,0.376,0.624,0,824,0.601,,,,,,,,,,,,,,,,,,,,,,,,,,
Texas,Refugio,Texas,3910,0,0,0.163,0.837,0,196,0.582,,,,,,,,,,,,,,,,,,,,,,,,,,
Texas,Robertson,Texas,3950,0,0,0.22,0.78,0,437,0.631,,,,,,,,,,,,,,,,,,,,,,,,,,
Texas,Rusk,Texas,4010,0,0,0.311,0.689,0,1668,0.742,,,,,,,,,,,,,,,,,,,,,,,,,,
Texas,Sabine,Texas,4030,0,0,0.053,0.947,0,245,0.662,,,,,,,,,,,,,,,,,,,,,,,,,,
Texas,San Augustine,Texas,4050,0,0,0.134,0.866,0,253,0.472,,,,,,,,,,,,,,,,,,,,,,,,,,
Texas,San Patricio,Texas,4090,0,0,0.045,0.955,0,67,0.427,,,,,,,,,,,,,,,,,,,,,,,,,,
Texas,San Saba,Texas,4110,0,0,0.253,0.747,0,154,0.782,,,,,,,,,,,,,,,,,,,,,,,,,,
Texas,Shelby,Texas,4190,0,0,0.173,0.827,0,514,0.594,,,,,,,,,,,,,,,,,,,,,,,,,,
Texas,Smith,Texas,4230,0,0,0.232,0.768,0,1503,0.762,,,,,,,,,,,,,,,,,,,,,,,,,,
Texas,Starr,Texas,4270,0,0,0.726,0.274,0,146,0.195,,,,,,,,,,,,,,,,,,,,,,,,,,
Texas,Tarrant,Texas,4390,0,0,0.252,0.748,0,826,,,,,,,,,,,,,,,,,,,,,,,,,,,
Texas,Titus,Texas,4490,0,0,0.239,0.76,0.001,1163,0.702,,,,,,,,,,,,,,,,,,,,,,,,,,
Texas,Travis,Texas,4530,0,0,0.417,0.583,0,1011,0.764,,,,,,,,,,,,,,,,,,,,,,,,,,
Texas,Trinity,Texas,4550,0,0,0.11,0.89,0,245,0.329,,,,,,,,,,,,,,,,,,,,,,,,,,
Texas,Tyler,Texas,4570,0,0,0.016,0.984,0,504,0.698,,,,,,,,,,,,,,,,,,,,,,,,,,
Texas,Upshur,Texas,4590,0,0,0.261,0.739,0,1279,0.788,,,,,,,,,,,,,,,,,,,,,,,,,,
Texas,Uvalde,Texas,4630,0,0,0.198,0.802,0,101,0.58,,,,,,,,,,,,,,,,,,,,,,,,,,
Texas,Van Zandt,Texas,4670,0,0,0.08,0.92,0,364,0.477,,,,,,,,,,,,,,,,,,,,,,,,,,
Texas,Victoria,Texas,4690,0,0,0.284,0.713,0.003,328,0.413,,,,,,,,,,,,,,,,,,,,,,,,,,
Texas,Walker,Texas,4710,0,0,0.244,0.756,0,660,0.58,,,,,,,,,,,,,,,,,,,,,,,,,,
Texas,Washington,Texas,4770,0,0,0.158,0.842,0,1079,0.535,,,,,,,,,,,,,,,,,,,,,,,,,,
Texas,Webb,Texas,4790,0,0,0.013,0.987,0,77,0.192,,,,,,,,,,,,,,,,,,,,,,,,,,
Texas,Wharton,Texas,4810,0,0,0.089,0.911,0,236,0.996,,,,,,,,,,,,,,,,,,,,,,,,,,
Texas,Williamson,Texas,4910,0,0,0.317,0.683,0,713,0.84,,,,,,,,,,,,,,,,,,,,,,,,,,
Texas,Wilson,Texas,4930,0,0,0.46,0.54,0,87,,,,,,,,,,,,,,,,,,,,,,,,,,,
Texas,Wise,Texas,4970,0,0,0.345,0.655,0,258,0.373,,,,,,,,,,,,,,,,,,,,,,,,,,
Texas,Wood,Texas,4990,0,0,0.328,0.672,0,768,0.867,,,,,,,,,,,,,,,,,,,,,,,,,,
Texas,Young,Texas,5030,0,0,0.1,0.891,0.009,110,0.764,,,,,,,,,,,,,,,,,,,,,,,,,,
Texas,Zapata,Texas,5050,0,0,0,1,0,151,0.774,,,,,,,,,,,,,,,,,,,,,,,,,,
Vermont,Addison,Vermont,10,0.113,0.866,0,0.015,0.006,3034,0.458,0.108,0.892,0,0,0,2734,0.412,0.074,0.909,0,0,0.017,2437,0.283,0.088,0.912,0,3911,0.422,0.093,0,0,0.904,0,2602,0.281
Vermont,Bennington,Vermont,30,0.258,0.704,0,0.034,0.004,2753,0.512,0.293,0.707,0,0,0,2364,0.439,0.401,0.599,0,0,0,2558,0.366,0.304,0.696,0,3354,0.446,0.361,0,0,0.639,0,2566,0.341
Vermont,Caledonia,Vermont,50,0.198,0.73,0,0.065,0.007,2929,0.471,0.136,0.864,0,0,0,2663,0.428,0.357,0.643,0,0,0,2989,0.37,0.29,0.71,0,3846,0.442,0.35,0,0,0.648,0.001,3321,0.382
Vermont,Chittenden,Vermont,70,0.189,0.778,0,0.024,0.009,2880,0.391,0.215,0.785,0,0,0,2944,0.4,0.248,0.718,0,0,0.034,2900,0.303,0.222,0.778,0,4150,0.403,0.24,0,0,0.759,0,3382,0.328
Vermont,Essex,Vermont,90,0.322,0.667,0,0.01,0.001,969,0.572,0.377,0.623,0,0,0,893,0.527,0.193,0.762,0,0,0.044,585,0.266,0.386,0.614,0,998,0.421,0.401,0,0,0.599,0,932,0.393
Vermont,Franklin,Vermont,110,0.195,0.716,0,0.082,0.007,2764,0.412,0.243,0.757,0,0,0,2707,0.404,0.302,0.645,0,0,0.053,2515,0.289,0.301,0.699,0,3845,0.41,0.288,0,0,0.712,0,3032,0.323
Vermont,Grand Isle,Vermont,130,0.19,0.71,0,0.087,0.013,469,0.457,0.255,0.745,0,0,0,419,0.408,0.361,0.617,0,0,0.022,324,0.243,0.312,0.688,0,538,0.374,0.345,0,0,0.654,0.002,537,0.373
Vermont,Lamoille,Vermont,150,0.191,0.784,0,0.023,0.002,1632,0.471,0.224,0.776,0,0,0,1544,0.445,0.264,0.735,0,0,0.002,1840,0.408,0.232,0.768,0,2291,0.472,0.256,0,0,0.744,0,2029,0.418
Vermont,Orange,Vermont,170,0.247,0.689,0,0.054,0.01,3937,0.542,0.356,0.644,0,0,0,4581,0.631,0.384,0.615,0,0,0.001,4114,0.436,0.336,0.664,0,5066,0.498,0.349,0,0,0.648,0.003,4546,0.447
Vermont,Orleans,Vermont,190,0.135,0.807,0,0.055,0.003,2168,0.422,0.21,0.79,0,0,0,2407,0.468,0.236,0.754,0,0,0.009,2030,0.304,0.188,0.812,0,3329,0.463,0.186,0,0,0.814,0,2780,0.386
Vermont,Rutland,Vermont,210,0.238,0.738,0,0.02,0.004,5665,0.562,0.206,0.794,0,0,0,4009,0.398,0.293,0.707,0,0,0,3084,0.236,0.206,0.794,0,6046,0.429,0.296,0,0,0.702,0,3529,0.25
Vermont,Washington,Vermont,230,0.288,0.701,0,0.01,0.001,4197,0.536,0.346,0.654,0,0,0,4550,0.581,0.343,0.657,0,0,0,4013,0.394,0.299,0.701,0,5185,0.473,0.347,0,0,0.653,0,4077,0.372
Vermont,Windham,Vermont,250,0.098,0.797,0,0.101,0.004,4683,0.589,0.135,0.865,0,0,0,3620,0.455,0.273,0.727,0,0,0,3956,0.383,0.228,0.772,0,5415,0.487,0.254,0,0,0.744,0.002,3973,0.357
Vermont,Windsor,Vermont,270,0.142,0.809,0,0.044,0.004,6564,0.613,0.163,0.837,0,0,0,4986,0.465,0.208,0.791,0,0,0,5090,0.366,0.17,0.83,0,7766,0.518,0.192,0,0,0.806,0.002,5399,0.36
Virginia,Accomack,Virginia,10,0.052,0,0.475,0.474,0,1553,0.605,,,,,,,,,,,,,,,,,,,,,,,,,,
Virginia,Albemarle,Virginia,30,0.039,0,0.428,0.533,0,2470,0.812,,,,,,,,,,,,,,,,,,,,,,,,,,
Virginia,Alexandria City,Virginia,5100,0.088,0.001,0.331,0.58,0,1570,,,,,,,,,,,,,,,,,,,,,,,,,,,
Virginia,Alleghany,Virginia,50,0.059,0,0.545,0.396,0,631,0.335,,,,,,,,,,,,,,,,,,,,,,,,,,
Virginia,Amelia,Virginia,70,0.057,0,0.442,0.501,0,563,0.754,,,,,,,,,,,,,,,,,,,,,,,,,,
Virginia,Amherst,Virginia,90,0.018,0,0.555,0.427,0,1456,0.833,,,,,,,,,,,,,,,,,,,,,,,,,,
Virginia,Appomattox,Virginia,110,0.013,0,0.709,0.278,0,794,0.816,,,,,,,,,,,,,,,,,,,,,,,,,,
Virginia,Arlington/Alexand,Virginia,130,0.018,0.085,0.28,0.616,0,164,0.066,,,,,,,,,,,,,,,,,,,,,,,,,,
Virginia,Augusta,Virginia,150,0.283,0,0.056,0.661,0,3865,0.734,,,,,,,,,,,,,,,,,,,,,,,,,,
Virginia,Barbour,West Virginia,155,0.028,0.002,0.662,0.307,0,1374,0.722,,,,,,,,0,0,0,1,0,749,,0.331,0.669,0,886,,0,0,0,0.805,0.195,543,
Virginia,Bath,Virginia,170,0.054,0,0.402,0.543,0,405,0.625,,,,,,,,,,,,,,,,,,,,,,,,,,
Virginia,Bedford,Virginia,190,0.035,0,0.399,0.565,0,2596,0.762,,,,,,,,,,,,,,,,,,,,,,,,,,
Virginia,Berkeley,West Virginia,195,0.057,0,0.449,0.494,0,1849,0.738,,,,,,,,,,,,,,,0,1,0,726,,0,0,0,0.995,0.005,402,
Virginia,Boone,West Virginia,215,0.061,0,0.59,0.35,0,346,0.345,,,,,,,,0,0,0,1,0,44,,,,,,,,,,,,,
Virginia,Botetourt,Virginia,230,0.129,0,0.435,0.436,0,1353,0.716,,,,,,,,,,,,,,,,,,,,,,,,,,
Virginia,Braxton,West Virginia,235,0.084,0,0.415,0.501,0,547,0.516,,,,,,,,,,,,,,,,,,,,,,,,,,
Virginia,Brooke,West Virginia,245,0.087,0.198,0.516,0.198,0,872,0.676,,,,,,,,0,0,0,1,0,463,,0.464,0.536,0,865,,0,0,0,0.734,0.266,571,
Virginia,Brunswick,Virginia,250,0.154,0,0.499,0.346,0,889,0.722,,,,,,,,,,,,,,,,,,,,,,,,,,
Virginia,Buchanan,Virginia,270,0.114,0,0.802,0.084,0,167,0.313,,,,,,,,,,,,,,,,,,,,,,,,,,
Virginia,Buckingham,Virginia,290,0.02,0,0.48,0.5,0,1089,0.758,,,,,,,,,,,,,,,,,,,,,,,,,,
Virginia,Cabell,West Virginia,295,0.46,0,0.182,0.357,0,884,0.531,,,,,,,,0,0,0,1,0,328,,0,1,0,191,,0,0,0,0.641,0.359,198,
Virginia,Calhoun,West Virginia,305,0.003,0,0.934,0.062,0,305,0.61,,,,,,,,,,,,,,,,,,,,,,,,,,
Virginia,Campbell,Virginia,310,0.051,0,0.42,0.529,0,2875,0.804,,,,,,,,,,,,,,,,,,,,,,,,,,
Virginia,Caroline,Virginia,330,0.013,0,0.571,0.415,0,1351,0.829,,,,,,,,,,,,,,,,,,,,,,,,,,
Virginia,Carroll,Virginia,350,0.01,0,0.691,0.299,0,1055,0.687,,,,,,,,,,,,,,,,,,,,,,,,,,
Virginia,Charles City,Virginia,360,0.026,0,0.323,0.651,0,344,0.746,,,,,,,,,,,,,,,,,,,,,,,,,,
Virginia,Charlotte,Virginia,370,0.028,0,0.512,0.46,0,908,0.718,,,,,,,,,,,,,,,,,,,,,,,,,,
Virginia,Chesterfield,Virginia,410,0.345,0,0.192,0.462,0,1704,0.717,,,,,,,,,,,,,,,,,,,,,,,,,,
Virginia,Clarke,Virginia,430,0.073,0,0.499,0.429,0,672,0.805,,,,,,,,,,,,,,,,,,,,,,,,,,
Virginia,Clay,West Virginia,435,0,0,0.237,0.763,0,156,0.443,,,,,,,,0,0,0,1,0,49,,0,1,0,73,,0,0,0,0.682,0.318,66,
Virginia,Craig,Virginia,450,0.005,0,0.739,0.257,0,436,0.633,,,,,,,,,,,,,,,,,,,,,,,,,,
Virginia,Culpeper,Virginia,470,0.018,0,0.491,0.492,0,1070,0.859,,,,,,,,,,,,,,,,,,,,,,,,,,
Virginia,Cumberland,Virginia,490,0.063,0,0.467,0.47,0,591,0.77,,,,,,,,,,,,,,,,,,,,,,,,,,
Virginia,Dinwiddie,Virginia,530,0.222,0,0.308,0.471,0,826,0.224,,,,,,,,,,,,,,,,,,,,,,,,,,
Virginia,Doddridge,West Virginia,535,0.154,0,0.603,0.242,0,590,0.541,,,,,,,,0,0,0,1,0,617,,0.404,0.596,0,848,,0,0,0,0.536,0.464,466,
Virginia,Elizabeth City,Virginia,550,0.055,0,0.376,0.569,0,436,0.431,,,,,,,,,,,,,,,,,,,,,,,,,,
Virginia,Essex,Virginia,570,0.007,0,0.521,0.472,0,591,0.725,,,,,,,,,,,,,,,,,,,,,,,,,,
Virginia,Fairfax,Virginia,590,0.061,0.016,0.459,0.463,0,1491,0.708,,,,,,,,,,,,,,,,,,,,,,,,,,
Virginia,Fauquier,Virginia,610,0.021,0.001,0.553,0.425,0,1856,0.714,,,,,,,,,,,,,,,,,,,,,,,,,,
Virginia,Fayette,West Virginia,615,0.095,0,0.351,0.555,0,687,0.522,,,,,,,,0,0,0,1,0,74,,,,,,,,,,0.822,0.178,45,
Virginia,Floyd,Virginia,630,0.043,0,0.488,0.469,0,819,0.526,,,,,,,,,,,,,,,,,,,,,,,,,,
Virginia,Fluvanna,Virginia,650,0.007,0,0.473,0.52,0,937,0.764,,,,,,,,,,,,,,,,,,,,,,,,,,
Virginia,Franklin,Virginia,670,0.064,0,0.519,0.417,0,2072,0.681,,,,,,,,,,,,,,,,,,,,,,,,,,
Virginia,Frederick,Virginia,690,0.028,0,0.561,0.411,0,2344,0.76,,,,,,,,,,,,,,,,,,,,,,,,,,
Virginia,Giles,Virginia,710,0.094,0,0.363,0.544,0,673,0.517,,,,,,,,,,,,,,,,,,,,,,,,,,
Virginia,Gilmer,West Virginia,715,0.066,0,0.65,0.284,0,412,0.541,,,,,,,,,,,,,,,0.568,0.432,0,565,,0,0,0,0.97,0.03,202,
Virginia,Gloucester,Virginia,730,0,0,0.604,0.396,0,761,0.707,,,,,,,,,,,,,,,,,,,,,,,,,,
Virginia,Goochland,Virginia,750,0.052,0,0.604,0.344,0,709,0.766,,,,,,,,,,,,,,,,,,,,,,,,,,
Virginia,Grayson,Virginia,770,0.021,0,0.575,0.405,0,778,0.474,,,,,,,,,,,,,,,,,,,,,,,,,,
Virginia,Greenbrier,West Virginia,775,0.011,0,0.334,0.656,0,1514,0.583,,,,,,,,,,,,,,,,,,,,,,,,,,
Virginia,Greene,Virginia,790,0.017,0,0.861,0.122,0,605,0.852,,,,,,,,,,,,,,,,,,,,,,,,,,
Virginia,Greensville,Virginia,810,0.124,0,0.456,0.42,0,331,0.749,,,,,,,,,,,,,,,,,,,,,,,,,,
Virginia,Halifax,Virginia,830,0.069,0,0.652,0.28,0,2013,0.769,,,,,,,,,,,,,,,,,,,,,,,,,,
Virginia,Hampshire,West Virginia,835,0.037,0,0.525,0.437,0,2007,0.66,,,,,,,,0,0,0,1,0,139,,0.041,0.959,0,170,,0,0,0,0.843,0.157,198,
Virginia,Hancock,West Virginia,845,0.134,0.401,0.413,0.052,0,634,0.603,,,,,,,,0,0,0,1,0,352,,0.412,0.588,0,721,,0,0,0,0.856,0.144,353,
Virginia,Hanover,Virginia,850,0.02,0,0.554,0.426,0,1351,0.756,,,,,,,,,,,,,,,,,,,,,,,,,,
Virginia,Hardy,West Virginia,855,0.056,0,0.268,0.676,0,1323,0.678,,,,,,,,0,0,0,1,0,138,,0,1,0,254,,0,0,0,0.993,0.007,144,
Virginia,Harrison,West Virginia,865,0.048,0,0.534,0.418,0,2229,0.736,,,,,,,,0,0,0,1,0,1265,,0.395,0.605,0,2186,,0,0,0,0.672,0.328,1491,
Virginia,Henrico,Virginia,870,0.085,0,0.287,0.628,0,2233,0.209,,,,,,,,,,,,,,,,,,,,,,,,,,
Virginia,Henry,Virginia,890,0.056,0,0.424,0.519,0,1046,0.668,,,,,,,,,,,,,,,,,,,,,,,,,,
Virginia,Highland,Virginia,910,0.398,0,0.266,0.336,0,640,0.682,,,,,,,,,,,,,,,,,,,,,,,,,,
Virginia,Isle Of Wight,Virginia,930,0.021,0,0.82,0.159,0,923,0.796,,,,,,,,,,,,,,,,,,,,,,,,,,
Virginia,Jackson,West Virginia,935,0.064,0,0.527,0.409,0,949,0.534,,,,,,,,0,0,0,1,0,691,,0.219,0.781,0,869,,0,0,0,0.744,0.256,543,
Virginia,James City,Virginia,950,0.023,0,0.282,0.695,0,213,0.346,,,,,,,,,,,,,,,,,,,,,,,,,,
Virginia,Jefferson,West Virginia,955,0.237,0,0.247,0.516,0,1857,0.783,,,,,,,,,,,,,,,0.108,0.892,0,195,,0,0,0,1,0,258,
Virginia,Kanawha,West Virginia,965,0.03,0,0.295,0.675,0,1741,0.559,,,,,,,,0,0,0,1,0,1301,,0.018,0.982,0,1447,,0,0,0,0.7,0.3,1055,
Virginia,King And Queen,Virginia,970,0.003,0,0.665,0.332,0,767,0.833,,,,,,,,,,,,,,,,,,,,,,,,,,
Virginia,King George,Virginia,990,0.083,0,0.502,0.414,0,444,0.768,,,,,,,,,,,,,,,,,,,,,,,,,,
Virginia,King William,Virginia,1010,0.017,0,0.677,0.305,0,465,0.688,,,,,,,,,,,,,,,,,,,,,,,,,,
Virginia,Lancaster,Virginia,1030,0.033,0,0.391,0.576,0,363,0.733,,,,,,,,,,,,,,,,,,,,,,,,,,
Virginia,Lee,Virginia,1050,0.007,0,0.654,0.338,0,1366,0.659,,,,,,,,,,,,,,,,,,,,,,,,,,
Virginia,Lewis,West Virginia,1055,0.209,0,0.511,0.281,0,1183,0.665,,,,,,,,0,0,0,1,0,569,,0.406,0.594,0,1092,,0,0,0,0.529,0.471,590,
Virginia,Logan,West Virginia,1065,0.016,0,0.719,0.265,0,377,0.384,,,,,,,,,,,,,,,,,,,,,,,,,,
Virginia,Loudoun,Virginia,1070,0.041,0.004,0.264,0.691,0,2942,0.813,,,,,,,,,,,,,,,,,,,,,,,,,,
Virginia,Louisa,Virginia,1090,0.002,0,0.601,0.397,0,1254,0.828,,,,,,,,,,,,,,,,,,,,,,,,,,
Virginia,Lunenburg,Virginia,1110,0.04,0,0.651,0.31,0,810,0.73,,,,,,,,,,,,,,,,,,,,,,,,,,
Virginia,Madison,Virginia,1130,0.022,0,0.899,0.08,0,928,0.908,,,,,,,,,,,,,,,,,,,,,,,,,,
Virginia,Marion,West Virginia,1141,0.067,0,0.654,0.278,0,2044,0.756,,,,,,,,0,0,0,1,0,1052,,0.321,0.679,0,1593,,0,0,0,0.882,0.118,908,
Virginia,Marshall,West Virginia,1145,0.053,0.096,0.397,0.455,0,2040,0.719,,,,,,,,0,0,0,1,0,1352,,0.344,0.656,0,2240,,0,0,0,0.763,0.237,1255,
Virginia,Mason,West Virginia,1148,0.197,0.039,0.291,0.474,0,1511,0.759,,,,,,,,0,0,0,1,0,1304,,0.212,0.788,0,1708,,0,0,0,0.549,0.451,1210,
Virginia,Mathews,Virginia,1150,0,0,0.549,0.451,0,557,0.655,,,,,,,,,,,,,,,,,,,,,,,,,,
Virginia,Mcdowell,West Virginia,1155,0,0,0.514,0.486,0,72,0.243,,,,,,,,,,,,,,,,,,,,,,,,,,
Virginia,Mecklenburg,Virginia,1170,0.045,0,0.646,0.308,0,1394,0.803,,,,,,,,,,,,,,,,,,,,,,,,,,
Virginia,Mercer,West Virginia,1175,0.015,0,0.486,0.499,0,888,0.661,,,,,,,,,,,,,,,,,,,,,,,,,,
Virginia,Middlesex,Virginia,1190,0,0,0.615,0.385,0,392,0.818,,,,,,,,,,,,,,,,,,,,,,,,,,
Virginia,Monongalia,West Virginia,1195,0.368,0.037,0.292,0.302,0,2057,0.743,,,,,,,,0,0,0,1,0,1246,,0.348,0.652,0,2026,,0,0,0,0.925,0.075,982,
Virginia,Monroe,West Virginia,1205,0.064,0,0.401,0.535,0,1296,0.598,,,,,,,,,,,,,,,,,,,,,,,,,,
Virginia,Montgomery,Virginia,1210,0.061,0,0.351,0.588,0,1211,0.644,,,,,,,,,,,,,,,,,,,,,,,,,,
Virginia,Morgan,West Virginia,1215,0.034,0,0.436,0.529,0,582,0.695,,,,,,,,0,0,0,1,0,160,,0,1,0,265,,0,0,0,0.954,0.046,217,
Virginia,Nansemond,Virginia,1230,0.001,0,0.473,0.526,0,907,0.678,,,,,,,,,,,,,,,,,,,,,,,,,,
Virginia,Nelson,Virginia,1250,0.091,0,0.316,0.594,0,1235,0.786,,,,,,,,,,,,,,,,,,,,,,,,,,
Virginia,New Kent,Virginia,1270,0.005,0,0.393,0.603,0,438,0.73,,,,,,,,,,,,,,,,,,,,,,,,,,
Virginia,Nicholas,West Virginia,1275,0.088,0,0.279,0.633,0,545,0.532,,,,,,,,,,,,,,,0,1,0,143,,0,0,0,,,,
Virginia,Norfolk,Virginia,1290,0.043,0,0.372,0.585,0,1203,0.193,,,,,,,,,,,,,,,,,,,,,,,,,,
Virginia,Norfolk City,Virginia,7100,0.141,0,0.265,0.594,0,1656,,,,,,,,,,,,,,,,,,,,,,,,,,,
Virginia,Northampton,Virginia,1310,0.013,0,0.471,0.515,0,454,0.611,,,,,,,,,,,,,,,,,,,,,,,,,,
Virginia,Northumberland,Virginia,1330,0.002,0,0.558,0.44,0,627,0.696,,,,,,,,,,,,,,,,,,,,,,,,,,
Virginia,Nottoway,Virginia,1350,0.064,0,0.408,0.528,0,439,0.744,,,,,,,,,,,,,,,,,,,,,,,,,,
Virginia,Ohio,West Virginia,1355,0.199,0.214,0.254,0.334,0,3604,0.693,,,,,,,,0,0,0,1,0,1219,,0.484,0.516,0,4146,,0,0,0,0.536,0.464,3374,
Virginia,Orange,Virginia,1370,0.013,0,0.52,0.467,0,914,0.815,,,,,,,,,,,,,,,,,,,,,,,,,,
Virginia,Page,Virginia,1390,0.065,0,0.813,0.122,0,1153,0.799,,,,,,,,,,,,,,,,,,,,,,,,,,
Virginia,Patrick,Virginia,1410,0.075,0,0.462,0.463,0,935,0.594,,,,,,,,,,,,,,,,,,,,,,,,,,
Virginia,Pendleton,West Virginia,1415,0.177,0,0.289,0.533,0,750,0.574,,,,,,,,0,0,0,1,0,212,,0,1,0,211,,0,0,0,,,,
Virginia,Petersburg,Virginia,7300,0.339,0,0.123,0.537,0,1806,,,,,,,,,,,,,,,,,,,,,,,,,,,
Virginia,Pittsylvania,Virginia,1430,0.06,0,0.36,0.58,0,2937,0.719,,,,,,,,,,,,,,,,,,,,,,,,,,
Virginia,Pleasants,West Virginia,1435,0.28,0,0.391,0.329,0,425,0.634,,,,,,,,0,0,0,1,0,184,,0.446,0.554,0,482,,0,0,0,0.437,0.563,206,
Virginia,Pocahontas,West Virginia,1445,0.057,0,0.633,0.31,0,526,0.589,,,,,,,,0,0,0,1,0,55,,,,,,,,,,1,0,18,
Virginia,Portsmouth,Virginia,7400,0.147,0.003,0.384,0.466,0,1455,,,,,,,,,,,,,,,,,,,,,,,,,,,
Virginia,Powhatan,Virginia,1450,0.254,0,0.269,0.477,0,472,0.789,,,,,,,,,,,,,,,,,,,,,,,,,,
Virginia,Preston,West Virginia,1455,0.129,0.059,0.508,0.303,0,1853,0.643,,,,,,,,0,0,0,1,0,1352,,0.259,0.741,0,2176,,0,0,0,0.595,0.405,1320,
Virginia,Prince Edward,Virginia,1470,0.075,0,0.491,0.434,0,862,0.806,,,,,,,,,,,,,,,,,,,,,,,,,,
Virginia,Prince George,Virginia,1490,0.225,0,0.341,0.434,0,560,0.724,,,,,,,,,,,,,,,,,,,,,,,,,,
Virginia,Prince William,Virginia,1530,0.025,0.053,0.689,0.233,0,1042,0.745,,,,,,,,,,,,,,,,,,,,,,,,,,
Virginia,Princess Anne,Virginia,1510,0.019,0,0.448,0.533,0,846,0.778,,,,,,,,,,,,,,,,,,,,,,,,,,
Virginia,Pulaski,Virginia,1550,0.009,0,0.426,0.566,0,587,0.691,,,,,,,,,,,,,,,,,,,,,,,,,,
Virginia,Putnam,West Virginia,1555,0.05,0,0.427,0.523,0,765,0.593,,,,,,,,0,0,0,1,0,316,,0.244,0.756,0,447,,0,0,0,0.687,0.313,316,
Virginia,Raleigh,West Virginia,1565,0.045,0,0.22,0.735,0,313,0.45,,,,,,,,,,,,,,,0,1,0,65,,0,0,0,,,,
Virginia,Randolph,West Virginia,1567,0.222,0,0.377,0.402,0,645,0.578,,,,,,,,0,0,0,1,0,255,,0.22,0.78,0,227,,0,0,0,0.954,0.046,263,
Virginia,Rappahannock,Virginia,1570,0.031,0,0.44,0.529,0,929,0.735,,,,,,,,,,,,,,,,,,,,,,,,,,
Virginia,Richmond,Virginia,1590,0.011,0,0.34,0.649,0,544,0.64,,,,,,,,,,,,,,,,,,,,,,,,,,
Virginia,Richmond City,Virginia,7600,0.174,0,0.27,0.556,0,4322,,,,,,,,,,,,,,,,,,,,,,,,,,,
Virginia,Ritchie,West Virginia,1595,0.086,0.014,0.638,0.263,0,853,0.582,,,,,,,,0,0,0,1,0,770,,0.243,0.757,0,889,,0,0,0,0.639,0.361,648,
Virginia,Roane,West Virginia,1605,0.031,0,0.511,0.458,0,517,0.476,,,,,,,,0,0,0,1,0,215,,0.101,0.899,0,306,,0,0,0,0.881,0.119,135,
Virginia,Roanoke,Virginia,1610,0.072,0,0.519,0.408,0,718,0.577,,,,,,,,,,,,,,,,,,,,,,,,,,
Virginia,Rockbridge,Virginia,1630,0.287,0,0.162,0.551,0,2233,0.722,,,,,,,,,,,,,,,,,,,,,,,,,,
Virginia,Rockingham,Virginia,1650,0.465,0,0.232,0.303,0,2913,0.621,,,,,,,,,,,,,,,,,,,,,,,,,,
Virginia,Russell,Virginia,1670,0.033,0,0.509,0.458,0,1033,0.567,,,,,,,,,,,,,,,,,,,,,,,,,,
Virginia,Scott,Virginia,1690,0.077,0,0.505,0.418,0,1176,0.505,,,,,,,,,,,,,,,,,,,,,,,,,,
Virginia,Shenandoah,Virginia,1710,0.068,0.005,0.755,0.171,0,2493,0.845,,,,,,,,,,,,,,,,,,,,,,,,,,
Virginia,Smyth,Virginia,1730,0.049,0,0.501,0.45,0,991,0.578,,,,,,,,,,,,,,,,,,,,,,,,,,
Virginia,Southampton,Virginia,1750,0.008,0,0.504,0.488,0,1117,0.808,,,,,,,,,,,,,,,,,,,,,,,,,,
Virginia,Spotsylvania,Virginia,1770,0.187,0,0.376,0.437,0,1372,0.731,,,,,,,,,,,,,,,,,,,,,,,,,,
Virginia,Stafford,Virginia,1790,0.17,0,0.414,0.416,0,971,0.802,,,,,,,,,,,,,,,,,,,,,,,,,,
Virginia,Surry,Virginia,1810,0.15,0,0.313,0.537,0,367,0.646,,,,,,,,,,,,,,,,,,,,,,,,,,
Virginia,Sussex,Virginia,1830,0.169,0,0.519,0.312,0,567,0.761,,,,,,,,,,,,,,,,,,,,,,,,,,
Virginia,Taylor,West Virginia,1835,0.021,0,0.461,0.518,0,1248,0.759,,,,,,,,0,0,0,1,0,822,,0.308,0.692,0,1134,,0,0,0,0.795,0.205,746,
Virginia,Tazewell,Virginia,1850,0,0,0.753,0.247,0,1240,0.668,,,,,,,,,,,,,,,,,,,,,,,,,,
Virginia,Tucker,West Virginia,1855,0.16,0,0.687,0.153,0,144,0.509,,,,,,,,,,,,,,,0.391,0.609,0,92,,0,0,0,,,,
Virginia,Tyler,West Virginia,1859,0.211,0,0.452,0.337,0,935,0.653,,,,,,,,0,0,0,1,0,660,,0.311,0.689,0,1029,,0,0,0,0.624,0.376,532,
Virginia,Upshur,West Virginia,1865,0.055,0.01,0.599,0.336,0,984,0.643,,,,,,,,,,,,,,,0.068,0.932,0,879,,0,0,0,0.986,0.014,705,
Virginia,Warren,Virginia,1870,0.016,0,0.616,0.368,0,750,0.73,,,,,,,,,,,,,,,,,,,,,,,,,,
Virginia,Warwick,Virginia,1875,0,0,0.308,0.692,0,104,0.553,,,,,,,,,,,,,,,,,,,,,,,,,,
Virginia,Washington,Virginia,1910,0.026,0,0.548,0.426,0,2150,0.704,,,,,,,,,,,,,,,,,,,,,,,,,,
Virginia,Wayne,West Virginia,1915,0.14,0.017,0.284,0.558,0,584,0.43,,,,,,,,0,0,0,1,0,608,,0,1,0,76,,0,0,0,1,0,94,
Virginia,Webster,West Virginia,1925,0.041,0,0.423,0.537,0,123,0.369,,,,,,,,,,,,,,,,,,,,,,,,,,
Virginia,Westmoreland,Virginia,1930,0.007,0,0.266,0.728,0,602,0.716,,,,,,,,,,,,,,,,,,,,,,,,,,
Virginia,Wetzel,West Virginia,1935,0.179,0.007,0.709,0.105,0,856,0.594,,,,,,,,,,,,,,,0.7,0.3,0,1096,,0,0,0,0.22,0.78,533,
Virginia,Williamsburg,Virginia,8300,0.207,0,0.371,0.422,0,116,,,,,,,,,,,,,,,,,,,,,,,,,,,
Virginia,Wirt,West Virginia,1945,0.038,0,0.606,0.356,0,421,0.528,,,,,,,,0,0,0,1,0,322,,0.443,0.557,0,472,,0,0,0,0.529,0.471,329,
Virginia,Wise,Virginia,1950,0.017,0,0.767,0.216,0,473,0.537,,,,,,,,,,,,,,,,,,,,,,,,,,
Virginia,Wood,West Virginia,1955,0.031,0.045,0.462,0.462,0,1801,0.737,,,,,,,,0,0,0,1,0,898,,0.283,0.717,0,2087,,0,0,0,0.855,0.145,963,
Virginia,Wyoming,West Virginia,1965,0.092,0,0.296,0.612,0,98,0.178,,,,,,,,,,,,,,,,,,,,,,,,,,
Virginia,Wythe,Virginia,1970,0.015,0,0.554,0.43,0,1434,0.648,,,,,,,,,,,,,,,,,,,,,,,,,,
Virginia,York,Virginia,1990,0.009,0,0.281,0.709,0,320,0.572,,,,,,,,,,,,,,,,,,,,,,,,,,
Wisconsin,Adams,Wisconsin,10,0.259,0.737,0,0,0.004,1145,0.73,0.266,0.734,0,0,0,1144,0.73,0.123,0.877,0,0,0,722,0.387,0.276,0.724,0,803,0.371,0.281,0.719,0,0,0,798,0.369
Wisconsin,Ashland,Wisconsin,30,0.478,0.522,0,0,0,67,0.462,0.485,0.515,0,0,0,68,0.469,1,0,0,0,0,40,,0.674,0.326,0,43,,0.302,0.698,0,0,0,43,
Wisconsin,Brown,Wisconsin,90,0.587,0.413,0,0,0,2112,0.725,0.586,0.414,0,0,0,2121,0.728,0.812,0.188,0,0,0,1817,0.589,0.638,0.362,0,2016,0.619,0.634,0.366,0,0,0,2019,0.62
Wisconsin,Buffalo,Wisconsin,110,0.291,0.706,0,0,0.003,650,0.595,0.384,0.616,0,0,0,644,0.59,0.527,0.473,0,0,0,429,,0.322,0.678,0,881,,0.314,0.686,0,0,0,883,
Wisconsin,Burnett,Wisconsin,130,,,,,,,,,,,,,,,,,,,,,,,,,0,,,,,,,,
Wisconsin,Calumet,Wisconsin,150,0.461,0.539,0,0,0,1311,0.721,0.458,0.542,0,0,0,1298,0.714,0.637,0.363,0,0,0,1170,0.558,0.618,0.382,0,1162,0.49,0.614,0.386,0,0,0,1162,0.49
Wisconsin,Chippewa,Wisconsin,170,0.485,0.515,0,0,0,497,0.666,0.48,0.52,0,0,0,498,0.668,0.591,0.409,0,0,0,457,0.561,0.588,0.412,0,498,0.563,0.587,0.413,0,0,0,499,0.564
Wisconsin,Clark,Wisconsin,190,0.368,0.628,0,0,0.004,242,0.938,0.371,0.629,0,0,0,240,0.93,0.505,0.495,0,0,0,192,,0.219,0.781,0,219,,0.218,0.782,0,0,0,220,
Wisconsin,Columbia,Wisconsin,210,0.322,0.676,0,0,0.001,5007,0.784,0.32,0.68,0,0,0,5005,0.783,0.425,0.575,0,0,0,3942,0.554,0.359,0.641,0,4135,0.528,0.358,0.642,0,0,0,4143,0.529
Wisconsin,Crawford,Wisconsin,230,0.499,0.497,0,0,0.004,1666,0.832,0.501,0.499,0,0,0,1669,0.834,0.39,0.61,0,0,0,1041,0.465,0.525,0.475,0,1497,0.604,0.525,0.475,0,0,0,1492,0.602
Wisconsin,Dane,Wisconsin,250,0.463,0.532,0,0,0.005,9015,0.798,0.467,0.533,0,0,0,9007,0.797,0.537,0.463,0,0,0,7854,0.619,0.487,0.513,0,7829,0.557,0.488,0.512,0,0,0,7837,0.557
Wisconsin,Dodge,Wisconsin,270,0.501,0.494,0,0,0.005,8899,0.827,0.499,0.501,0,0,0,8882,0.826,0.38,0.62,0,0,0,7353,0.618,0.593,0.407,0,7924,0.607,0.597,0.403,0,0,0,8017,0.614
Wisconsin,Door,Wisconsin,290,0.33,0.67,0,0,0,373,0.506,0.297,0.703,0,0,0,370,0.502,0.31,0.69,0,0,0,303,,0.227,0.773,0,331,,0.183,0.817,0,0,0,328,
Wisconsin,Douglas,Wisconsin,310,0.431,0.458,0,0,0.111,153,0.584,,,0,0,0,,,0,0.371,0,0,0,116,,0.644,0.356,0,104,,0.709,0.291,0,0,0,103,
Wisconsin,Dunn,Wisconsin,330,0.373,0.617,0,0,0.01,914,0.87,0.4,0.6,0,0,0,911,0.868,0.536,0.464,0,0,0,563,,0.332,0.668,0,757,,0.333,0.667,0,0,0,757,
Wisconsin,Eau Claire,Wisconsin,350,0.401,0.575,0,0,0.023,852,0.751,0.428,0.572,0,0,0,848,0.748,0.534,0.466,0,0,0,638,,0.413,0.587,0,877,,0.412,0.588,0,0,0,883,
Wisconsin,Fond Du Lac,Wisconsin,390,0.421,0.577,0,0,0.002,7122,0.825,0.421,0.579,0,0,0,7109,0.823,0.514,0.486,0,0,0,6608,0.691,0.487,0.513,0,6789,0.647,0.488,0.512,0,0,0,6792,0.648
Wisconsin,Grant,Wisconsin,430,0.347,0.647,0,0,0.006,5534,0.711,0.352,0.648,0,0,0,5514,0.708,0.566,0.434,0,0,0,4378,0.517,0.325,0.675,0,4808,0.525,0.323,0.677,0,0,0,4799,0.524
Wisconsin,Green,Wisconsin,450,0.357,0.64,0,0,0.003,3706,0.767,0.361,0.639,0,0,0,3709,0.768,0.598,0.402,0,0,0,2850,0.529,0.354,0.646,0,3124,0.525,0.355,0.645,0,0,0,3125,0.526
Wisconsin,Green Lake,Wisconsin,470,0.264,0.73,0,0,0.006,2682,0.812,0.263,0.737,0,0,0,2677,0.811,0.404,0.596,0,0,0,1980,,0.261,0.739,0,1949,,0.261,0.739,0,0,0,1956,
Wisconsin,Iowa,Wisconsin,490,0.447,0.54,0,0,0.014,3538,0.786,0.437,0.563,0,0,0,3730,0.829,0.449,0.551,0,0,0,3038,0.619,0.526,0.474,0,2706,0.509,0.523,0.477,0,0,0,2715,0.511
Wisconsin,Jackson,Wisconsin,530,0.24,0.76,0,0,0,861,0.669,0.288,0.712,0,0,0,858,0.667,0.403,0.597,0,0,0,690,,0.233,0.767,0,887,,0.233,0.767,0,0,0,885,
Wisconsin,Jefferson,Wisconsin,550,0.475,0.524,0,0,0.001,5876,0.791,0.469,0.531,0,0,0,5872,0.791,0.572,0.428,0,0,0,4832,0.598,0.56,0.44,0,4899,0.56,0.558,0.442,0,0,0,4907,0.561
Wisconsin,Juneau,Wisconsin,570,0.413,0.579,0,0,0.008,1784,0.788,0.419,0.581,0,0,0,1787,0.789,0.402,0.598,0,0,0,1581,,0.47,0.53,0,1463,,0.463,0.537,0,0,0,1474,
Wisconsin,Kenosha,Wisconsin,590,0.359,0.639,0,0,0.002,2561,0.714,0.36,0.64,0,0,0,2557,0.712,0.395,0.605,0,0,0,2168,0.58,0.4,0.6,0,2197,0.565,0.4,0.6,0,0,0,2203,0.567
Wisconsin,Kewaunee,Wisconsin,610,0.679,0.321,0,0,0,1014,0.665,0.707,0.293,0,0,0,1016,0.667,0.797,0.203,0,0,0,862,,0.827,0.173,0,910,,,,0,0,0,0,
Wisconsin,La Crosse,Wisconsin,630,0.329,0.635,0,0,0.036,2325,0.674,0.375,0.625,0,0,0,2301,0.667,0.63,0.37,0,0,0,1690,,0.371,0.629,0,2435,,0.372,0.628,0,0,0,2434,
Wisconsin,Lafayette,Wisconsin,650,0.514,0.47,0,0,0.015,3690,0.836,0.527,0.473,0,0,0,3676,0.833,0.387,0.613,0,0,0,2961,0.627,0.538,0.462,0,3183,0.632,0.539,0.461,0,0,0,3180,0.631
Wisconsin,Manitowoc,Wisconsin,710,0.487,0.511,0,0,0.003,3998,0.709,0.489,0.511,0,0,0,3986,0.707,0.611,0.389,0,0,0,3551,0.546,0.656,0.344,0,3427,0.465,0.655,0.345,0,0,0,3422,0.464
Wisconsin,Marathon,Wisconsin,730,0.682,0.311,0,0,0.007,705,0.728,0.642,0.358,0,0,0,701,0.723,0.27,0.73,0,0,0,552,0.507,0.795,0.205,0,663,0.549,0.706,0.294,0,0,0,657,0.544
Wisconsin,Marquette,Wisconsin,770,0.528,0.468,0,0,0.004,1669,0.82,0.506,0.494,0,0,0,1594,0.783,0.555,0.445,0,0,0,1246,0.642,0.597,0.403,0,1084,0.588,0.59,0.41,0,0,0,1098,0.595
Wisconsin,Milwaukee,Wisconsin,790,0.578,0.415,0,0,0.007,11634,0.733,0.581,0.419,0,0,0,11721,0.739,0.758,0.242,0,0,0,9426,0.545,0.684,0.316,0,10050,0.537,0.683,0.317,0,0,0,10058,0.538
Wisconsin,Monroe,Wisconsin,810,0.337,0.657,0,0,0.005,1870,0.831,0.345,0.655,0,0,0,1860,0.827,0.398,0.602,0,0,0,1606,,0.359,0.641,0,1810,,0.359,0.641,0,0,0,1823,
Wisconsin,Oconto,Wisconsin,830,0.323,0.676,0,0,0.001,885,0.615,0.297,0.703,0,0,0,832,0.579,0.447,0.553,0,0,0,524,,0.38,0.62,0,469,,0.367,0.633,0,0,0,461,
Wisconsin,Outagamie,Wisconsin,870,0.559,0.43,0,0,0.01,1934,0.791,0.568,0.432,0,0,0,1939,0.793,0.685,0.315,0,0,0,1615,,0.603,0.397,0,1640,,0.597,0.403,0,0,0,1639,
Wisconsin,Ozaukee,Wisconsin,890,0.742,0.255,0,0,0.003,2458,0.673,0.74,0.26,0,0,0,2456,0.672,0.087,0.913,0,0,0,2110,,0.894,0.106,0,2293,,0.893,0.107,0,0,0,2291,
Wisconsin,Pepin,Wisconsin,910,0.238,0.738,0,0,0.025,442,0.617,0.244,0.756,0,0,0,438,0.612,0.302,0.698,0,0,0,338,,0.304,0.696,0,392,,0.262,0.738,0,0,0,390,
Wisconsin,Pierce,Wisconsin,930,0.391,0.607,0,0,0.002,1050,0.749,0.402,0.598,0,0,0,1054,0.752,0.447,0.553,0,0,0,885,,0.332,0.668,0,982,,0.346,0.654,0,0,0,944,
Wisconsin,Polk,Wisconsin,950,0.365,0.596,0,0,0.039,334,0.801,0.42,0.58,0,0,0,333,0.799,0.209,0.791,0,0,0,215,,0.378,0.622,0,283,,0.375,0.625,0,0,0,283,
Wisconsin,Portage,Wisconsin,970,0.32,0.641,0,0,0.039,1472,0.722,0.31,0.69,0,0,0,1464,0.718,0.31,0.69,0,0,0,1159,0.498,0.306,0.694,0,1015,0.387,0.602,0.398,0,0,0,500,0.191
Wisconsin,Racine,Wisconsin,1010,0.385,0.611,0,0,0.004,4309,0.798,0.379,0.621,0,0,0,4304,0.797,0.455,0.545,0,0,0,3722,0.655,0.447,0.553,0,3678,0.616,0.446,0.554,0,0,0,3688,0.618
Wisconsin,Richland,Wisconsin,1030,0.393,0.591,0,0,0.015,1973,0.898,0.412,0.588,0,0,0,1979,0.901,0.562,0.438,0,0,0,1585,0.612,0.39,0.61,0,1672,0.561,0.349,0.651,0,0,0,1575,0.529
Wisconsin,Rock,Wisconsin,1050,0.267,0.723,0,0,0.01,7186,0.725,0.275,0.725,0,0,0,7154,0.722,0.313,0.687,0,0,0,5694,0.53,0.26,0.74,0,5900,0.51,0.26,0.74,0,0,0,5905,0.511
Wisconsin,Sauk,Wisconsin,1110,0.296,0.693,0,0,0.012,3333,0.71,0.308,0.692,0,0,0,3334,0.71,0.605,0.395,0,0,0,2759,0.512,0.322,0.678,0,3062,0.503,0.323,0.677,0,0,0,3063,0.503
Wisconsin,Shawano,Wisconsin,1150,0.412,0.588,0,0,0,277,1.164,0.507,0.493,0,0,0,276,1.16,0.454,0.546,0,0,0,262,,0.42,0.58,0,231,,0.296,0.704,0,0,0,230,
Wisconsin,Sheboygan,Wisconsin,1170,0.443,0.555,0,0,0.001,4917,0.765,0.45,0.55,0,0,0,4915,0.764,0.444,0.556,0,0,0,4390,0.605,0.527,0.473,0,4143,0.513,0.526,0.474,0,0,0,4139,0.513
Wisconsin,Soldier Vote,Wisconsin,9999,,,,,,,,,,,,,,,0.49,0.51,0,0,0,8790,,0.184,0.816,0,17841,,0.147,0.853,0,0,0,12919,
Wisconsin,St Croix,Wisconsin,1090,0.472,0.525,0,0,0.002,1264,0.837,0.484,0.516,0,0,0,1262,0.836,0.513,0.487,0,0,0,756,0.432,0.462,0.538,0,1105,0.555,0.462,0.538,0,0,0,1105,0.555
Wisconsin,Trempealeau,Wisconsin,1210,,,,,,,,,,,,,,,0.598,0.402,0,0,0,470,,0.185,0.815,0,703,,0.194,0.806,0,0,0,713,
Wisconsin,Vernon/Bad Ax,Wisconsin,1230,,,,,,,,,,,,,,,0.479,0.521,0,0,0,1279,,0.252,0.748,0,1788,,0.256,0.744,0,0,0,1787,
Wisconsin,Walworth,Wisconsin,1270,0.288,0.708,0,0,0.003,5519,0.803,0.285,0.715,0,0,0,5514,0.803,0.299,0.701,0,0,0,4464,0.612,0.257,0.743,0,4647,0.602,0.255,0.745,0,0,0,4661,0.603
Wisconsin,Washington,Wisconsin,1310,0.745,0.255,0,0,0,3687,0.675,0.737,0.263,0,0,0,3674,0.673,0.159,0.841,0,0,0,3505,0.629,0.815,0.185,0,3587,0.632,0.817,0.183,0,0,0,3568,0.629
Wisconsin,Waukesha,Wisconsin,1330,0.457,0.538,0,0,0.005,5612,0.822,0.459,0.541,0,0,0,5609,0.822,0.556,0.444,0,0,0,4529,0.635,0.522,0.478,0,4206,0.565,0.521,0.479,0,0,0,4224,0.568
Wisconsin,Waupaca,Wisconsin,1350,0.296,0.691,0,0,0.013,1940,0.858,0.3,0.7,0,0,0,1917,0.847,0.363,0.637,0,0,0,1632,,0.322,0.678,0,1680,,0.314,0.686,0,0,0,1686,
Wisconsin,Waushara,Wisconsin,1370,0.206,0.781,0,0,0.012,1963,0.885,0.225,0.775,0,0,0,1962,0.885,0.347,0.653,0,0,0,1443,,0.211,0.789,0,1335,,0.18,0.82,0,0,0,1345,
Wisconsin,Winnebago,Wisconsin,1390,0.364,0.632,0,0,0.004,5102,0.823,0.361,0.639,0,0,0,5087,0.82,0.427,0.573,0,0,0,3812,0.56,0.377,0.623,0,4698,0.634,0.379,0.621,0,0,0,4705,0.635
Wisconsin,Wood,Wisconsin,1410,0.417,0.502,0,0,0.08,721,0.8,0.411,0.589,0,0,0,720,0.799,0.06,0.94,0,0,0,481,,0.501,0.499,0,495,,0.474,0.526,0,0,0,496,
